source_top_folder	source_type	source_name	source_path	ref_kind	register_name
AccumulationRegisters	袪械谐懈褋褌褉袧邪泻芯锌谢械薪懈褟	袠袩袠薪褘械袦邪褌械褉懈邪谢褜薪褘械袪邪褋褏芯写褘	AccumulationRegisters/袠袩袠薪褘械袦邪褌械褉懈邪谢褜薪褘械袪邪褋褏芯写褘/Ext/ManagerModule.bsl	袛胁懈卸械薪懈褟	袠袩袠薪褘械袦邪褌械褉懈邪谢褜薪褘械袪邪褋褏芯写褘
AccumulationRegisters	袪械谐懈褋褌褉袧邪泻芯锌谢械薪懈褟	袠袩袦袩袟	AccumulationRegisters/袠袩袦袩袟/Ext/ManagerModule.bsl	袛胁懈卸械薪懈褟	袠袩袦袩袟
AccumulationRegisters	袪械谐懈褋褌褉袧邪泻芯锌谢械薪懈褟	袠袩袦袩袟袨斜芯褉芯褌褘	AccumulationRegisters/袠袩袦袩袟袨斜芯褉芯褌褘/Ext/ManagerModule.bsl	袛胁懈卸械薪懈褟	袠袩袦袩袟袨斜芯褉芯褌褘
AccumulationRegisters	袪械谐懈褋褌褉袧邪泻芯锌谢械薪懈褟	袧袛小袪邪蟹写械谢褜薪褘泄校褔械褌	AccumulationRegisters/袧袛小袪邪蟹写械谢褜薪褘泄校褔械褌/Ext/ManagerModule.bsl	袛胁懈卸械薪懈褟	小芯写械褉卸懈褌
AccumulationRegisters	袪械谐懈褋褌褉袧邪泻芯锌谢械薪懈褟	袨褋褌邪褌泻懈袗谢泻芯谐芯谢褜薪芯泄袩褉芯写褍泻褑懈懈袝袚袗袠小	AccumulationRegisters/袨褋褌邪褌泻懈袗谢泻芯谐芯谢褜薪芯泄袩褉芯写褍泻褑懈懈袝袚袗袠小/Ext/ManagerModule.bsl	袛胁懈卸械薪懈褟	袨褋褌邪褌泻懈袗谢泻芯谐芯谢褜薪芯泄袩褉芯写褍泻褑懈懈袝袚袗袠小
AccumulationRegisters	袪械谐懈褋褌褉袧邪泻芯锌谢械薪懈褟	袨褋褌邪褌泻懈袩邪褉褌懈泄袟袝袪袧袨	AccumulationRegisters/袨褋褌邪褌泻懈袩邪褉褌懈泄袟袝袪袧袨/Ext/ManagerModule.bsl	袛胁懈卸械薪懈褟	袨褋褌邪褌泻懈袩邪褉褌懈泄袟袝袪袧袨
AccumulationRegisters	袪械谐懈褋褌褉袧邪泻芯锌谢械薪懈褟	袨褋褌邪褌泻懈袩邪褉褌懈泄小袗孝校袪袧	AccumulationRegisters/袨褋褌邪褌泻懈袩邪褉褌懈泄小袗孝校袪袧/Ext/ManagerModule.bsl	袛胁懈卸械薪懈褟	袨褋褌邪褌泻懈袩邪褉褌懈泄小袗孝校袪袧
Catalogs	小锌褉邪胁芯褔薪懈泻	小褌邪褌褜懈袛胁懈卸械薪懈褟袛械薪械卸薪褘褏小褉械写褋褌胁	Catalogs/小褌邪褌褜懈袛胁懈卸械薪懈褟袛械薪械卸薪褘褏小褉械写褋褌胁/Ext/ManagerModule.bsl	袛胁懈卸械薪懈褟	小芯写械褉卸懈褌
CommonModules	袨斜褖懈泄袦芯写褍谢褜	袘褞写卸械褌袛芯褏芯写芯胁袪邪褋褏芯写芯胁	CommonModules/袘褞写卸械褌袛芯褏芯写芯胁袪邪褋褏芯写芯胁/Ext/Module.bsl	袛胁懈卸械薪懈褟	袘褞写卸械褌袛芯褏芯写褘
CommonModules	袨斜褖懈泄袦芯写褍谢褜	袘褞写卸械褌袛芯褏芯写芯胁袪邪褋褏芯写芯胁	CommonModules/袘褞写卸械褌袛芯褏芯写芯胁袪邪褋褏芯写芯胁/Ext/Module.bsl	袛胁懈卸械薪懈褟	袘褞写卸械褌袪邪褋褏芯写褘
CommonModules	袨斜褖懈泄袦芯写褍谢褜	袘褞写卸械褌袛芯褏芯写芯胁袪邪褋褏芯写芯胁	CommonModules/袘褞写卸械褌袛芯褏芯写芯胁袪邪褋褏芯写芯胁/Ext/Module.bsl	袛胁懈卸械薪懈褟	小褌褉褍泻褌褍褉邪袘褞写卸械褌邪袛芯褏芯写褘
CommonModules	袨斜褖懈泄袦芯写褍谢褜	袘褞写卸械褌袛芯褏芯写芯胁袪邪褋褏芯写芯胁	CommonModules/袘褞写卸械褌袛芯褏芯写芯胁袪邪褋褏芯写芯胁/Ext/Module.bsl	袛胁懈卸械薪懈褟	小褌褉褍泻褌褍褉邪袘褞写卸械褌邪袪邪褋褏芯写褘
CommonModules	袨斜褖懈泄袦芯写褍谢褜	袙蟹邪懈屑芯褉邪褋褔械褌褘小小芯褌褉褍写薪懈泻邪屑懈	CommonModules/袙蟹邪懈屑芯褉邪褋褔械褌褘小小芯褌褉褍写薪懈泻邪屑懈/Ext/Module.bsl	袛胁懈卸械薪懈褟	袘褍褏谐邪谢褌械褉褋泻懈械袙蟹邪懈屑芯褉邪褋褔械褌褘小小芯褌褉褍写薪懈泻邪屑懈
CommonModules	袨斜褖懈泄袦芯写褍谢褜	袙蟹邪懈屑芯褉邪褋褔械褌褘小小芯褌褉褍写薪懈泻邪屑懈	CommonModules/袙蟹邪懈屑芯褉邪褋褔械褌褘小小芯褌褉褍写薪懈泻邪屑懈/Ext/Module.bsl	袛胁懈卸械薪懈褟	袙蟹邪懈屑芯褉邪褋褔械褌褘小小芯褌褉褍写薪懈泻邪屑懈
CommonModules	袨斜褖懈泄袦芯写褍谢褜	袙蟹邪懈屑芯褉邪褋褔械褌褘小小芯褌褉褍写薪懈泻邪屑懈	CommonModules/袙蟹邪懈屑芯褉邪褋褔械褌褘小小芯褌褉褍写薪懈泻邪屑懈/Ext/Module.bsl	袛胁懈卸械薪懈褟	袟邪褉锌谢邪褌邪袣袙褘锌谢邪褌械
CommonModules	袨斜褖懈泄袦芯写褍谢褜	袙蟹邪懈屑芯褉邪褋褔械褌褘小小芯褌褉褍写薪懈泻邪屑懈	CommonModules/袙蟹邪懈屑芯褉邪褋褔械褌褘小小芯褌褉褍写薪懈泻邪屑懈/Ext/Module.bsl	袛胁懈卸械薪懈褟	袟邪褉锌谢邪褌邪袣袙褘锌谢邪褌械袗胁邪薪褋芯屑
CommonModules	袨斜褖懈泄袦芯写褍谢褜	袙蟹邪懈屑芯褉邪褋褔械褌褘小小芯褌褉褍写薪懈泻邪屑懈	CommonModules/袙蟹邪懈屑芯褉邪褋褔械褌褘小小芯褌褉褍写薪懈泻邪屑懈/Ext/Module.bsl	袛胁懈卸械薪懈褟	袨锌谢邪褌邪袙械写芯屑芯褋褌械泄袧邪袙褘锌谢邪褌褍袟邪褉锌谢邪褌褘
CommonModules	袨斜褖懈泄袦芯写褍谢褜	袙蟹邪懈屑芯褉邪褋褔械褌褘小小芯褌褉褍写薪懈泻邪屑懈袘邪蟹芯胁褘泄	CommonModules/袙蟹邪懈屑芯褉邪褋褔械褌褘小小芯褌褉褍写薪懈泻邪屑懈袘邪蟹芯胁褘泄/Ext/Module.bsl	袛胁懈卸械薪懈褟	袘褍褏谐邪谢褌械褉褋泻懈械袙蟹邪懈屑芯褉邪褋褔械褌褘小小芯褌褉褍写薪懈泻邪屑懈
CommonModules	袨斜褖懈泄袦芯写褍谢褜	袙蟹邪懈屑芯褉邪褋褔械褌褘小小芯褌褉褍写薪懈泻邪屑懈袘邪蟹芯胁褘泄	CommonModules/袙蟹邪懈屑芯褉邪褋褔械褌褘小小芯褌褉褍写薪懈泻邪屑懈袘邪蟹芯胁褘泄/Ext/Module.bsl	袛胁懈卸械薪懈褟	袙蟹邪懈屑芯褉邪褋褔械褌褘小小芯褌褉褍写薪懈泻邪屑懈
CommonModules	袨斜褖懈泄袦芯写褍谢褜	袙蟹邪懈屑芯褉邪褋褔械褌褘小小芯褌褉褍写薪懈泻邪屑懈袘邪蟹芯胁褘泄	CommonModules/袙蟹邪懈屑芯褉邪褋褔械褌褘小小芯褌褉褍写薪懈泻邪屑懈袘邪蟹芯胁褘泄/Ext/Module.bsl	袛胁懈卸械薪懈褟	袟邪褉锌谢邪褌邪袣袙褘锌谢邪褌械
CommonModules	袨斜褖懈泄袦芯写褍谢褜	袙蟹邪懈屑芯褉邪褋褔械褌褘小小芯褌褉褍写薪懈泻邪屑懈袘邪蟹芯胁褘泄	CommonModules/袙蟹邪懈屑芯褉邪褋褔械褌褘小小芯褌褉褍写薪懈泻邪屑懈袘邪蟹芯胁褘泄/Ext/Module.bsl	袛胁懈卸械薪懈褟	袟邪褉锌谢邪褌邪袣袙褘锌谢邪褌械袗胁邪薪褋芯屑
CommonModules	袨斜褖懈泄袦芯写褍谢褜	袙褘锌谢邪褌褘小邪屑芯蟹邪薪褟褌褘屑	CommonModules/袙褘锌谢邪褌褘小邪屑芯蟹邪薪褟褌褘屑/Ext/Module.bsl	袛胁懈卸械薪懈褟	袟邪写芯谢卸械薪薪芯褋褌褜小邪屑芯蟹邪薪褟褌褘褏袩芯袪械械褋褌褉褍
CommonModules	袨斜褖懈泄袦芯写褍谢褜	袙褘锌谢邪褌褘小邪屑芯蟹邪薪褟褌褘屑	CommonModules/袙褘锌谢邪褌褘小邪屑芯蟹邪薪褟褌褘屑/Ext/Module.bsl	袛胁懈卸械薪懈褟	啸芯蟹褉邪褋褔械褌薪褘泄
CommonModules	袨斜褖懈泄袦芯写褍谢褜	袝写懈薪褘泄袧邪谢芯谐芯胁褘泄小褔械褌	CommonModules/袝写懈薪褘泄袧邪谢芯谐芯胁褘泄小褔械褌/Ext/Module.bsl	袛胁懈卸械薪懈褟	袪邪褋褔械褌袧邪褔懈褋谢械薪懈褟袧邪谢芯谐芯胁袧邪袝袧小
CommonModules	袨斜褖懈泄袦芯写褍谢褜	袝写懈薪褘泄袧邪谢芯谐芯胁褘泄小褔械褌	CommonModules/袝写懈薪褘泄袧邪谢芯谐芯胁褘泄小褔械褌/Ext/Module.bsl	袛胁懈卸械薪懈褟	袪邪褋褔械褌褘袩芯袝写懈薪芯屑褍袧邪谢芯谐芯胁芯屑褍小褔械褌褍
CommonModules	袨斜褖懈泄袦芯写褍谢褜	袝写懈薪褘泄袧邪谢芯谐芯胁褘泄小褔械褌	CommonModules/袝写懈薪褘泄袧邪谢芯谐芯胁褘泄小褔械褌/Ext/Module.bsl	袛胁懈卸械薪懈褟	袪邪褋褔械褌褘袩芯袧邪谢芯谐邪屑袧邪袝写懈薪芯屑袧邪谢芯谐芯胁芯屑小褔械褌械
CommonModules	袨斜褖懈泄袦芯写褍谢褜	袝写懈薪褘泄袧邪谢芯谐芯胁褘泄小褔械褌	CommonModules/袝写懈薪褘泄袧邪谢芯谐芯胁褘泄小褔械褌/Ext/Module.bsl	袛胁懈卸械薪懈褟	袪邪褋褔械褌褘袩芯小邪薪泻褑懈褟屑袧邪袝写懈薪芯屑袧邪谢芯谐芯胁芯屑小褔械褌械
CommonModules	袨斜褖懈泄袦芯写褍谢褜	袝写懈薪褘泄袧邪谢芯谐芯胁褘泄小褔械褌	CommonModules/袝写懈薪褘泄袧邪谢芯谐芯胁褘泄小褔械褌/Ext/Module.bsl	袛胁懈卸械薪懈褟	啸芯蟹褉邪褋褔械褌薪褘泄
CommonModules	袨斜褖懈泄袦芯写褍谢褜	袟邪泻褉褘褌懈械袦械褋褟褑邪	CommonModules/袟邪泻褉褘褌懈械袦械褋褟褑邪/Ext/Module.bsl	袛胁懈卸械薪懈褟	袪邪褋褔械褌孝芯褉谐芯胁芯泄袧邪褑械薪泻懈袗孝孝
CommonModules	袨斜褖懈泄袦芯写褍谢褜	袟邪泻褉褘褌懈械袦械褋褟褑邪	CommonModules/袟邪泻褉褘褌懈械袦械褋褟褑邪/Ext/Module.bsl	袛胁懈卸械薪懈褟	袪邪褋褔械褌孝芯褉谐芯胁芯泄袧邪褑械薪泻懈袧孝孝
CommonModules	袨斜褖懈泄袦芯写褍谢褜	袟邪泻褉褘褌懈械袦械褋褟褑邪	CommonModules/袟邪泻褉褘褌懈械袦械褋褟褑邪/Ext/Module.bsl	袛胁懈卸械薪懈褟	啸芯蟹褉邪褋褔械褌薪褘泄
CommonModules	袨斜褖懈泄袦芯写褍谢褜	袟邪褉锌谢邪褌邪袣邪写褉褘袨斜薪芯胁谢械薪懈械小袩褉械写褘写褍褖械泄袪械写邪泻褑懈懈	CommonModules/袟邪褉锌谢邪褌邪袣邪写褉褘袨斜薪芯胁谢械薪懈械小袩褉械写褘写褍褖械泄袪械写邪泻褑懈懈/Ext/Module.bsl	袛胁懈卸械薪懈褟	袗胁邪薪褋芯胁褘械袩谢邪褌械卸懈袠薪芯褋褌褉邪薪褑械胁袩芯袧袛肖袥
CommonModules	袨斜褖懈泄袦芯写褍谢褜	袟邪褉锌谢邪褌邪袣邪写褉褘袨斜薪芯胁谢械薪懈械小袩褉械写褘写褍褖械泄袪械写邪泻褑懈懈	CommonModules/袟邪褉锌谢邪褌邪袣邪写褉褘袨斜薪芯胁谢械薪懈械小袩褉械写褘写褍褖械泄袪械写邪泻褑懈懈/Ext/Module.bsl	袛胁懈卸械薪懈褟	袙蟹邪懈屑芯褉邪褋褔械褌褘小小芯褌褉褍写薪懈泻邪屑懈
CommonModules	袨斜褖懈泄袦芯写褍谢褜	袟邪褉锌谢邪褌邪袣邪写褉褘袨斜薪芯胁谢械薪懈械小袩褉械写褘写褍褖械泄袪械写邪泻褑懈懈	CommonModules/袟邪褉锌谢邪褌邪袣邪写褉褘袨斜薪芯胁谢械薪懈械小袩褉械写褘写褍褖械泄袪械写邪泻褑懈懈/Ext/Module.bsl	袛胁懈卸械薪懈褟	袙懈写褘袟邪薪褟褌芯褋褌懈小芯褌褉褍写薪懈泻芯胁
CommonModules	袨斜褖懈泄袦芯写褍谢褜	袟邪褉锌谢邪褌邪袣邪写褉褘袨斜薪芯胁谢械薪懈械小袩褉械写褘写褍褖械泄袪械写邪泻褑懈懈	CommonModules/袟邪褉锌谢邪褌邪袣邪写褉褘袨斜薪芯胁谢械薪懈械小袩褉械写褘写褍褖械泄袪械写邪泻褑懈懈/Ext/Module.bsl	袛胁懈卸械薪懈褟	袙褋褌邪胁懈褌褜
CommonModules	袨斜褖懈泄袦芯写褍谢褜	袟邪褉锌谢邪褌邪袣邪写褉褘袨斜薪芯胁谢械薪懈械小袩褉械写褘写褍褖械泄袪械写邪泻褑懈懈	CommonModules/袟邪褉锌谢邪褌邪袣邪写褉褘袨斜薪芯胁谢械薪懈械小袩褉械写褘写褍褖械泄袪械写邪泻褑懈懈/Ext/Module.bsl	袛胁懈卸械薪懈褟	袟邪褉锌谢邪褌邪袣袙褘锌谢邪褌械
CommonModules	袨斜褖懈泄袦芯写褍谢褜	袟邪褉锌谢邪褌邪袣邪写褉褘袨斜薪芯胁谢械薪懈械小袩褉械写褘写褍褖械泄袪械写邪泻褑懈懈	CommonModules/袟邪褉锌谢邪褌邪袣邪写褉褘袨斜薪芯胁谢械薪懈械小袩褉械写褘写褍褖械泄袪械写邪泻褑懈懈/Ext/Module.bsl	袛胁懈卸械薪懈褟	袠屑褍褖械褋褌胁械薪薪褘械袙褘褔械褌褘袧袛肖袥
CommonModules	袨斜褖懈泄袦芯写褍谢褜	袟邪褉锌谢邪褌邪袣邪写褉褘袨斜薪芯胁谢械薪懈械小袩褉械写褘写褍褖械泄袪械写邪泻褑懈懈	CommonModules/袟邪褉锌谢邪褌邪袣邪写褉褘袨斜薪芯胁谢械薪懈械小袩褉械写褘写褍褖械泄袪械写邪泻褑懈懈/Ext/Module.bsl	袛胁懈卸械薪懈褟	袠褋褔懈褋谢械薪薪褘械小褌褉邪褏芯胁褘械袙蟹薪芯褋褘
CommonModules	袨斜褖懈泄袦芯写褍谢褜	袟邪褉锌谢邪褌邪袣邪写褉褘袨斜薪芯胁谢械薪懈械小袩褉械写褘写褍褖械泄袪械写邪泻褑懈懈	CommonModules/袟邪褉锌谢邪褌邪袣邪写褉褘袨斜薪芯胁谢械薪懈械小袩褉械写褘写褍褖械泄袪械写邪泻褑懈懈/Ext/Module.bsl	袛胁懈卸械薪懈褟	袣邪写褉芯胁邪褟袠褋褌芯褉懈褟小芯褌褉褍写薪懈泻芯胁
CommonModules	袨斜褖懈泄袦芯写褍谢褜	袟邪褉锌谢邪褌邪袣邪写褉褘袨斜薪芯胁谢械薪懈械小袩褉械写褘写褍褖械泄袪械写邪泻褑懈懈	CommonModules/袟邪褉锌谢邪褌邪袣邪写褉褘袨斜薪芯胁谢械薪懈械小袩褉械写褘写褍褖械泄袪械写邪泻褑懈懈/Ext/Module.bsl	袛胁懈卸械薪懈褟	袧邪泄褌懈
CommonModules	袨斜褖懈泄袦芯写褍谢褜	袟邪褉锌谢邪褌邪袣邪写褉褘袨斜薪芯胁谢械薪懈械小袩褉械写褘写褍褖械泄袪械写邪泻褑懈懈	CommonModules/袟邪褉锌谢邪褌邪袣邪写褉褘袨斜薪芯胁谢械薪懈械小袩褉械写褘写褍褖械泄袪械写邪泻褑懈懈/Ext/Module.bsl	袛胁懈卸械薪懈褟	袧邪褔懈褋谢械薪懈褟校写械褉卸邪薪懈褟袩芯小芯褌褉褍写薪懈泻邪屑
CommonModules	袨斜褖懈泄袦芯写褍谢褜	袟邪褉锌谢邪褌邪袣邪写褉褘袨斜薪芯胁谢械薪懈械小袩褉械写褘写褍褖械泄袪械写邪泻褑懈懈	CommonModules/袟邪褉锌谢邪褌邪袣邪写褉褘袨斜薪芯胁谢械薪懈械小袩褉械写褘写褍褖械泄袪械写邪泻褑懈懈/Ext/Module.bsl	袛胁懈卸械薪懈褟	袩邪褉邪屑械褌褉褘袩械褉懈芯写芯胁小褌邪卸邪袩肖袪
CommonModules	袨斜褖懈泄袦芯写褍谢褜	袟邪褉锌谢邪褌邪袣邪写褉褘袨斜薪芯胁谢械薪懈械小袩褉械写褘写褍褖械泄袪械写邪泻褑懈懈	CommonModules/袟邪褉锌谢邪褌邪袣邪写褉褘袨斜薪芯胁谢械薪懈械小袩褉械写褘写褍褖械泄袪械写邪泻褑懈懈/Ext/Module.bsl	袛胁懈卸械薪懈褟	袩谢邪薪芯胁褘械袧邪褔懈褋谢械薪懈褟
CommonModules	袨斜褖懈泄袦芯写褍谢褜	袟邪褉锌谢邪褌邪袣邪写褉褘袨斜薪芯胁谢械薪懈械小袩褉械写褘写褍褖械泄袪械写邪泻褑懈懈	CommonModules/袟邪褉锌谢邪褌邪袣邪写褉褘袨斜薪芯胁谢械薪懈械小袩褉械写褘写褍褖械泄袪械写邪泻褑懈懈/Ext/Module.bsl	袛胁懈卸械薪懈褟	袩芯褋芯斜懈褟袩芯小芯褑懈邪谢褜薪芯屑褍小褌褉邪褏芯胁邪薪懈褞
CommonModules	袨斜褖懈泄袦芯写褍谢褜	袟邪褉锌谢邪褌邪袣邪写褉褘袨斜薪芯胁谢械薪懈械小袩褉械写褘写褍褖械泄袪械写邪泻褑懈懈	CommonModules/袟邪褉锌谢邪褌邪袣邪写褉褘袨斜薪芯胁谢械薪懈械小袩褉械写褘写褍褖械泄袪械写邪泻褑懈懈/Ext/Module.bsl	袛胁懈卸械薪懈褟	袩芯褋芯斜懈褟袩芯校褏芯写褍袟邪袪械斜械薪泻芯屑
CommonModules	袨斜褖懈泄袦芯写褍谢褜	袟邪褉锌谢邪褌邪袣邪写褉褘袨斜薪芯胁谢械薪懈械小袩褉械写褘写褍褖械泄袪械写邪泻褑懈懈	CommonModules/袟邪褉锌谢邪褌邪袣邪写褉褘袨斜薪芯胁谢械薪懈械小袩褉械写褘写褍褖械泄袪械写邪泻褑懈懈/Ext/Module.bsl	袛胁懈卸械薪懈褟	袩褉械写芯褋褌邪胁谢械薪薪褘械小褌邪薪写邪褉褌薪褘械袠小芯褑懈邪谢褜薪褘械袙褘褔械褌褘袧袛肖袥
CommonModules	袨斜褖懈泄袦芯写褍谢褜	袟邪褉锌谢邪褌邪袣邪写褉褘袨斜薪芯胁谢械薪懈械小袩褉械写褘写褍褖械泄袪械写邪泻褑懈懈	CommonModules/袟邪褉锌谢邪褌邪袣邪写褉褘袨斜薪芯胁谢械薪懈械小袩褉械写褘写褍褖械泄袪械写邪泻褑懈懈/Ext/Module.bsl	袛胁懈卸械薪懈褟	袪邪褋褔械褌褘袧邪谢芯谐芯胁褘褏袗谐械薪褌芯胁小袘褞写卸械褌芯屑袩芯袧袛肖袥
CommonModules	袨斜褖懈泄袦芯写褍谢褜	袟邪褉锌谢邪褌邪袣邪写褉褘袨斜薪芯胁谢械薪懈械小袩褉械写褘写褍褖械泄袪械写邪泻褑懈懈	CommonModules/袟邪褉锌谢邪褌邪袣邪写褉褘袨斜薪芯胁谢械薪懈械小袩褉械写褘写褍褖械泄袪械写邪泻褑懈懈/Ext/Module.bsl	袛胁懈卸械薪懈褟	袪邪褋褔械褌褘袧邪谢芯谐芯锌谢邪褌械谢褜褖懈泻芯胁小袘褞写卸械褌芯屑袩芯袧袛肖袥
CommonModules	袨斜褖懈泄袦芯写褍谢褜	袟邪褉锌谢邪褌邪袣邪写褉褘袨斜薪芯胁谢械薪懈械小袩褉械写褘写褍褖械泄袪械写邪泻褑懈懈	CommonModules/袟邪褉锌谢邪褌邪袣邪写褉褘袨斜薪芯胁谢械薪懈械小袩褉械写褘写褍褖械泄袪械写邪泻褑懈懈/Ext/Module.bsl	袛胁懈卸械薪懈褟	袪邪褋褔械褌褘小肖芯薪写邪屑懈袩芯小褌褉邪褏芯胁褘屑袙蟹薪芯褋邪屑
CommonModules	袨斜褖懈泄袦芯写褍谢褜	袟邪褉锌谢邪褌邪袣邪写褉褘袨斜薪芯胁谢械薪懈械小袩褉械写褘写褍褖械泄袪械写邪泻褑懈懈	CommonModules/袟邪褉锌谢邪褌邪袣邪写褉褘袨斜薪芯胁谢械薪懈械小袩褉械写褘写褍褖械泄袪械写邪泻褑懈懈/Ext/Module.bsl	袛胁懈卸械薪懈褟	小胁械写械薪懈褟袨袛芯褏芯写邪褏袧袛肖袥
CommonModules	袨斜褖懈泄袦芯写褍谢褜	袟邪褉锌谢邪褌邪袣邪写褉褘袨斜薪芯胁谢械薪懈械小袩褉械写褘写褍褖械泄袪械写邪泻褑懈懈	CommonModules/袟邪褉锌谢邪褌邪袣邪写褉褘袨斜薪芯胁谢械薪懈械小袩褉械写褘写褍褖械泄袪械写邪泻褑懈懈/Ext/Module.bsl	袛胁懈卸械薪懈褟	小胁械写械薪懈褟袨袛芯褏芯写邪褏小褌褉邪褏芯胁褘械袙蟹薪芯褋褘
CommonModules	袨斜褖懈泄袦芯写褍谢褜	袟邪褉锌谢邪褌邪袣邪写褉褘袨斜薪芯胁谢械薪懈械小袩褉械写褘写褍褖械泄袪械写邪泻褑懈懈	CommonModules/袟邪褉锌谢邪褌邪袣邪写褉褘袨斜薪芯胁谢械薪懈械小袩褉械写褘写褍褖械泄袪械写邪泻褑懈懈/Ext/Module.bsl	袛胁懈卸械薪懈褟	小芯写械褉卸懈褌
CommonModules	袨斜褖懈泄袦芯写褍谢褜	袟邪褉锌谢邪褌邪袣邪写褉褘袩械褉懈芯写懈褔械褋泻懈械袪械谐懈褋褌褉褘	CommonModules/袟邪褉锌谢邪褌邪袣邪写褉褘袩械褉懈芯写懈褔械褋泻懈械袪械谐懈褋褌褉褘/Ext/Module.bsl	袛胁懈卸械薪懈褟	小芯写械褉卸懈褌
CommonModules	袨斜褖懈泄袦芯写褍谢褜	袟邪褖懈褌邪袩械褉褋芯薪邪谢褜薪褘褏袛邪薪薪褘褏	CommonModules/袟邪褖懈褌邪袩械褉褋芯薪邪谢褜薪褘褏袛邪薪薪褘褏/Ext/Module.bsl	袛胁懈卸械薪懈褟	小芯谐谢邪褋懈褟袧邪袨斜褉邪斜芯褌泻褍袩械褉褋芯薪邪谢褜薪褘褏袛邪薪薪褘褏
CommonModules	袨斜褖懈泄袦芯写褍谢褜	袠薪胁械褋褌懈褑懈芯薪薪褘泄袧邪谢芯谐芯胁褘泄袙褘褔械褌	CommonModules/袠薪胁械褋褌懈褑懈芯薪薪褘泄袧邪谢芯谐芯胁褘泄袙褘褔械褌/Ext/Module.bsl	袛胁懈卸械薪懈褟	啸芯蟹褉邪褋褔械褌薪褘泄
CommonModules	袨斜褖懈泄袦芯写褍谢褜	袠薪褌械谐褉邪褑懈褟袙袝孝袠小	CommonModules/袠薪褌械谐褉邪褑懈褟袙袝孝袠小/Ext/Module.bsl	袛胁懈卸械薪懈褟	袧邪泄褌懈
CommonModules	袨斜褖懈泄袦芯写褍谢褜	袠薪褌械谐褉邪褑懈褟袝袚袗袠小袩械褉械芯锌褉械写械谢褟械屑褘泄	CommonModules/袠薪褌械谐褉邪褑懈褟袝袚袗袠小袩械褉械芯锌褉械写械谢褟械屑褘泄/Ext/Module.bsl	袛胁懈卸械薪懈褟	袨褋褌邪褌泻懈袗谢泻芯谐芯谢褜薪芯泄袩褉芯写褍泻褑懈懈袝袚袗袠小
CommonModules	袨斜褖懈泄袦芯写褍谢褜	袠薪褌械谐褉邪褑懈褟袠小	CommonModules/袠薪褌械谐褉邪褑懈褟袠小/Ext/Module.bsl	袛胁懈卸械薪懈褟	袟邪锌懈褋邪褌褜
CommonModules	袨斜褖懈泄袦芯写褍谢褜	袠薪褌械谐褉邪褑懈褟袠小	CommonModules/袠薪褌械谐褉邪褑懈褟袠小/Ext/Module.bsl	袛胁懈卸械薪懈褟	袣芯谢懈褔械褋褌胁芯
CommonModules	袨斜褖懈泄袦芯写褍谢褜	袣邪写褉芯胁褘泄校褔械褌	CommonModules/袣邪写褉芯胁褘泄校褔械褌/Ext/Module.bsl	袛胁懈卸械薪懈褟	袙懈写褘袟邪薪褟褌芯褋褌懈小芯褌褉褍写薪懈泻芯胁
CommonModules	袨斜褖懈泄袦芯写褍谢褜	袣邪写褉芯胁褘泄校褔械褌	CommonModules/袣邪写褉芯胁褘泄校褔械褌/Ext/Module.bsl	袛胁懈卸械薪懈褟	袩械褉懈芯写褘袛械泄褋褌胁懈褟袛芯谐芯胁芯褉芯胁袚褉邪卸写邪薪褋泻芯袩褉邪胁芯胁芯谐芯啸邪褉邪泻褌械褉邪
CommonModules	袨斜褖懈泄袦芯写褍谢褜	袣邪写褉芯胁褘泄校褔械褌袘邪蟹芯胁褘泄	CommonModules/袣邪写褉芯胁褘泄校褔械褌袘邪蟹芯胁褘泄/Ext/Module.bsl	袛胁懈卸械薪懈褟	袣邪写褉芯胁邪褟袠褋褌芯褉懈褟小芯褌褉褍写薪懈泻芯胁
CommonModules	袨斜褖懈泄袦芯写褍谢褜	袣芯薪褌褉芯谢褜袟邪褌褉邪褌	CommonModules/袣芯薪褌褉芯谢褜袟邪褌褉邪褌/Ext/Module.bsl	袛胁懈卸械薪懈褟	袩械褉懈芯写
CommonModules	袨斜褖懈泄袦芯写褍谢褜	袣芯薪褌褉芯谢褜袟邪褌褉邪褌	CommonModules/袣芯薪褌褉芯谢褜袟邪褌褉邪褌/Ext/Module.bsl	袛胁懈卸械薪懈褟	袪械谐懈褋褌褉邪褌芯褉
CommonModules	袨斜褖懈泄袦芯写褍谢褜	袣芯薪褌褉芯谢褜袟邪褌褉邪褌	CommonModules/袣芯薪褌褉芯谢褜袟邪褌褉邪褌/Ext/Module.bsl	袛胁懈卸械薪懈褟	小褔械褌袛褌
CommonModules	袨斜褖懈泄袦芯写褍谢褜	袧邪谢芯谐袧邪袩褉懈斜褘谢褜袘褍褏谐邪谢褌械褉褋泻懈泄校褔械褌	CommonModules/袧邪谢芯谐袧邪袩褉懈斜褘谢褜袘褍褏谐邪谢褌械褉褋泻懈泄校褔械褌/Ext/Module.bsl	袛胁懈卸械薪懈褟	啸芯蟹褉邪褋褔械褌薪褘泄
CommonModules	袨斜褖懈泄袦芯写褍谢褜	袧邪谢芯谐袧邪袩褉懈斜褘谢褜袛械泻谢邪褉邪褑懈褟	CommonModules/袧邪谢芯谐袧邪袩褉懈斜褘谢褜袛械泻谢邪褉邪褑懈褟/Ext/Module.bsl	袛胁懈卸械薪懈褟	袙懈写小褍斜泻芯薪褌芯袣褌1
CommonModules	袨斜褖懈泄袦芯写褍谢褜	袧邪谢芯谐袧邪袩褉懈斜褘谢褜袛械泻谢邪褉邪褑懈褟	CommonModules/袧邪谢芯谐袧邪袩褉懈斜褘谢褜袛械泻谢邪褉邪褑懈褟/Ext/Module.bsl	袛胁懈卸械薪懈褟	袙懈写小褍斜泻芯薪褌芯袣褌2
CommonModules	袨斜褖懈泄袦芯写褍谢褜	袧邪谢芯谐袧邪袩褉懈斜褘谢褜袛械泻谢邪褉邪褑懈褟	CommonModules/袧邪谢芯谐袧邪袩褉懈斜褘谢褜袛械泻谢邪褉邪褑懈褟/Ext/Module.bsl	袛胁懈卸械薪懈褟	袙懈写小褍斜泻芯薪褌芯袣褌3
CommonModules	袨斜褖懈泄袦芯写褍谢褜	袧邪谢芯谐袧邪袩褉懈斜褘谢褜袛械泻谢邪褉邪褑懈褟	CommonModules/袧邪谢芯谐袧邪袩褉懈斜褘谢褜袛械泻谢邪褉邪褑懈褟/Ext/Module.bsl	袛胁懈卸械薪懈褟	小褍斜泻芯薪褌芯袣褌1
CommonModules	袨斜褖懈泄袦芯写褍谢褜	袧邪谢芯谐袧邪袩褉懈斜褘谢褜袛械泻谢邪褉邪褑懈褟	CommonModules/袧邪谢芯谐袧邪袩褉懈斜褘谢褜袛械泻谢邪褉邪褑懈褟/Ext/Module.bsl	袛胁懈卸械薪懈褟	小褍斜泻芯薪褌芯袣褌2
CommonModules	袨斜褖懈泄袦芯写褍谢褜	袧邪谢芯谐袧邪袩褉懈斜褘谢褜袛械泻谢邪褉邪褑懈褟	CommonModules/袧邪谢芯谐袧邪袩褉懈斜褘谢褜袛械泻谢邪褉邪褑懈褟/Ext/Module.bsl	袛胁懈卸械薪懈褟	小褍斜泻芯薪褌芯袣褌3
CommonModules	袨斜褖懈泄袦芯写褍谢褜	袧邪谢芯谐袧邪袩褉懈斜褘谢褜袛械泻谢邪褉邪褑懈褟	CommonModules/袧邪谢芯谐袧邪袩褉懈斜褘谢褜袛械泻谢邪褉邪褑懈褟/Ext/Module.bsl	袛胁懈卸械薪懈褟	小褍屑屑邪
CommonModules	袨斜褖懈泄袦芯写褍谢褜	袧邪谢芯谐袧邪袩褉懈斜褘谢褜袛械泻谢邪褉邪褑懈褟	CommonModules/袧邪谢芯谐袧邪袩褉懈斜褘谢褜袛械泻谢邪褉邪褑懈褟/Ext/Module.bsl	袛胁懈卸械薪懈褟	小褍屑屑邪袙袪袛褌
CommonModules	袨斜褖懈泄袦芯写褍谢褜	袧邪谢芯谐袧邪袩褉懈斜褘谢褜袛械泻谢邪褉邪褑懈褟	CommonModules/袧邪谢芯谐袧邪袩褉懈斜褘谢褜袛械泻谢邪褉邪褑懈褟/Ext/Module.bsl	袛胁懈卸械薪懈褟	小褍屑屑邪袧校袛褌
CommonModules	袨斜褖懈泄袦芯写褍谢褜	袧邪谢芯谐袧邪袩褉懈斜褘谢褜袛械泻谢邪褉邪褑懈褟	CommonModules/袧邪谢芯谐袧邪袩褉懈斜褘谢褜袛械泻谢邪褉邪褑懈褟/Ext/Module.bsl	袛胁懈卸械薪懈褟	小褍屑屑邪袩袪袛褌
CommonModules	袨斜褖懈泄袦芯写褍谢褜	袧邪谢芯谐袧邪袩褉懈斜褘谢褜袛械泻谢邪褉邪褑懈褟	CommonModules/袧邪谢芯谐袧邪袩褉懈斜褘谢褜袛械泻谢邪褉邪褑懈褟/Ext/Module.bsl	袛胁懈卸械薪懈褟	小褔械褌袛褌
CommonModules	袨斜褖懈泄袦芯写褍谢褜	袧邪谢芯谐袧邪袩褉芯褎械褋褋懈芯薪邪谢褜薪褘泄袛芯褏芯写	CommonModules/袧邪谢芯谐袧邪袩褉芯褎械褋褋懈芯薪邪谢褜薪褘泄袛芯褏芯写/Ext/Module.bsl	袛胁懈卸械薪懈褟	啸芯蟹褉邪褋褔械褌薪褘泄
CommonModules	袨斜褖懈泄袦芯写褍谢褜	袧邪谢芯谐芯胁褘泄校褔械褌校小袧	CommonModules/袧邪谢芯谐芯胁褘泄校褔械褌校小袧/Ext/Module.bsl	袛胁懈卸械薪懈褟	袣校袛懈袪
CommonModules	袨斜褖懈泄袦芯写褍谢褜	袧邪谢芯谐芯胁褘泄校褔械褌校小袧	CommonModules/袧邪谢芯谐芯胁褘泄校褔械褌校小袧/Ext/Module.bsl	袛胁懈卸械薪懈褟	袣薪懈谐邪校褔械褌邪袛芯褏芯写芯胁袠袪邪褋褏芯写芯胁
CommonModules	袨斜褖懈泄袦芯写褍谢褜	袧邪谢芯谐芯胁褘泄校褔械褌校小袧	CommonModules/袧邪谢芯谐芯胁褘泄校褔械褌校小袧/Ext/Module.bsl	袛胁懈卸械薪懈褟	袣薪懈谐邪校褔械褌邪袛芯褏芯写芯胁袩邪褌械薪褌
CommonModules	袨斜褖懈泄袦芯写褍谢褜	袧邪谢芯谐芯胁褘泄校褔械褌校小袧	CommonModules/袧邪谢芯谐芯胁褘泄校褔械褌校小袧/Ext/Module.bsl	袛胁懈卸械薪懈褟	袧邪泄褌懈
CommonModules	袨斜褖懈泄袦芯写褍谢褜	袧邪谢芯谐芯胁褘泄校褔械褌校小袧	CommonModules/袧邪谢芯谐芯胁褘泄校褔械褌校小袧/Ext/Module.bsl	袛胁懈卸械薪懈褟	袨锌谢邪褌褘袧袦袗袛谢褟校小袧
CommonModules	袨斜褖懈泄袦芯写褍谢褜	袧邪谢芯谐芯胁褘泄校褔械褌校小袧	CommonModules/袧邪谢芯谐芯胁褘泄校褔械褌校小袧/Ext/Module.bsl	袛胁懈卸械薪懈褟	袨锌谢邪褌褘袨小袛谢褟校小袧
CommonModules	袨斜褖懈泄袦芯写褍谢褜	袧邪谢芯谐芯胁褘泄校褔械褌校小袧	CommonModules/袧邪谢芯谐芯胁褘泄校褔械褌校小袧/Ext/Module.bsl	袛胁懈卸械薪懈褟	袩褉芯褔懈械袪邪褋褔械褌褘
CommonModules	袨斜褖懈泄袦芯写褍谢褜	袧邪谢芯谐芯胁褘泄校褔械褌校小袧	CommonModules/袧邪谢芯谐芯胁褘泄校褔械褌校小袧/Ext/Module.bsl	袛胁懈卸械薪懈褟	袪邪褋褏芯写褘袩褉懈校小袧
CommonModules	袨斜褖懈泄袦芯写褍谢褜	袧邪谢芯谐芯胁褘泄校褔械褌校小袧	CommonModules/袧邪谢芯谐芯胁褘泄校褔械褌校小袧/Ext/Module.bsl	袛胁懈卸械薪懈褟	袪邪褋褕懈褎褉芯胁泻邪袣校袛懈袪
CommonModules	袨斜褖懈泄袦芯写褍谢褜	袧邪谢芯谐芯胁褘泄校褔械褌校小袧	CommonModules/袧邪谢芯谐芯胁褘泄校褔械褌校小袧/Ext/Module.bsl	袛胁懈卸械薪懈褟	小胁芯泄褋褌胁芯
CommonModules	袨斜褖懈泄袦芯写褍谢褜	袨斜屑械薪袛邪薪薪褘屑懈小械褉胁械褉	CommonModules/袨斜屑械薪袛邪薪薪褘屑懈小械褉胁械褉/Ext/Module.bsl	袛胁懈卸械薪懈褟	袣芯谢懈褔械褋褌胁芯
CommonModules	袨斜褖懈泄袦芯写褍谢褜	袨斜薪芯胁谢械薪懈械袠薪褎芯褉屑邪褑懈芯薪薪芯泄袘邪蟹褘袘袩	CommonModules/袨斜薪芯胁谢械薪懈械袠薪褎芯褉屑邪褑懈芯薪薪芯泄袘邪蟹褘袘袩/Ext/Module.bsl	袛胁懈卸械薪懈褟	袟邪锌懈褋邪褌褜
CommonModules	袨斜褖懈泄袦芯写褍谢褜	袨斜薪芯胁谢械薪懈械袠薪褎芯褉屑邪褑懈芯薪薪芯泄袘邪蟹褘袘袩	CommonModules/袨斜薪芯胁谢械薪懈械袠薪褎芯褉屑邪褑懈芯薪薪芯泄袘邪蟹褘袘袩/Ext/Module.bsl	袛胁懈卸械薪懈褟	小芯写械褉卸懈褌
CommonModules	袨斜褖懈泄袦芯写褍谢褜	袨褌褉邪卸械薪懈械袟邪褉锌谢邪褌褘袙袘褍褏褍褔械褌械	CommonModules/袨褌褉邪卸械薪懈械袟邪褉锌谢邪褌褘袙袘褍褏褍褔械褌械/Ext/Module.bsl	袛胁懈卸械薪懈褟	袘褍褏褍褔械褌袛芯谐芯胁芯褉芯胁袚袩啸
CommonModules	袨斜褖懈泄袦芯写褍谢褜	袨褌褉邪卸械薪懈械袟邪褉锌谢邪褌褘袙袘褍褏褍褔械褌械袘邪蟹芯胁褘泄	CommonModules/袨褌褉邪卸械薪懈械袟邪褉锌谢邪褌褘袙袘褍褏褍褔械褌械袘邪蟹芯胁褘泄/Ext/Module.bsl	袛胁懈卸械薪懈褟	袧邪泄褌懈
CommonModules	袨斜褖懈泄袦芯写褍谢褜	袨褌褉邪卸械薪懈械袟邪褉锌谢邪褌褘袙袘褍褏褍褔械褌械袘邪蟹芯胁褘泄	CommonModules/袨褌褉邪卸械薪懈械袟邪褉锌谢邪褌褘袙袘褍褏褍褔械褌械袘邪蟹芯胁褘泄/Ext/Module.bsl	袛胁懈卸械薪懈褟	袨褑械薪芯褔薪褘械袨斜褟蟹邪褌械谢褜褋褌胁邪袩芯小芯褌褉褍写薪懈泻邪屑
CommonModules	袨斜褖懈泄袦芯写褍谢褜	袨褌褉邪卸械薪懈械袟邪褉锌谢邪褌褘袙袘褍褏褍褔械褌械袘邪蟹芯胁褘泄	CommonModules/袨褌褉邪卸械薪懈械袟邪褉锌谢邪褌褘袙袘褍褏褍褔械褌械袘邪蟹芯胁褘泄/Ext/Module.bsl	袛胁懈卸械薪懈褟	小胁芯泄褋褌胁芯
CommonModules	袨斜褖懈泄袦芯写褍谢褜	袨褌褉邪卸械薪懈械袟邪褉锌谢邪褌褘袙校褔械褌械	CommonModules/袨褌褉邪卸械薪懈械袟邪褉锌谢邪褌褘袙校褔械褌械/Ext/Module.bsl	袛胁懈卸械薪懈褟	袧袛肖袥袣袩械褉械褔懈褋谢械薪懈褞
CommonModules	袨斜褖懈泄袦芯写褍谢褜	袨褌褉邪卸械薪懈械袟邪褉锌谢邪褌褘袙校褔械褌械	CommonModules/袨褌褉邪卸械薪懈械袟邪褉锌谢邪褌褘袙校褔械褌械/Ext/Module.bsl	袛胁懈卸械薪懈褟	袧邪泄褌懈
CommonModules	袨斜褖懈泄袦芯写褍谢褜	袨褌褉邪卸械薪懈械袟邪褉锌谢邪褌褘袙校褔械褌械袘邪蟹芯胁褘泄	CommonModules/袨褌褉邪卸械薪懈械袟邪褉锌谢邪褌褘袙校褔械褌械袘邪蟹芯胁褘泄/Ext/Module.bsl	袛胁懈卸械薪懈褟	袧邪泄褌懈
CommonModules	袨斜褖懈泄袦芯写褍谢褜	袨褌褉邪卸械薪懈械袟邪褉锌谢邪褌褘袙校褔械褌械袘邪蟹芯胁褘泄	CommonModules/袨褌褉邪卸械薪懈械袟邪褉锌谢邪褌褘袙校褔械褌械袘邪蟹芯胁褘泄/Ext/Module.bsl	袛胁懈卸械薪懈褟	小胁械写械薪懈褟袨袛芯褏芯写邪褏袧袛肖袥
CommonModules	袨斜褖懈泄袦芯写褍谢褜	袨褌褉邪卸械薪懈械袟邪褉锌谢邪褌褘袙校褔械褌械袘邪蟹芯胁褘泄	CommonModules/袨褌褉邪卸械薪懈械袟邪褉锌谢邪褌褘袙校褔械褌械袘邪蟹芯胁褘泄/Ext/Module.bsl	袛胁懈卸械薪懈褟	小胁芯泄褋褌胁芯
CommonModules	袨斜褖懈泄袦芯写褍谢褜	袩械褉械褏芯写袧袟袩袛械褌邪谢懈蟹邪褑懈褟袩芯袩褉芯写褍泻褑懈懈	CommonModules/袩械褉械褏芯写袧袟袩袛械褌邪谢懈蟹邪褑懈褟袩芯袩褉芯写褍泻褑懈懈/Ext/Module.bsl	袛胁懈卸械薪懈褟	袟邪锌懈褋邪褌褜
CommonModules	袨斜褖懈泄袦芯写褍谢褜	袩械褉械褏芯写袧袟袩袛械褌邪谢懈蟹邪褑懈褟袩芯袩褉芯写褍泻褑懈懈	CommonModules/袩械褉械褏芯写袧袟袩袛械褌邪谢懈蟹邪褑懈褟袩芯袩褉芯写褍泻褑懈懈/Ext/Module.bsl	袛胁懈卸械薪懈褟	啸芯蟹褉邪褋褔械褌薪褘泄
CommonModules	袨斜褖懈泄袦芯写褍谢褜	袩械褉褋芯薪懈褎懈褑懈褉芯胁邪薪薪褘泄校褔械褌	CommonModules/袩械褉褋芯薪懈褎懈褑懈褉芯胁邪薪薪褘泄校褔械褌/Ext/Module.bsl	袛胁懈卸械薪懈褟	小褌褉邪褏芯胁褘械袙蟹薪芯褋褘袩械褉械写邪薪薪褘械袙袩肖袪
CommonModules	袨斜褖懈泄袦芯写褍谢褜	袩褉芯胁械写械薪懈械袛芯泻褍屑械薪褌芯胁袘袩	CommonModules/袩褉芯胁械写械薪懈械袛芯泻褍屑械薪褌芯胁袘袩/Ext/Module.bsl	袛胁懈卸械薪懈褟	袧袛小袟邪锌懈褋懈袪邪蟹写械谢邪7袛械泻谢邪褉邪褑懈懈
CommonModules	袨斜褖懈泄袦芯写褍谢褜	袩褉芯胁械写械薪懈械袛芯泻褍屑械薪褌芯胁袘袩	CommonModules/袩褉芯胁械写械薪懈械袛芯泻褍屑械薪褌芯胁袘袩/Ext/Module.bsl	袛胁懈卸械薪懈褟	袧袛小袧械芯斜谢邪谐邪械屑褘械袨锌械褉邪褑懈懈
CommonModules	袨斜褖懈泄袦芯写褍谢褜	袩褉芯胁械写械薪懈械小械褉胁械褉	CommonModules/袩褉芯胁械写械薪懈械小械褉胁械褉/Ext/Module.bsl	袛胁懈卸械薪懈褟	袙褋褌邪胁懈褌褜
CommonModules	袨斜褖懈泄袦芯写褍谢褜	袩褉芯胁械写械薪懈械小械褉胁械褉	CommonModules/袩褉芯胁械写械薪懈械小械褉胁械褉/Ext/Module.bsl	袛胁懈卸械薪懈褟	袟邪锌懈褋邪褌褜
CommonModules	袨斜褖懈泄袦芯写褍谢褜	袩褉芯胁械写械薪懈械小械褉胁械褉	CommonModules/袩褉芯胁械写械薪懈械小械褉胁械褉/Ext/Module.bsl	袛胁懈卸械薪懈褟	袣芯谢懈褔械褋褌胁芯
CommonModules	袨斜褖懈泄袦芯写褍谢褜	袩褉芯胁械写械薪懈械小械褉胁械褉	CommonModules/袩褉芯胁械写械薪懈械小械褉胁械褉/Ext/Module.bsl	袛胁懈卸械薪懈褟	袧邪泄褌懈
CommonModules	袨斜褖懈泄袦芯写褍谢褜	袩褉芯胁械写械薪懈械小械褉胁械褉	CommonModules/袩褉芯胁械写械薪懈械小械褉胁械褉/Ext/Module.bsl	袛胁懈卸械薪懈褟	小胁芯泄褋褌胁芯
CommonModules	袨斜褖懈泄袦芯写褍谢褜	袩褉芯褋谢械卸懈胁邪械屑芯褋褌褜袘袩	CommonModules/袩褉芯褋谢械卸懈胁邪械屑芯褋褌褜袘袩/Ext/Module.bsl	袛胁懈卸械薪懈褟	袟邪锌懈褋邪褌褜
CommonModules	袨斜褖懈泄袦芯写褍谢褜	袩褉芯褋谢械卸懈胁邪械屑芯褋褌褜袘袩	CommonModules/袩褉芯褋谢械卸懈胁邪械屑芯褋褌褜袘袩/Ext/Module.bsl	袛胁懈卸械薪懈褟	袨锌械褉邪褑懈懈小袩褉芯褋谢械卸懈胁邪械屑褘屑懈孝芯胁邪褉邪屑懈
CommonModules	袨斜褖懈泄袦芯写褍谢褜	袩褉芯褋谢械卸懈胁邪械屑芯褋褌褜袘袩	CommonModules/袩褉芯褋谢械卸懈胁邪械屑芯褋褌褜袘袩/Ext/Module.bsl	袛胁懈卸械薪懈褟	袩褉芯褋谢械卸懈胁邪械屑褘械袨褋薪芯胁薪褘械小褉械写褋褌胁邪
CommonModules	袨斜褖懈泄袦芯写褍谢褜	袩褉芯褋谢械卸懈胁邪械屑芯褋褌褜袘袩	CommonModules/袩褉芯褋谢械卸懈胁邪械屑芯褋褌褜袘袩/Ext/Module.bsl	袛胁懈卸械薪懈褟	袩褉芯褋谢械卸懈胁邪械屑褘械孝芯胁邪褉褘
CommonModules	袨斜褖懈泄袦芯写褍谢褜	袩褉芯褋谢械卸懈胁邪械屑芯褋褌褜袘袩	CommonModules/袩褉芯褋谢械卸懈胁邪械屑芯褋褌褜袘袩/Ext/Module.bsl	袛胁懈卸械薪懈褟	袩褉芯褋谢械卸懈胁邪械屑褘械孝芯胁邪褉褘袨褌谐褉褍卸械薪薪褘械袙袝袗协小
CommonModules	袨斜褖懈泄袦芯写褍谢褜	袩褉芯褋谢械卸懈胁邪械屑芯褋褌褜袘袩	CommonModules/袩褉芯褋谢械卸懈胁邪械屑芯褋褌褜袘袩/Ext/Module.bsl	袛胁懈卸械薪懈褟	啸芯蟹褉邪褋褔械褌薪褘泄
CommonModules	袨斜褖懈泄袦芯写褍谢褜	袩褉芯褋谢械卸懈胁邪械屑芯褋褌褜袘袪校	CommonModules/袩褉芯褋谢械卸懈胁邪械屑芯褋褌褜袘袪校/Ext/Module.bsl	袛胁懈卸械薪懈褟	袩褉芯褋谢械卸懈胁邪械屑褘械孝芯胁邪褉褘袨褌谐褉褍卸械薪薪褘械袙袝袗协小
CommonModules	袨斜褖懈泄袦芯写褍谢褜	袩褉芯褋谢械卸懈胁邪械屑芯褋褌褜袩械褉械芯锌褉械写械谢褟械屑褘泄	CommonModules/袩褉芯褋谢械卸懈胁邪械屑芯褋褌褜袩械褉械芯锌褉械写械谢褟械屑褘泄/Ext/Module.bsl	袛胁懈卸械薪懈褟	袩褉芯褋谢械卸懈胁邪械屑褘械孝芯胁邪褉褘袨褌谐褉褍卸械薪薪褘械袙袝袗协小
CommonModules	袨斜褖懈泄袦芯写褍谢褜	袪邪蟹屑械褌泻邪袨锌械褉邪褑懈泄袗校小袧	CommonModules/袪邪蟹屑械褌泻邪袨锌械褉邪褑懈泄袗校小袧/Ext/Module.bsl	袛胁懈卸械薪懈褟	袪邪蟹屑械褌泻邪袗校小袧
CommonModules	袨斜褖懈泄袦芯写褍谢褜	袪邪蟹屑械褌泻邪袨锌械褉邪褑懈泄袗校小袧	CommonModules/袪邪蟹屑械褌泻邪袨锌械褉邪褑懈泄袗校小袧/Ext/Module.bsl	袛胁懈卸械薪懈褟	袪邪褋褏芯写褘袗校小袧
CommonModules	袨斜褖懈泄袦芯写褍谢褜	袪邪褋褏芯写褘袘褍写褍褖懈褏袩械褉懈芯写芯胁	CommonModules/袪邪褋褏芯写褘袘褍写褍褖懈褏袩械褉懈芯写芯胁/Ext/Module.bsl	袛胁懈卸械薪懈褟	袙懈写小褍斜泻芯薪褌芯袛褌1
CommonModules	袨斜褖懈泄袦芯写褍谢褜	袪邪褋褏芯写褘袘褍写褍褖懈褏袩械褉懈芯写芯胁	CommonModules/袪邪褋褏芯写褘袘褍写褍褖懈褏袩械褉懈芯写芯胁/Ext/Module.bsl	袛胁懈卸械薪懈褟	袙懈写小褍斜泻芯薪褌芯袛褌2
CommonModules	袨斜褖懈泄袦芯写褍谢褜	袪邪褋褏芯写褘袘褍写褍褖懈褏袩械褉懈芯写芯胁	CommonModules/袪邪褋褏芯写褘袘褍写褍褖懈褏袩械褉懈芯写芯胁/Ext/Module.bsl	袛胁懈卸械薪懈褟	袙懈写小褍斜泻芯薪褌芯袛褌3
CommonModules	袨斜褖懈泄袦芯写褍谢褜	袪邪褋褏芯写褘袘褍写褍褖懈褏袩械褉懈芯写芯胁	CommonModules/袪邪褋褏芯写褘袘褍写褍褖懈褏袩械褉懈芯写芯胁/Ext/Module.bsl	袛胁懈卸械薪懈褟	袩械褉懈芯写
CommonModules	袨斜褖懈泄袦芯写褍谢褜	袪邪褋褏芯写褘袘褍写褍褖懈褏袩械褉懈芯写芯胁	CommonModules/袪邪褋褏芯写褘袘褍写褍褖懈褏袩械褉懈芯写芯胁/Ext/Module.bsl	袛胁懈卸械薪懈褟	袪械谐懈褋褌褉邪褌芯褉
CommonModules	袨斜褖懈泄袦芯写褍谢褜	袪邪褋褏芯写褘袘褍写褍褖懈褏袩械褉懈芯写芯胁	CommonModules/袪邪褋褏芯写褘袘褍写褍褖懈褏袩械褉懈芯写芯胁/Ext/Module.bsl	袛胁懈卸械薪懈褟	小褍斜泻芯薪褌芯袛褌1
CommonModules	袨斜褖懈泄袦芯写褍谢褜	袪邪褋褏芯写褘袘褍写褍褖懈褏袩械褉懈芯写芯胁	CommonModules/袪邪褋褏芯写褘袘褍写褍褖懈褏袩械褉懈芯写芯胁/Ext/Module.bsl	袛胁懈卸械薪懈褟	小褍斜泻芯薪褌芯袛褌2
CommonModules	袨斜褖懈泄袦芯写褍谢褜	袪邪褋褏芯写褘袘褍写褍褖懈褏袩械褉懈芯写芯胁	CommonModules/袪邪褋褏芯写褘袘褍写褍褖懈褏袩械褉懈芯写芯胁/Ext/Module.bsl	袛胁懈卸械薪懈褟	小褍斜泻芯薪褌芯袛褌3
CommonModules	袨斜褖懈泄袦芯写褍谢褜	袪邪褋褏芯写褘袘褍写褍褖懈褏袩械褉懈芯写芯胁	CommonModules/袪邪褋褏芯写褘袘褍写褍褖懈褏袩械褉懈芯写芯胁/Ext/Module.bsl	袛胁懈卸械薪懈褟	小褔械褌袛褌
CommonModules	袨斜褖懈泄袦芯写褍谢褜	袪邪褋褏芯写褘袘褍写褍褖懈褏袩械褉懈芯写芯胁	CommonModules/袪邪褋褏芯写褘袘褍写褍褖懈褏袩械褉懈芯写芯胁/Ext/Module.bsl	袛胁懈卸械薪懈褟	啸芯蟹褉邪褋褔械褌薪褘泄
CommonModules	袨斜褖懈泄袦芯写褍谢褜	袪邪褋褔械褌袙褘锌褍褋泻邪袩芯袛邪薪薪褘屑袩褉芯写邪卸	CommonModules/袪邪褋褔械褌袙褘锌褍褋泻邪袩芯袛邪薪薪褘屑袩褉芯写邪卸/Ext/Module.bsl	袛胁懈卸械薪懈褟	袙褘锌褍褋泻袩褉芯写褍泻褑懈懈袩芯袛邪薪薪褘屑袩褉芯写邪卸
CommonModules	袨斜褖懈泄袦芯写褍谢褜	袪邪褋褔械褌袟邪褉锌谢邪褌褘袘邪蟹芯胁褘泄	CommonModules/袪邪褋褔械褌袟邪褉锌谢邪褌褘袘邪蟹芯胁褘泄/Ext/Module.bsl	袛胁懈卸械薪懈褟	袧邪褔懈褋谢械薪懈褟袩芯袛芯谐芯胁芯褉邪屑袚袩啸
CommonModules	袨斜褖懈泄袦芯写褍谢褜	袪邪褋褔械褌袟邪褉锌谢邪褌褘袘邪蟹芯胁褘泄	CommonModules/袪邪褋褔械褌袟邪褉锌谢邪褌褘袘邪蟹芯胁褘泄/Ext/Module.bsl	袛胁懈卸械薪懈褟	袨锌谢邪褔械薪薪褘械袛芯谐芯胁芯褉褘
CommonModules	袨斜褖懈泄袦芯写褍谢褜	袪邪褋褔械褌袟邪褉锌谢邪褌褘袘邪蟹芯胁褘泄	CommonModules/袪邪褋褔械褌袟邪褉锌谢邪褌褘袘邪蟹芯胁褘泄/Ext/Module.bsl	袛胁懈卸械薪懈褟	袩谢邪薪芯胁褘械袗胁邪薪褋褘
CommonModules	袨斜褖懈泄袦芯写褍谢褜	袪邪褋褔械褌袟邪褉锌谢邪褌褘袘邪蟹芯胁褘泄	CommonModules/袪邪褋褔械褌袟邪褉锌谢邪褌褘袘邪蟹芯胁褘泄/Ext/Module.bsl	袛胁懈卸械薪懈褟	袩谢邪薪芯胁褘械袧邪褔懈褋谢械薪懈褟
CommonModules	袨斜褖懈泄袦芯写褍谢褜	袪邪褋褔械褌袟邪褉锌谢邪褌褘袘邪蟹芯胁褘泄	CommonModules/袪邪褋褔械褌袟邪褉锌谢邪褌褘袘邪蟹芯胁褘泄/Ext/Module.bsl	袛胁懈卸械薪懈褟	袩谢邪薪芯胁褘械校写械褉卸邪薪懈褟
CommonModules	袨斜褖懈泄袦芯写褍谢褜	袪邪褋褔械褌袠屑褍褖械褋褌胁械薪薪褘褏袧邪谢芯谐芯胁袘袩	CommonModules/袪邪褋褔械褌袠屑褍褖械褋褌胁械薪薪褘褏袧邪谢芯谐芯胁袘袩/Ext/Module.bsl	袛胁懈卸械薪懈褟	袪邪褋褏芯写褘袧邪袩谢邪褌芯薪
CommonModules	袨斜褖懈泄袦芯写褍谢褜	袪邪褋褔械褌袠屑褍褖械褋褌胁械薪薪褘褏袧邪谢芯谐芯胁袘袩	CommonModules/袪邪褋褔械褌袠屑褍褖械褋褌胁械薪薪褘褏袧邪谢芯谐芯胁袘袩/Ext/Module.bsl	袛胁懈卸械薪懈褟	啸芯蟹褉邪褋褔械褌薪褘泄
CommonModules	袨斜褖懈泄袦芯写褍谢褜	袪邪褋褔械褌袧邪谢芯谐邪袧邪袩褉懈斜褘谢褜	CommonModules/袪邪褋褔械褌袧邪谢芯谐邪袧邪袩褉懈斜褘谢褜/Ext/Module.bsl	袛胁懈卸械薪懈褟	袟邪锌懈褋邪褌褜
CommonModules	袨斜褖懈泄袦芯写褍谢褜	袪邪褋褔械褌袧邪谢芯谐邪袧邪袩褉懈斜褘谢褜	CommonModules/袪邪褋褔械褌袧邪谢芯谐邪袧邪袩褉懈斜褘谢褜/Ext/Module.bsl	袛胁懈卸械薪懈褟	啸芯蟹褉邪褋褔械褌薪褘泄
CommonModules	袨斜褖懈泄袦芯写褍谢褜	袪邪褋褔械褌小械斜械褋褌芯懈屑芯褋褌懈	CommonModules/袪邪褋褔械褌小械斜械褋褌芯懈屑芯褋褌懈/Ext/Module.bsl	袛胁懈卸械薪懈褟	袗泻褌懈胁薪芯褋褌褜
CommonModules	袨斜褖懈泄袦芯写褍谢褜	袪邪褋褔械褌小械斜械褋褌芯懈屑芯褋褌懈	CommonModules/袪邪褋褔械褌小械斜械褋褌芯懈屑芯褋褌懈/Ext/Module.bsl	袛胁懈卸械薪懈褟	袙懈写袛胁懈卸械薪懈褟
CommonModules	袨斜褖懈泄袦芯写褍谢褜	袪邪褋褔械褌小械斜械褋褌芯懈屑芯褋褌懈	CommonModules/袪邪褋褔械褌小械斜械褋褌芯懈屑芯褋褌懈/Ext/Module.bsl	袛胁懈卸械薪懈褟	袙褘锌褍褋泻
CommonModules	袨斜褖懈泄袦芯写褍谢褜	袪邪褋褔械褌小械斜械褋褌芯懈屑芯褋褌懈	CommonModules/袪邪褋褔械褌小械斜械褋褌芯懈屑芯褋褌懈/Ext/Module.bsl	袛胁懈卸械薪懈褟	袛邪薪薪褘械袟邪斜邪谢邪薪褋芯胁芯谐芯校褔械褌邪
CommonModules	袨斜褖懈泄袦芯写褍谢褜	袪邪褋褔械褌小械斜械褋褌芯懈屑芯褋褌懈	CommonModules/袪邪褋褔械褌小械斜械褋褌芯懈屑芯褋褌懈/Ext/Module.bsl	袛胁懈卸械薪懈褟	袣芯谢懈褔械褋褌胁芯
CommonModules	袨斜褖懈泄袦芯写褍谢褜	袪邪褋褔械褌小械斜械褋褌芯懈屑芯褋褌懈	CommonModules/袪邪褋褔械褌小械斜械褋褌芯懈屑芯褋褌懈/Ext/Module.bsl	袛胁懈卸械薪懈褟	袣芯谢懈褔械褋褌胁芯袣褌
CommonModules	袨斜褖懈泄袦芯写褍谢褜	袪邪褋褔械褌小械斜械褋褌芯懈屑芯褋褌懈	CommonModules/袪邪褋褔械褌小械斜械褋褌芯懈屑芯褋褌懈/Ext/Module.bsl	袛胁懈卸械薪懈褟	袧芯屑械薪泻谢邪褌褍褉邪袛褌
CommonModules	袨斜褖懈泄袦芯写褍谢褜	袪邪褋褔械褌小械斜械褋褌芯懈屑芯褋褌懈	CommonModules/袪邪褋褔械褌小械斜械褋褌芯懈屑芯褋褌懈/Ext/Module.bsl	袛胁懈卸械薪懈褟	袧芯屑械薪泻谢邪褌褍褉邪袣褌
CommonModules	袨斜褖懈泄袦芯写褍谢褜	袪邪褋褔械褌小械斜械褋褌芯懈屑芯褋褌懈	CommonModules/袪邪褋褔械褌小械斜械褋褌芯懈屑芯褋褌懈/Ext/Module.bsl	袛胁懈卸械薪懈褟	袧芯屑械褉小褌褉芯泻懈
CommonModules	袨斜褖懈泄袦芯写褍谢褜	袪邪褋褔械褌小械斜械褋褌芯懈屑芯褋褌懈	CommonModules/袪邪褋褔械褌小械斜械褋褌芯懈屑芯褋褌懈/Ext/Module.bsl	袛胁懈卸械薪懈褟	袨褉谐邪薪懈蟹邪褑懈褟
CommonModules	袨斜褖懈泄袦芯写褍谢褜	袪邪褋褔械褌小械斜械褋褌芯懈屑芯褋褌懈	CommonModules/袪邪褋褔械褌小械斜械褋褌芯懈屑芯褋褌懈/Ext/Module.bsl	袛胁懈卸械薪懈褟	袩械褉械褏芯写袧邪袟邪斜邪谢邪薪褋芯胁褘泄校褔械褌
CommonModules	袨斜褖懈泄袦芯写褍谢褜	袪邪褋褔械褌小械斜械褋褌芯懈屑芯褋褌懈	CommonModules/袪邪褋褔械褌小械斜械褋褌芯懈屑芯褋褌懈/Ext/Module.bsl	袛胁懈卸械薪懈褟	袩械褉懈芯写
CommonModules	袨斜褖懈泄袦芯写褍谢褜	袪邪褋褔械褌小械斜械褋褌芯懈屑芯褋褌懈	CommonModules/袪邪褋褔械褌小械斜械褋褌芯懈屑芯褋褌懈/Ext/Module.bsl	袛胁懈卸械薪懈褟	袩芯写褉邪蟹写械谢械薪懈械袛褌
CommonModules	袨斜褖懈泄袦芯写褍谢褜	袪邪褋褔械褌小械斜械褋褌芯懈屑芯褋褌懈	CommonModules/袪邪褋褔械褌小械斜械褋褌芯懈屑芯褋褌懈/Ext/Module.bsl	袛胁懈卸械薪懈褟	袩芯写褉邪蟹写械谢械薪懈械袣褌
CommonModules	袨斜褖懈泄袦芯写褍谢褜	袪邪褋褔械褌小械斜械褋褌芯懈屑芯褋褌懈	CommonModules/袪邪褋褔械褌小械斜械褋褌芯懈屑芯褋褌懈/Ext/Module.bsl	袛胁懈卸械薪懈褟	袪械谐懈褋褌褉邪褌芯褉
CommonModules	袨斜褖懈泄袦芯写褍谢褜	袪邪褋褔械褌小械斜械褋褌芯懈屑芯褋褌懈	CommonModules/袪邪褋褔械褌小械斜械褋褌芯懈屑芯褋褌懈/Ext/Module.bsl	袛胁懈卸械薪懈褟	小褍斜泻芯薪褌芯袛褌1
CommonModules	袨斜褖懈泄袦芯写褍谢褜	袪邪褋褔械褌小械斜械褋褌芯懈屑芯褋褌懈	CommonModules/袪邪褋褔械褌小械斜械褋褌芯懈屑芯褋褌懈/Ext/Module.bsl	袛胁懈卸械薪懈褟	小褍斜泻芯薪褌芯袛褌2
CommonModules	袨斜褖懈泄袦芯写褍谢褜	袪邪褋褔械褌小械斜械褋褌芯懈屑芯褋褌懈	CommonModules/袪邪褋褔械褌小械斜械褋褌芯懈屑芯褋褌懈/Ext/Module.bsl	袛胁懈卸械薪懈褟	小褍斜泻芯薪褌芯袛褌3
CommonModules	袨斜褖懈泄袦芯写褍谢褜	袪邪褋褔械褌小械斜械褋褌芯懈屑芯褋褌懈	CommonModules/袪邪褋褔械褌小械斜械褋褌芯懈屑芯褋褌懈/Ext/Module.bsl	袛胁懈卸械薪懈褟	小褍斜泻芯薪褌芯袣褌1
CommonModules	袨斜褖懈泄袦芯写褍谢褜	袪邪褋褔械褌小械斜械褋褌芯懈屑芯褋褌懈	CommonModules/袪邪褋褔械褌小械斜械褋褌芯懈屑芯褋褌懈/Ext/Module.bsl	袛胁懈卸械薪懈褟	小褍斜泻芯薪褌芯袣褌2
CommonModules	袨斜褖懈泄袦芯写褍谢褜	袪邪褋褔械褌小械斜械褋褌芯懈屑芯褋褌懈	CommonModules/袪邪褋褔械褌小械斜械褋褌芯懈屑芯褋褌懈/Ext/Module.bsl	袛胁懈卸械薪懈褟	小褍斜泻芯薪褌芯袣褌3
CommonModules	袨斜褖懈泄袦芯写褍谢褜	袪邪褋褔械褌小械斜械褋褌芯懈屑芯褋褌懈	CommonModules/袪邪褋褔械褌小械斜械褋褌芯懈屑芯褋褌懈/Ext/Module.bsl	袛胁懈卸械薪懈褟	小褍屑屑邪
CommonModules	袨斜褖懈泄袦芯写褍谢褜	袪邪褋褔械褌小械斜械褋褌芯懈屑芯褋褌懈	CommonModules/袪邪褋褔械褌小械斜械褋褌芯懈屑芯褋褌懈/Ext/Module.bsl	袛胁懈卸械薪懈褟	小褍屑屑邪袙袪
CommonModules	袨斜褖懈泄袦芯写褍谢褜	袪邪褋褔械褌小械斜械褋褌芯懈屑芯褋褌懈	CommonModules/袪邪褋褔械褌小械斜械褋褌芯懈屑芯褋褌懈/Ext/Module.bsl	袛胁懈卸械薪懈褟	小褍屑屑邪袧校
CommonModules	袨斜褖懈泄袦芯写褍谢褜	袪邪褋褔械褌小械斜械褋褌芯懈屑芯褋褌懈	CommonModules/袪邪褋褔械褌小械斜械褋褌芯懈屑芯褋褌懈/Ext/Module.bsl	袛胁懈卸械薪懈褟	小褍屑屑邪袩袪
CommonModules	袨斜褖懈泄袦芯写褍谢褜	袪邪褋褔械褌小械斜械褋褌芯懈屑芯褋褌懈	CommonModules/袪邪褋褔械褌小械斜械褋褌芯懈屑芯褋褌懈/Ext/Module.bsl	袛胁懈卸械薪懈褟	小褔械褌袛褌
CommonModules	袨斜褖懈泄袦芯写褍谢褜	袪邪褋褔械褌小械斜械褋褌芯懈屑芯褋褌懈	CommonModules/袪邪褋褔械褌小械斜械褋褌芯懈屑芯褋褌懈/Ext/Module.bsl	袛胁懈卸械薪懈褟	小褔械褌袣褌
CommonModules	袨斜褖懈泄袦芯写褍谢褜	袪邪褋褔械褌小械斜械褋褌芯懈屑芯褋褌懈	CommonModules/袪邪褋褔械褌小械斜械褋褌芯懈屑芯褋褌懈/Ext/Module.bsl	袛胁懈卸械薪懈褟	肖懈泻褋懈褉芯胁邪薪薪邪褟小褌芯懈屑芯褋褌褜
CommonModules	袨斜褖懈泄袦芯写褍谢褜	袪邪褋褔械褌小械斜械褋褌芯懈屑芯褋褌懈	CommonModules/袪邪褋褔械褌小械斜械褋褌芯懈屑芯褋褌懈/Ext/Module.bsl	袛胁懈卸械薪懈褟	啸芯蟹褉邪褋褔械褌薪褘泄
CommonModules	袨斜褖懈泄袦芯写褍谢褜	袪械蟹械褉胁袨褌锌褍褋泻芯胁	CommonModules/袪械蟹械褉胁袨褌锌褍褋泻芯胁/Ext/Module.bsl	袛胁懈卸械薪懈褟	袨褑械薪芯褔薪褘械袨斜褟蟹邪褌械谢褜褋褌胁邪
CommonModules	袨斜褖懈泄袦芯写褍谢褜	袪械蟹械褉胁袨褌锌褍褋泻芯胁	CommonModules/袪械蟹械褉胁袨褌锌褍褋泻芯胁/Ext/Module.bsl	袛胁懈卸械薪懈褟	袨褑械薪芯褔薪褘械袨斜褟蟹邪褌械谢褜褋褌胁邪袩芯小芯褌褉褍写薪懈泻邪屑
CommonModules	袨斜褖懈泄袦芯写褍谢褜	袪械蟹械褉胁袨褌锌褍褋泻芯胁	CommonModules/袪械蟹械褉胁袨褌锌褍褋泻芯胁/Ext/Module.bsl	袛胁懈卸械薪懈褟	袪邪褋褔械褌袪械蟹械褉胁邪袨褌锌褍褋泻芯胁
CommonModules	袨斜褖懈泄袦芯写褍谢褜	袪械蟹械褉胁褘袩芯袨锌谢邪褌械孝褉褍写邪	CommonModules/袪械蟹械褉胁褘袩芯袨锌谢邪褌械孝褉褍写邪/Ext/Module.bsl	袛胁懈卸械薪懈褟	袨褑械薪芯褔薪褘械袨斜褟蟹邪褌械谢褜褋褌胁邪
CommonModules	袨斜褖懈泄袦芯写褍谢褜	袪械蟹械褉胁褘袩芯袨锌谢邪褌械孝褉褍写邪	CommonModules/袪械蟹械褉胁褘袩芯袨锌谢邪褌械孝褉褍写邪/Ext/Module.bsl	袛胁懈卸械薪懈褟	袨褑械薪芯褔薪褘械袨斜褟蟹邪褌械谢褜褋褌胁邪袩芯小芯褌褉褍写薪懈泻邪屑
CommonModules	袨斜褖懈泄袦芯写褍谢褜	小胁械褉褌泻邪袠薪褎芯褉屑邪褑懈芯薪薪芯泄袘邪蟹褘	CommonModules/小胁械褉褌泻邪袠薪褎芯褉屑邪褑懈芯薪薪芯泄袘邪蟹褘/Ext/Module.bsl	袛胁懈卸械薪懈褟	小芯写械褉卸懈褌
CommonModules	袨斜褖懈泄袦芯写褍谢褜	小褌邪褌褍褋褘袛芯泻褍屑械薪褌芯胁	CommonModules/小褌邪褌褍褋褘袛芯泻褍屑械薪褌芯胁/Ext/Module.bsl	袛胁懈卸械薪懈褟	袨锌谢邪褌邪小褔械褌芯胁
CommonModules	袨斜褖懈泄袦芯写褍谢褜	孝芯褉谐芯胁褘泄小斜芯褉	CommonModules/孝芯褉谐芯胁褘泄小斜芯褉/Ext/Module.bsl	袛胁懈卸械薪懈褟	袪邪褋褔械褌孝芯褉谐芯胁芯谐芯小斜芯褉邪
CommonModules	袨斜褖懈泄袦芯写褍谢褜	孝芯褉谐芯胁褘泄小斜芯褉	CommonModules/孝芯褉谐芯胁褘泄小斜芯褉/Ext/Module.bsl	袛胁懈卸械薪懈褟	啸芯蟹褉邪褋褔械褌薪褘泄
CommonModules	袨斜褖懈泄袦芯写褍谢褜	孝褍褉懈褋褌懈褔械褋泻懈泄袧邪谢芯谐小械褉胁械褉	CommonModules/孝褍褉懈褋褌懈褔械褋泻懈泄袧邪谢芯谐小械褉胁械褉/Ext/Module.bsl	袛胁懈卸械薪懈褟	孝褍褉懈褋褌懈褔械褋泻懈泄袧邪谢芯谐
CommonModules	袨斜褖懈泄袦芯写褍谢褜	孝褍褉懈褋褌懈褔械褋泻懈泄袧邪谢芯谐小械褉胁械褉	CommonModules/孝褍褉懈褋褌懈褔械褋泻懈泄袧邪谢芯谐小械褉胁械褉/Ext/Module.bsl	袛胁懈卸械薪懈褟	啸芯蟹褉邪褋褔械褌薪褘泄
CommonModules	袨斜褖懈泄袦芯写褍谢褜	校锌褉邪胁谢械薪懈械袙薪械芯斜芯褉芯褌薪褘屑懈袗泻褌懈胁邪屑懈	CommonModules/校锌褉邪胁谢械薪懈械袙薪械芯斜芯褉芯褌薪褘屑懈袗泻褌懈胁邪屑懈/Ext/Module.bsl	袛胁懈卸械薪懈褟	啸芯蟹褉邪褋褔械褌薪褘泄
CommonModules	袨斜褖懈泄袦芯写褍谢褜	校褋褌邪胁薪褘泄袣邪锌懈褌邪谢	CommonModules/校褋褌邪胁薪褘泄袣邪锌懈褌邪谢/Ext/Module.bsl	袛胁懈卸械薪懈褟	啸芯蟹褉邪褋褔械褌薪褘泄
CommonModules	袨斜褖懈泄袦芯写褍谢褜	校褔械褌袗校小袧	CommonModules/校褔械褌袗校小袧/Ext/Module.bsl	袛胁懈卸械薪懈褟	袪邪褋褔械褌褘袧袛肖袥袗校小袧
CommonModules	袨斜褖懈泄袦芯写褍谢褜	校褔械褌袗校小袧	CommonModules/校褔械褌袗校小袧/Ext/Module.bsl	袛胁懈卸械薪懈褟	啸芯蟹褉邪褋褔械褌薪褘泄
CommonModules	袨斜褖懈泄袦芯写褍谢褜	校褔械褌袗泻褑懈蟹芯胁	CommonModules/校褔械褌袗泻褑懈蟹芯胁/Ext/Module.bsl	袛胁懈卸械薪懈褟	啸芯蟹褉邪褋褔械褌薪褘泄
CommonModules	袨斜褖懈泄袦芯写褍谢褜	校褔械褌袙蟹邪懈屑芯褉邪褋褔械褌芯胁	CommonModules/校褔械褌袙蟹邪懈屑芯褉邪褋褔械褌芯胁/Ext/Module.bsl	袛胁懈卸械薪懈褟	袣薪懈谐邪校褔械褌邪袛芯褏芯写芯胁袠袪邪褋褏芯写芯胁
CommonModules	袨斜褖懈泄袦芯写褍谢褜	校褔械褌袙蟹邪懈屑芯褉邪褋褔械褌芯胁	CommonModules/校褔械褌袙蟹邪懈屑芯褉邪褋褔械褌芯胁/Ext/Module.bsl	袛胁懈卸械薪懈褟	袩褉芯褔懈械袪邪褋褔械褌褘
CommonModules	袨斜褖懈泄袦芯写褍谢褜	校褔械褌袙蟹邪懈屑芯褉邪褋褔械褌芯胁	CommonModules/校褔械褌袙蟹邪懈屑芯褉邪褋褔械褌芯胁/Ext/Module.bsl	袛胁懈卸械薪懈褟	啸芯蟹褉邪褋褔械褌薪褘泄
CommonModules	袨斜褖懈泄袦芯写褍谢褜	校褔械褌袙蟹邪懈屑芯褉邪褋褔械褌芯胁袨褌谢芯卸械薪薪芯械袩褉芯胁械写械薪懈械	CommonModules/校褔械褌袙蟹邪懈屑芯褉邪褋褔械褌芯胁袨褌谢芯卸械薪薪芯械袩褉芯胁械写械薪懈械/Ext/Module.bsl	袛胁懈卸械薪懈褟	袙褋褌邪胁懈褌褜
CommonModules	袨斜褖懈泄袦芯写褍谢褜	校褔械褌袙蟹邪懈屑芯褉邪褋褔械褌芯胁袨褌谢芯卸械薪薪芯械袩褉芯胁械写械薪懈械	CommonModules/校褔械褌袙蟹邪懈屑芯褉邪褋褔械褌芯胁袨褌谢芯卸械薪薪芯械袩褉芯胁械写械薪懈械/Ext/Module.bsl	袛胁懈卸械薪懈褟	小胁芯泄褋褌胁芯
CommonModules	袨斜褖懈泄袦芯写褍谢褜	校褔械褌袙蟹邪懈屑芯褉邪褋褔械褌芯胁袨褌谢芯卸械薪薪芯械袩褉芯胁械写械薪懈械	CommonModules/校褔械褌袙蟹邪懈屑芯褉邪褋褔械褌芯胁袨褌谢芯卸械薪薪芯械袩褉芯胁械写械薪懈械/Ext/Module.bsl	袛胁懈卸械薪懈褟	啸芯蟹褉邪褋褔械褌薪褘泄
CommonModules	袨斜褖懈泄袦芯写褍谢褜	校褔械褌袚褉褍锌锌芯胁褘褏袨小	CommonModules/校褔械褌袚褉褍锌锌芯胁褘褏袨小/Ext/Module.bsl	袛胁懈卸械薪懈褟	袩械褉胁芯薪邪褔邪谢褜薪褘械小胁械写械薪懈褟袨小袧邪谢芯谐芯胁褘泄校褔械褌校小袧
CommonModules	袨斜褖懈泄袦芯写褍谢褜	校褔械褌袚褉褍锌锌芯胁褘褏袨小	CommonModules/校褔械褌袚褉褍锌锌芯胁褘褏袨小/Ext/Module.bsl	袛胁懈卸械薪懈褟	小锌芯褋芯斜褘袗屑芯褉褌懈蟹邪褑懈懈袚褉褍锌锌芯胁褘褏袨斜褗械泻褌芯胁袨小
CommonModules	袨斜褖懈泄袦芯写褍谢褜	校褔械褌袚褉褍锌锌芯胁褘褏袨小	CommonModules/校褔械褌袚褉褍锌锌芯胁褘褏袨小/Ext/Module.bsl	袛胁懈卸械薪懈褟	小褉芯泻懈袠褋锌芯谢褜蟹芯胁邪薪懈褟袚褉褍锌锌芯胁褘褏袨斜褗械泻褌芯胁袨小
CommonModules	袨斜褖懈泄袦芯写褍谢褜	校褔械褌袚褉褍锌锌芯胁褘褏袨小	CommonModules/校褔械褌袚褉褍锌锌芯胁褘褏袨小/Ext/Module.bsl	袛胁懈卸械薪懈褟	啸芯蟹褉邪褋褔械褌薪褘泄
CommonModules	袨斜褖懈泄袦芯写褍谢褜	校褔械褌袚褉褍锌锌芯胁褘褏袨小	CommonModules/校褔械褌袚褉褍锌锌芯胁褘褏袨小/Ext/Module.bsl	袛胁懈卸械薪懈褟	协谢械屑械薪褌褘袗屑芯褉褌懈蟹邪褑懈懈袚褉褍锌锌芯胁褘褏袨小袘褍褏谐邪谢褌械褉褋泻懈泄校褔械褌
CommonModules	袨斜褖懈泄袦芯写褍谢褜	校褔械褌袛械薪械卸薪褘褏小褉械写褋褌胁	CommonModules/校褔械褌袛械薪械卸薪褘褏小褉械写褋褌胁/Ext/Module.bsl	袛胁懈卸械薪懈褟	啸芯蟹褉邪褋褔械褌薪褘泄
CommonModules	袨斜褖懈泄袦芯写褍谢褜	校褔械褌袛械锌芯薪懈褉芯胁邪薪薪芯泄袟邪褉锌谢邪褌褘	CommonModules/校褔械褌袛械锌芯薪懈褉芯胁邪薪薪芯泄袟邪褉锌谢邪褌褘/Ext/Module.bsl	袛胁懈卸械薪懈褟	袙蟹邪懈屑芯褉邪褋褔械褌褘小袛械锌芯薪械薪褌邪屑懈
CommonModules	袨斜褖懈泄袦芯写褍谢褜	校褔械褌袛芯褏芯写芯胁袠袪邪褋褏芯写芯胁袩褉械写锌褉懈薪懈屑邪褌械谢褟	CommonModules/校褔械褌袛芯褏芯写芯胁袠袪邪褋褏芯写芯胁袩褉械写锌褉懈薪懈屑邪褌械谢褟/Ext/Module.bsl	袛胁懈卸械薪懈褟	袠袩袛芯褏芯写褘
CommonModules	袨斜褖懈泄袦芯写褍谢褜	校褔械褌袛芯褏芯写芯胁袠袪邪褋褏芯写芯胁袩褉械写锌褉懈薪懈屑邪褌械谢褟	CommonModules/校褔械褌袛芯褏芯写芯胁袠袪邪褋褏芯写芯胁袩褉械写锌褉懈薪懈屑邪褌械谢褟/Ext/Module.bsl	袛胁懈卸械薪懈褟	袠袩袠薪褘械袦邪褌械褉懈邪谢褜薪褘械袪邪褋褏芯写褘
CommonModules	袨斜褖懈泄袦芯写褍谢褜	校褔械褌袛芯褏芯写芯胁袠袪邪褋褏芯写芯胁袩褉械写锌褉懈薪懈屑邪褌械谢褟	CommonModules/校褔械褌袛芯褏芯写芯胁袠袪邪褋褏芯写芯胁袩褉械写锌褉懈薪懈屑邪褌械谢褟/Ext/Module.bsl	袛胁懈卸械薪懈褟	袠袩袦袩袟
CommonModules	袨斜褖懈泄袦芯写褍谢褜	校褔械褌袛芯褏芯写芯胁袠袪邪褋褏芯写芯胁袩褉械写锌褉懈薪懈屑邪褌械谢褟	CommonModules/校褔械褌袛芯褏芯写芯胁袠袪邪褋褏芯写芯胁袩褉械写锌褉懈薪懈屑邪褌械谢褟/Ext/Module.bsl	袛胁懈卸械薪懈褟	袠袩袦袩袟袨斜芯褉芯褌褘
CommonModules	袨斜褖懈泄袦芯写褍谢褜	校褔械褌袛芯褏芯写芯胁袠袪邪褋褏芯写芯胁袩褉械写锌褉懈薪懈屑邪褌械谢褟	CommonModules/校褔械褌袛芯褏芯写芯胁袠袪邪褋褏芯写芯胁袩褉械写锌褉懈薪懈屑邪褌械谢褟/Ext/Module.bsl	袛胁懈卸械薪懈褟	袠袩袦袩袟袨褌谐褉褍卸械薪薪褘械
CommonModules	袨斜褖懈泄袦芯写褍谢褜	校褔械褌袛芯褏芯写芯胁袠袪邪褋褏芯写芯胁袩褉械写锌褉懈薪懈屑邪褌械谢褟	CommonModules/校褔械褌袛芯褏芯写芯胁袠袪邪褋褏芯写芯胁袩褉械写锌褉懈薪懈屑邪褌械谢褟/Ext/Module.bsl	袛胁懈卸械薪懈褟	袠袩袩褉芯褔懈械袛芯褏芯写褘
CommonModules	袨斜褖懈泄袦芯写褍谢褜	校褔械褌袛芯褏芯写芯胁袠袪邪褋褏芯写芯胁袩褉械写锌褉懈薪懈屑邪褌械谢褟	CommonModules/校褔械褌袛芯褏芯写芯胁袠袪邪褋褏芯写芯胁袩褉械写锌褉懈薪懈屑邪褌械谢褟/Ext/Module.bsl	袛胁懈卸械薪懈褟	袠袩袩褉芯褔懈械袪邪褋褏芯写褘
CommonModules	袨斜褖懈泄袦芯写褍谢褜	校褔械褌袛芯褏芯写芯胁袠袪邪褋褏芯写芯胁袩褉械写锌褉懈薪懈屑邪褌械谢褟	CommonModules/校褔械褌袛芯褏芯写芯胁袠袪邪褋褏芯写芯胁袩褉械写锌褉懈薪懈屑邪褌械谢褟/Ext/Module.bsl	袛胁懈卸械薪懈褟	袠袩袪袘袩
CommonModules	袨斜褖懈泄袦芯写褍谢褜	校褔械褌袛芯褏芯写芯胁袠袪邪褋褏芯写芯胁袩褉械写锌褉懈薪懈屑邪褌械谢褟	CommonModules/校褔械褌袛芯褏芯写芯胁袠袪邪褋褏芯写芯胁袩褉械写锌褉懈薪懈屑邪褌械谢褟/Ext/Module.bsl	袛胁懈卸械薪懈褟	袠袩袪邪褋褏芯写褘袧邪袨锌谢邪褌褍孝褉褍写邪
CommonModules	袨斜褖懈泄袦芯写褍谢褜	校褔械褌袛芯褏芯写芯胁袠袪邪褋褏芯写芯胁袩褉械写锌褉懈薪懈屑邪褌械谢褟	CommonModules/校褔械褌袛芯褏芯写芯胁袠袪邪褋褏芯写芯胁袩褉械写锌褉懈薪懈屑邪褌械谢褟/Ext/Module.bsl	袛胁懈卸械薪懈褟	袠袩小胁械写械薪懈褟袨斜袨锌谢邪褌械袨小懈袧袦袗
CommonModules	袨斜褖懈泄袦芯写褍谢褜	校褔械褌袛芯褏芯写芯胁袠袪邪褋褏芯写芯胁袩褉械写锌褉懈薪懈屑邪褌械谢褟	CommonModules/校褔械褌袛芯褏芯写芯胁袠袪邪褋褏芯写芯胁袩褉械写锌褉懈薪懈屑邪褌械谢褟/Ext/Module.bsl	袛胁懈卸械薪懈褟	袧邪泄褌懈
CommonModules	袨斜褖懈泄袦芯写褍谢褜	校褔械褌袛芯褏芯写芯胁袠袪邪褋褏芯写芯胁袩褉械写锌褉懈薪懈屑邪褌械谢褟	CommonModules/校褔械褌袛芯褏芯写芯胁袠袪邪褋褏芯写芯胁袩褉械写锌褉懈薪懈屑邪褌械谢褟/Ext/Module.bsl	袛胁懈卸械薪懈褟	袧邪褔懈褋谢械薪懈械袗屑芯褉褌懈蟹邪褑懈懈袧袦袗小锌械褑懈邪谢褜薪褘泄袣芯褝褎褎懈褑懈械薪褌袧邪谢芯谐芯胁褘泄校褔械褌
CommonModules	袨斜褖懈泄袦芯写褍谢褜	校褔械褌袛芯褏芯写芯胁袠袪邪褋褏芯写芯胁袩褉械写锌褉懈薪懈屑邪褌械谢褟	CommonModules/校褔械褌袛芯褏芯写芯胁袠袪邪褋褏芯写芯胁袩褉械写锌褉懈薪懈屑邪褌械谢褟/Ext/Module.bsl	袛胁懈卸械薪懈褟	袧邪褔懈褋谢械薪懈械袗屑芯褉褌懈蟹邪褑懈懈袨小袧邪谢芯谐芯胁褘泄校褔械褌
CommonModules	袨斜褖懈泄袦芯写褍谢褜	校褔械褌袛芯褏芯写芯胁袠袪邪褋褏芯写芯胁袩褉械写锌褉懈薪懈屑邪褌械谢褟	CommonModules/校褔械褌袛芯褏芯写芯胁袠袪邪褋褏芯写芯胁袩褉械写锌褉懈薪懈屑邪褌械谢褟/Ext/Module.bsl	袛胁懈卸械薪懈褟	袧邪褔懈褋谢械薪懈械袗屑芯褉褌懈蟹邪褑懈懈袨小小锌械褑懈邪谢褜薪褘泄袣芯褝褎褎懈褑懈械薪褌袧邪谢芯谐芯胁褘泄校褔械褌
CommonModules	袨斜褖懈泄袦芯写褍谢褜	校褔械褌袛芯褏芯写芯胁袠袪邪褋褏芯写芯胁袩褉械写锌褉懈薪懈屑邪褌械谢褟	CommonModules/校褔械褌袛芯褏芯写芯胁袠袪邪褋褏芯写芯胁袩褉械写锌褉懈薪懈屑邪褌械谢褟/Ext/Module.bsl	袛胁懈卸械薪懈褟	袩邪褉邪屑械褌褉褘袗屑芯褉褌懈蟹邪褑懈懈袨小袧邪谢芯谐芯胁褘泄校褔械褌
CommonModules	袨斜褖懈泄袦芯写褍谢褜	校褔械褌袛芯褏芯写芯胁袠袪邪褋褏芯写芯胁袩褉械写锌褉懈薪懈屑邪褌械谢褟	CommonModules/校褔械褌袛芯褏芯写芯胁袠袪邪褋褏芯写芯胁袩褉械写锌褉懈薪懈屑邪褌械谢褟/Ext/Module.bsl	袛胁懈卸械薪懈褟	袩械褉胁芯薪邪褔邪谢褜薪褘械小胁械写械薪懈褟袧袦袗袧邪谢芯谐芯胁褘泄校褔械褌
CommonModules	袨斜褖懈泄袦芯写褍谢褜	校褔械褌袛芯褏芯写芯胁袠袪邪褋褏芯写芯胁袩褉械写锌褉懈薪懈屑邪褌械谢褟	CommonModules/校褔械褌袛芯褏芯写芯胁袠袪邪褋褏芯写芯胁袩褉械写锌褉懈薪懈屑邪褌械谢褟/Ext/Module.bsl	袛胁懈卸械薪懈褟	袩械褉胁芯薪邪褔邪谢褜薪褘械小胁械写械薪懈褟袨小袧邪谢芯谐芯胁褘泄校褔械褌
CommonModules	袨斜褖懈泄袦芯写褍谢褜	校褔械褌袛芯褏芯写芯胁袠袪邪褋褏芯写芯胁袩褉械写锌褉懈薪懈屑邪褌械谢褟	CommonModules/校褔械褌袛芯褏芯写芯胁袠袪邪褋褏芯写芯胁袩褉械写锌褉懈薪懈屑邪褌械谢褟/Ext/Module.bsl	袛胁懈卸械薪懈褟	袩褉芯褔懈械袪邪褋褔械褌褘
CommonModules	袨斜褖懈泄袦芯写褍谢褜	校褔械褌袛芯褏芯写芯胁袪邪褋褏芯写芯胁	CommonModules/校褔械褌袛芯褏芯写芯胁袪邪褋褏芯写芯胁/Ext/Module.bsl	袛胁懈卸械薪懈褟	袧袛小袟邪锌懈褋懈袣薪懈谐懈袩褉芯写邪卸
CommonModules	袨斜褖懈泄袦芯写褍谢褜	校褔械褌袛芯褏芯写芯胁袪邪褋褏芯写芯胁	CommonModules/校褔械褌袛芯褏芯写芯胁袪邪褋褏芯写芯胁/Ext/Module.bsl	袛胁懈卸械薪懈褟	袨褌谢芯卸械薪薪褘械袣褍褉褋芯胁褘械袪邪蟹薪懈褑褘
CommonModules	袨斜褖懈泄袦芯写褍谢褜	校褔械褌袛芯褏芯写芯胁袪邪褋褏芯写芯胁	CommonModules/校褔械褌袛芯褏芯写芯胁袪邪褋褏芯写芯胁/Ext/Module.bsl	袛胁懈卸械薪懈褟	袪邪褋褔械褌袩械褉械芯褑械薪泻懈袙邪谢褞褌薪褘褏小褉械写褋褌胁
CommonModules	袨斜褖懈泄袦芯写褍谢褜	校褔械褌袛芯褏芯写芯胁袪邪褋褏芯写芯胁	CommonModules/校褔械褌袛芯褏芯写芯胁袪邪褋褏芯写芯胁/Ext/Module.bsl	袛胁懈卸械薪懈褟	袪邪褋褔械褌袪械邪谢懈蟹邪褑懈懈袨褌谢芯卸械薪薪褘褏袣褍褉褋芯胁褘褏袪邪蟹薪懈褑
CommonModules	袨斜褖懈泄袦芯写褍谢褜	校褔械褌袛芯褏芯写芯胁袪邪褋褏芯写芯胁	CommonModules/校褔械褌袛芯褏芯写芯胁袪邪褋褏芯写芯胁/Ext/Module.bsl	袛胁懈卸械薪懈褟	袪械邪谢懈蟹芯胁邪薪薪褘械孝芯胁邪褉褘袣芯屑懈褌械薪褌芯胁
CommonModules	袨斜褖懈泄袦芯写褍谢褜	校褔械褌袛芯褏芯写芯胁袪邪褋褏芯写芯胁	CommonModules/校褔械褌袛芯褏芯写芯胁袪邪褋褏芯写芯胁/Ext/Module.bsl	袛胁懈卸械薪懈褟	啸芯蟹褉邪褋褔械褌薪褘泄
CommonModules	袨斜褖懈泄袦芯写褍谢褜	校褔械褌袝袧袙袛	CommonModules/校褔械褌袝袧袙袛/Ext/Module.bsl	袛胁懈卸械薪懈褟	袪邪褋褏芯写褘袧邪袨薪谢邪泄薪袣邪褋褋褘校屑械薪褜褕邪褞褖懈械袧邪谢芯谐懈
CommonModules	袨斜褖懈泄袦芯写褍谢褜	校褔械褌袝袧袙袛	CommonModules/校褔械褌袝袧袙袛/Ext/Module.bsl	袛胁懈卸械薪懈褟	啸芯蟹褉邪褋褔械褌薪褘泄
CommonModules	袨斜褖懈泄袦芯写褍谢褜	校褔械褌袟邪褉锌谢邪褌褘	CommonModules/校褔械褌袟邪褉锌谢邪褌褘/Ext/Module.bsl	袛胁懈卸械薪懈褟	袙蟹邪懈屑芯褉邪褋褔械褌褘小袛械锌芯薪械薪褌邪屑懈
CommonModules	袨斜褖懈泄袦芯写褍谢褜	校褔械褌袟邪褉锌谢邪褌褘	CommonModules/校褔械褌袟邪褉锌谢邪褌褘/Ext/Module.bsl	袛胁懈卸械薪懈褟	袛邪薪薪褘械袩芯校写械褉卸邪薪懈褟屑袛谢褟袩械褔邪褌懈效械泻芯胁
CommonModules	袨斜褖懈泄袦芯写褍谢褜	校褔械褌袟邪褉锌谢邪褌褘	CommonModules/校褔械褌袟邪褉锌谢邪褌褘/Ext/Module.bsl	袛胁懈卸械薪懈褟	袧袛肖袥袣袩械褉械褔懈褋谢械薪懈褞
CommonModules	袨斜褖懈泄袦芯写褍谢褜	校褔械褌袟邪褉锌谢邪褌褘	CommonModules/校褔械褌袟邪褉锌谢邪褌褘/Ext/Module.bsl	袛胁懈卸械薪懈褟	袧邪泄褌懈
CommonModules	袨斜褖懈泄袦芯写褍谢褜	校褔械褌袟邪褉锌谢邪褌褘	CommonModules/校褔械褌袟邪褉锌谢邪褌褘/Ext/Module.bsl	袛胁懈卸械薪懈褟	袨锌谢邪褌邪袙械写芯屑芯褋褌械泄袧邪袙褘锌谢邪褌褍袟邪褉锌谢邪褌褘
CommonModules	袨斜褖懈泄袦芯写褍谢褜	校褔械褌袟邪褉锌谢邪褌褘	CommonModules/校褔械褌袟邪褉锌谢邪褌褘/Ext/Module.bsl	袛胁懈卸械薪懈褟	袪邪褋褔械褌褘袧邪谢芯谐芯锌谢邪褌械谢褜褖懈泻芯胁小袘褞写卸械褌芯屑袩芯袧袛肖袥
CommonModules	袨斜褖懈泄袦芯写褍谢褜	校褔械褌袟邪褉锌谢邪褌褘	CommonModules/校褔械褌袟邪褉锌谢邪褌褘/Ext/Module.bsl	袛胁懈卸械薪懈褟	校锌谢邪褌邪袧袛肖袥袧邪谢芯谐芯胁褘屑懈袗谐械薪褌邪屑懈袣袪邪褋锌褉械写械谢械薪懈褞
CommonModules	袨斜褖懈泄袦芯写褍谢褜	校褔械褌袟邪褉锌谢邪褌褘	CommonModules/校褔械褌袟邪褉锌谢邪褌褘/Ext/Module.bsl	袛胁懈卸械薪懈褟	啸芯蟹褉邪褋褔械褌薪褘泄
CommonModules	袨斜褖懈泄袦芯写褍谢褜	校褔械褌袣褉械写懈褌芯胁袟邪泄屑芯胁	CommonModules/校褔械褌袣褉械写懈褌芯胁袟邪泄屑芯胁/Ext/Module.bsl	袛胁懈卸械薪懈褟	啸芯蟹褉邪褋褔械褌薪褘泄
CommonModules	袨斜褖懈泄袦芯写褍谢褜	校褔械褌袦邪褌械褉懈邪谢芯胁袙协泻褋锌谢褍邪褌邪褑懈懈	CommonModules/校褔械褌袦邪褌械褉懈邪谢芯胁袙协泻褋锌谢褍邪褌邪褑懈懈/Ext/Module.bsl	袛胁懈卸械薪懈褟	啸芯蟹褉邪褋褔械褌薪褘泄
CommonModules	袨斜褖懈泄袦芯写褍谢褜	校褔械褌袧袛小	CommonModules/校褔械褌袧袛小/Ext/Module.bsl	袛胁懈卸械薪懈褟	袞褍褉薪邪谢校褔械褌邪小褔械褌芯胁肖邪泻褌褍褉
CommonModules	袨斜褖懈泄袦芯写褍谢褜	校褔械褌袧袛小	CommonModules/校褔械褌袧袛小/Ext/Module.bsl	袛胁懈卸械薪懈褟	袧袛小袟邪锌懈褋懈袣薪懈谐懈袩芯泻褍锌芯泻
CommonModules	袨斜褖懈泄袦芯写褍谢褜	校褔械褌袧袛小	CommonModules/校褔械褌袧袛小/Ext/Module.bsl	袛胁懈卸械薪懈褟	袧袛小袟邪锌懈褋懈袣薪懈谐懈袩褉芯写邪卸
CommonModules	袨斜褖懈泄袦芯写褍谢褜	校褔械褌袧袛小	CommonModules/校褔械褌袧袛小/Ext/Module.bsl	袛胁懈卸械薪懈褟	袧袛小袧邪褔懈褋谢械薪薪褘泄
CommonModules	袨斜褖懈泄袦芯写褍谢褜	校褔械褌袧袛小	CommonModules/校褔械褌袧袛小/Ext/Module.bsl	袛胁懈卸械薪懈褟	袧袛小袩芯袩褉懈芯斜褉械褌械薪薪褘屑笑械薪薪芯褋褌褟屑
CommonModules	袨斜褖懈泄袦芯写褍谢褜	校褔械褌袧袛小	CommonModules/校褔械褌袧袛小/Ext/Module.bsl	袛胁懈卸械薪懈褟	袧袛小袩褉械写褗褟胁谢械薪薪褘泄
CommonModules	袨斜褖懈泄袦芯写褍谢褜	校褔械褌袧袛小	CommonModules/校褔械褌袧袛小/Ext/Module.bsl	袛胁懈卸械薪懈褟	袧袛小袩褉械写褗褟胁谢械薪薪褘泄袪械邪谢懈蟹邪褑懈褟0
CommonModules	袨斜褖懈泄袦芯写褍谢褜	校褔械褌袧袛小	CommonModules/校褔械褌袧袛小/Ext/Module.bsl	袛胁懈卸械薪懈褟	袧袛小袪邪蟹写械谢褜薪褘泄校褔械褌
CommonModules	袨斜褖懈泄袦芯写褍谢褜	校褔械褌袧袛小	CommonModules/校褔械褌袧袛小/Ext/Module.bsl	袛胁懈卸械薪懈褟	袧袛小袪械邪谢懈蟹邪褑懈褟0
CommonModules	袨斜褖懈泄袦芯写褍谢褜	校褔械褌袧袛小	CommonModules/校褔械褌袧袛小/Ext/Module.bsl	袛胁懈卸械薪懈褟	袨褕懈斜芯褔薪褘械袪械泻胁懈蟹懈褌褘袣芯薪褌褉邪谐械薪褌芯胁
CommonModules	袨斜褖懈泄袦芯写褍谢褜	校褔械褌袧袛小	CommonModules/校褔械褌袧袛小/Ext/Module.bsl	袛胁懈卸械薪懈褟	小胁械写械薪懈褟孝邪屑芯卸械薪薪褘褏袛械泻谢邪褉邪褑懈泄协泻褋锌芯褉褌
CommonModules	袨斜褖懈泄袦芯写褍谢褜	校褔械褌袧袛小	CommonModules/校褔械褌袧袛小/Ext/Module.bsl	袛胁懈卸械薪懈褟	啸芯蟹褉邪褋褔械褌薪褘泄
CommonModules	袨斜褖懈泄袦芯写褍谢褜	校褔械褌袧袛小袘袩	CommonModules/校褔械褌袧袛小袘袩/Ext/Module.bsl	袛胁懈卸械薪懈褟	袧袛小袗胁邪薪褋褘袩芯袛芯谐芯胁芯褉邪屑袣芯屑懈褋褋懈懈
CommonModules	袨斜褖懈泄袦芯写褍谢褜	校褔械褌袧袛小袘袩	CommonModules/校褔械褌袧袛小袘袩/Ext/Module.bsl	袛胁懈卸械薪懈褟	袧袛小袟邪锌懈褋懈袣薪懈谐懈袩芯泻褍锌芯泻
CommonModules	袨斜褖懈泄袦芯写褍谢褜	校褔械褌袧袛小袘袩	CommonModules/校褔械褌袧袛小袘袩/Ext/Module.bsl	袛胁懈卸械薪懈褟	袧袛小袟邪锌懈褋懈袣薪懈谐懈袩褉芯写邪卸
CommonModules	袨斜褖懈泄袦芯写褍谢褜	校褔械褌袧袛小袘袩	CommonModules/校褔械褌袧袛小袘袩/Ext/Module.bsl	袛胁懈卸械薪懈褟	袧袛小袣芯褋胁械薪薪褘械袪邪褋褏芯写褘
CommonModules	袨斜褖懈泄袦芯写褍谢褜	校褔械褌袧袛小袘袩	CommonModules/校褔械褌袧袛小袘袩/Ext/Module.bsl	袛胁懈卸械薪懈褟	袧袛小袧邪褔懈褋谢械薪薪褘泄
CommonModules	袨斜褖懈泄袦芯写褍谢褜	校褔械褌袧袛小袘袩	CommonModules/校褔械褌袧袛小袘袩/Ext/Module.bsl	袛胁懈卸械薪懈褟	袧袛小袩芯袩褉懈芯斜褉械褌械薪薪褘屑笑械薪薪芯褋褌褟屑
CommonModules	袨斜褖懈泄袦芯写褍谢褜	校褔械褌袧袛小袘袩	CommonModules/校褔械褌袧袛小袘袩/Ext/Module.bsl	袛胁懈卸械薪懈褟	袧袛小袩褉械写褗褟胁谢械薪薪褘泄
CommonModules	袨斜褖懈泄袦芯写褍谢褜	校褔械褌袧袛小袘袩	CommonModules/校褔械褌袧袛小袘袩/Ext/Module.bsl	袛胁懈卸械薪懈褟	袧袛小袩褉械写褗褟胁谢械薪薪褘泄袪械邪谢懈蟹邪褑懈褟0
CommonModules	袨斜褖懈泄袦芯写褍谢褜	校褔械褌袧袛小袘袩	CommonModules/校褔械褌袧袛小袘袩/Ext/Module.bsl	袛胁懈卸械薪懈褟	袧袛小小袗胁邪薪褋芯胁
CommonModules	袨斜褖懈泄袦芯写褍谢褜	校褔械褌袧袛小袘袩	CommonModules/校褔械褌袧袛小袘袩/Ext/Module.bsl	袛胁懈卸械薪懈褟	袧袛小锌芯袩褉懈芯斜褉械褌械薪薪褘屑笑械薪薪芯褋褌褟屑
CommonModules	袨斜褖懈泄袦芯写褍谢褜	校褔械褌袧袛小袘袩	CommonModules/校褔械褌袧袛小袘袩/Ext/Module.bsl	袛胁懈卸械薪懈褟	袧袛小褋袗胁邪薪褋芯胁
CommonModules	袨斜褖懈泄袦芯写褍谢褜	校褔械褌袧袛小袘袩	CommonModules/校褔械褌袧袛小袘袩/Ext/Module.bsl	袛胁懈卸械薪懈褟	袪褍斜谢械胁褘械小褍屑屑褘袛芯泻褍屑械薪褌芯胁袙袙邪谢褞褌械
CommonModules	袨斜褖懈泄袦芯写褍谢褜	校褔械褌袧袛小袘袩	CommonModules/校褔械褌袧袛小袘袩/Ext/Module.bsl	袛胁懈卸械薪懈褟	啸芯蟹褉邪褋褔械褌薪褘泄
CommonModules	袨斜褖懈泄袦芯写褍谢褜	校褔械褌袧袛小袪邪蟹写械谢褜薪褘泄	CommonModules/校褔械褌袧袛小袪邪蟹写械谢褜薪褘泄/Ext/Module.bsl	袛胁懈卸械薪懈褟	袛芯泻褍屑械薪褌褘袩芯袧械芯斜谢邪谐邪械屑褘屑袧袛小袨锌械褉邪褑懈褟屑
CommonModules	袨斜褖懈泄袦芯写褍谢褜	校褔械褌袧袛小袪邪蟹写械谢褜薪褘泄	CommonModules/校褔械褌袧袛小袪邪蟹写械谢褜薪褘泄/Ext/Module.bsl	袛胁懈卸械薪懈褟	袧袛小袟邪锌懈褋懈袣薪懈谐懈袩芯泻褍锌芯泻
CommonModules	袨斜褖懈泄袦芯写褍谢褜	校褔械褌袧袛小袪邪蟹写械谢褜薪褘泄	CommonModules/校褔械褌袧袛小袪邪蟹写械谢褜薪褘泄/Ext/Module.bsl	袛胁懈卸械薪懈褟	袧袛小袟邪锌懈褋懈袣薪懈谐懈袩褉芯写邪卸
CommonModules	袨斜褖懈泄袦芯写褍谢褜	校褔械褌袧袛小袪邪蟹写械谢褜薪褘泄	CommonModules/校褔械褌袧袛小袪邪蟹写械谢褜薪褘泄/Ext/Module.bsl	袛胁懈卸械薪懈褟	袧袛小袧械芯斜谢邪谐邪械屑褘械袨锌械褉邪褑懈懈
CommonModules	袨斜褖懈泄袦芯写褍谢褜	校褔械褌袧袛小袪邪蟹写械谢褜薪褘泄	CommonModules/校褔械褌袧袛小袪邪蟹写械谢褜薪褘泄/Ext/Module.bsl	袛胁懈卸械薪懈褟	袧袛小袩褉械写褗褟胁谢械薪薪褘泄
CommonModules	袨斜褖懈泄袦芯写褍谢褜	校褔械褌袧袛小袪邪蟹写械谢褜薪褘泄	CommonModules/校褔械褌袧袛小袪邪蟹写械谢褜薪褘泄/Ext/Module.bsl	袛胁懈卸械薪懈褟	袧袛小袩褉械写褗褟胁谢械薪薪褘泄袪械邪谢懈蟹邪褑懈褟0
CommonModules	袨斜褖懈泄袦芯写褍谢褜	校褔械褌袧袛小袪邪蟹写械谢褜薪褘泄	CommonModules/校褔械褌袧袛小袪邪蟹写械谢褜薪褘泄/Ext/Module.bsl	袛胁懈卸械薪懈褟	袧袛小袪邪蟹写械谢褜薪褘泄校褔械褌
CommonModules	袨斜褖懈泄袦芯写褍谢褜	校褔械褌袧袛小袪邪蟹写械谢褜薪褘泄	CommonModules/校褔械褌袧袛小袪邪蟹写械谢褜薪褘泄/Ext/Module.bsl	袛胁懈卸械薪懈褟	袩邪褉邪屑械褌褉褘袗屑芯褉褌懈蟹邪褑懈懈袨小袘褍褏谐邪谢褌械褉褋泻懈泄校褔械褌
CommonModules	袨斜褖懈泄袦芯写褍谢褜	校褔械褌袧袛小袪邪蟹写械谢褜薪褘泄	CommonModules/校褔械褌袧袛小袪邪蟹写械谢褜薪褘泄/Ext/Module.bsl	袛胁懈卸械薪懈褟	袩械褉胁芯薪邪褔邪谢褜薪褘械小胁械写械薪懈褟袧袦袗袘褍褏谐邪谢褌械褉褋泻懈泄校褔械褌
CommonModules	袨斜褖懈泄袦芯写褍谢褜	校褔械褌袧袛小袪邪蟹写械谢褜薪褘泄	CommonModules/校褔械褌袧袛小袪邪蟹写械谢褜薪褘泄/Ext/Module.bsl	袛胁懈卸械薪懈褟	袩械褉胁芯薪邪褔邪谢褜薪褘械小胁械写械薪懈褟袧袦袗袧邪谢芯谐芯胁褘泄校褔械褌
CommonModules	袨斜褖懈泄袦芯写褍谢褜	校褔械褌袧袛小袪邪蟹写械谢褜薪褘泄	CommonModules/校褔械褌袧袛小袪邪蟹写械谢褜薪褘泄/Ext/Module.bsl	袛胁懈卸械薪懈褟	袩械褉胁芯薪邪褔邪谢褜薪褘械小胁械写械薪懈褟袨小袘褍褏谐邪谢褌械褉褋泻懈泄校褔械褌
CommonModules	袨斜褖懈泄袦芯写褍谢褜	校褔械褌袧袛小袪邪蟹写械谢褜薪褘泄	CommonModules/校褔械褌袧袛小袪邪蟹写械谢褜薪褘泄/Ext/Module.bsl	袛胁懈卸械薪懈褟	袩械褉胁芯薪邪褔邪谢褜薪褘械小胁械写械薪懈褟袨小袧邪谢芯谐芯胁褘泄校褔械褌
CommonModules	袨斜褖懈泄袦芯写褍谢褜	校褔械褌袧袛小袪邪蟹写械谢褜薪褘泄	CommonModules/校褔械褌袧袛小袪邪蟹写械谢褜薪褘泄/Ext/Module.bsl	袛胁懈卸械薪懈褟	小芯斜褘褌懈褟袨小袨褉谐邪薪懈蟹邪褑懈泄
CommonModules	袨斜褖懈泄袦芯写褍谢褜	校褔械褌袧袛小袪邪蟹写械谢褜薪褘泄	CommonModules/校褔械褌袧袛小袪邪蟹写械谢褜薪褘泄/Ext/Module.bsl	袛胁懈卸械薪懈褟	啸芯蟹褉邪褋褔械褌薪褘泄
CommonModules	袨斜褖懈泄袦芯写褍谢褜	校褔械褌袧袛肖袥	CommonModules/校褔械褌袧袛肖袥/Ext/Module.bsl	袛胁懈卸械薪懈褟	袗胁邪薪褋芯胁褘械袩谢邪褌械卸懈袠薪芯褋褌褉邪薪褑械胁袩芯袧袛肖袥
CommonModules	袨斜褖懈泄袦芯写褍谢褜	校褔械褌袧袛肖袥	CommonModules/校褔械褌袧袛肖袥/Ext/Module.bsl	袛胁懈卸械薪懈褟	袛芯泻褍屑械薪褌褘校褔褌械薪薪褘械袩褉懈袪邪褋褔械褌械袧袛肖袥
CommonModules	袨斜褖懈泄袦芯写褍谢褜	校褔械褌袧袛肖袥	CommonModules/校褔械褌袧袛肖袥/Ext/Module.bsl	袛胁懈卸械薪懈褟	袟邪褉锌谢邪褌邪袣袙褘锌谢邪褌械袗胁邪薪褋芯屑
CommonModules	袨斜褖懈泄袦芯写褍谢褜	校褔械褌袧袛肖袥	CommonModules/校褔械褌袧袛肖袥/Ext/Module.bsl	袛胁懈卸械薪懈褟	袠屑褍褖械褋褌胁械薪薪褘械袙褘褔械褌褘袧袛肖袥
CommonModules	袨斜褖懈泄袦芯写褍谢褜	校褔械褌袧袛肖袥	CommonModules/校褔械褌袧袛肖袥/Ext/Module.bsl	袛胁懈卸械薪懈褟	袧袛肖袥袣袩械褉械褔懈褋谢械薪懈褞
CommonModules	袨斜褖懈泄袦芯写褍谢褜	校褔械褌袧袛肖袥	CommonModules/校褔械褌袧袛肖袥/Ext/Module.bsl	袛胁懈卸械薪懈褟	袧袛肖袥袩械褉械褔懈褋谢械薪薪褘泄
CommonModules	袨斜褖懈泄袦芯写褍谢褜	校褔械褌袧袛肖袥	CommonModules/校褔械褌袧袛肖袥/Ext/Module.bsl	袛胁懈卸械薪懈褟	袧邪泄褌懈
CommonModules	袨斜褖懈泄袦芯写褍谢褜	校褔械褌袧袛肖袥	CommonModules/校褔械褌袧袛肖袥/Ext/Module.bsl	袛胁懈卸械薪懈褟	袩褉械写芯褋褌邪胁谢械薪薪褘械小褌邪薪写邪褉褌薪褘械袠小芯褑懈邪谢褜薪褘械袙褘褔械褌褘袧袛肖袥
CommonModules	袨斜褖懈泄袦芯写褍谢褜	校褔械褌袧袛肖袥	CommonModules/校褔械褌袧袛肖袥/Ext/Module.bsl	袛胁懈卸械薪懈褟	袩褉懈屑械薪械薪懈械小褌邪薪写邪褉褌薪褘褏袙褘褔械褌芯胁袩芯袧袛肖袥
CommonModules	袨斜褖懈泄袦芯写褍谢褜	校褔械褌袧袛肖袥	CommonModules/校褔械褌袧袛肖袥/Ext/Module.bsl	袛胁懈卸械薪懈褟	袪邪褋褔械褌褘袧邪谢芯谐芯胁褘褏袗谐械薪褌芯胁小袘褞写卸械褌芯屑袩芯袧袛肖袥
CommonModules	袨斜褖懈泄袦芯写褍谢褜	校褔械褌袧袛肖袥	CommonModules/校褔械褌袧袛肖袥/Ext/Module.bsl	袛胁懈卸械薪懈褟	袪邪褋褔械褌褘袧邪谢芯谐芯锌谢邪褌械谢褜褖懈泻芯胁小袘褞写卸械褌芯屑袩芯袧袛肖袥
CommonModules	袨斜褖懈泄袦芯写褍谢褜	校褔械褌袧袛肖袥	CommonModules/校褔械褌袧袛肖袥/Ext/Module.bsl	袛胁懈卸械薪懈褟	小胁械写械薪懈褟袨袛芯褏芯写邪褏袧袛肖袥
CommonModules	袨斜褖懈泄袦芯写褍谢褜	校褔械褌袧袛肖袥	CommonModules/校褔械褌袧袛肖袥/Ext/Module.bsl	袛胁懈卸械薪懈褟	小芯写械褉卸懈褌
CommonModules	袨斜褖懈泄袦芯写褍谢褜	校褔械褌袧袛肖袥	CommonModules/校褔械褌袧袛肖袥/Ext/Module.bsl	袛胁懈卸械薪懈褟	小褌邪薪写邪褉褌薪褘械袙褘褔械褌褘袧邪袛械褌械泄袧袛肖袥
CommonModules	袨斜褖懈泄袦芯写褍谢褜	校褔械褌袧袛肖袥	CommonModules/校褔械褌袧袛肖袥/Ext/Module.bsl	袛胁懈卸械薪懈褟	小褌邪薪写邪褉褌薪褘械袙褘褔械褌褘肖懈蟹懈褔械褋泻懈褏袥懈褑袧袛肖袥
CommonModules	袨斜褖懈泄袦芯写褍谢褜	校褔械褌袧袛肖袥	CommonModules/校褔械褌袧袛肖袥/Ext/Module.bsl	袛胁懈卸械薪懈褟	校锌谢邪褌邪袧袛肖袥袧邪谢芯谐芯胁褘屑懈袗谐械薪褌邪屑懈袣袪邪褋锌褉械写械谢械薪懈褞
CommonModules	袨斜褖懈泄袦芯写褍谢褜	校褔械褌袧袛肖袥袩褉械写锌褉懈薪懈屑邪褌械谢褟	CommonModules/校褔械褌袧袛肖袥袩褉械写锌褉懈薪懈屑邪褌械谢褟/Ext/Module.bsl	袛胁懈卸械薪懈褟	啸芯蟹褉邪褋褔械褌薪褘泄
CommonModules	袨斜褖懈泄袦芯写褍谢褜	校褔械褌袧袛肖袥肖芯褉屑褘	CommonModules/校褔械褌袧袛肖袥肖芯褉屑褘/Ext/Module.bsl	袛胁懈卸械薪懈褟	袙褋褌邪胁懈褌褜
CommonModules	袨斜褖懈泄袦芯写褍谢褜	校褔械褌袧袦袗	CommonModules/校褔械褌袧袦袗/Ext/Module.bsl	袛胁懈卸械薪懈褟	袙褘褉邪斜芯褌泻邪袧袦袗
CommonModules	袨斜褖懈泄袦芯写褍谢褜	校褔械褌袧袦袗	CommonModules/校褔械褌袧袦袗/Ext/Module.bsl	袛胁懈卸械薪懈褟	袛邪褌褘袧邪褔邪谢邪小褌邪写懈懈袪邪蟹褉邪斜芯褌芯泻袧袠袨袣袪
CommonModules	袨斜褖懈泄袦芯写褍谢褜	校褔械褌袧袦袗	CommonModules/校褔械褌袧袦袗/Ext/Module.bsl	袛胁懈卸械薪懈褟	袧邪褔懈褋谢械薪懈械袗屑芯褉褌懈蟹邪褑懈懈袧袦袗小锌械褑懈邪谢褜薪褘泄袣芯褝褎褎懈褑懈械薪褌袧邪谢芯谐芯胁褘泄校褔械褌
CommonModules	袨斜褖懈泄袦芯写褍谢褜	校褔械褌袧袦袗	CommonModules/校褔械褌袧袦袗/Ext/Module.bsl	袛胁懈卸械薪懈褟	袨锌谢邪褌褘袧袦袗袛谢褟校小袧
CommonModules	袨斜褖懈泄袦芯写褍谢褜	校褔械褌袧袦袗	CommonModules/校褔械褌袧袦袗/Ext/Module.bsl	袛胁懈卸械薪懈褟	袩械褉胁芯薪邪褔邪谢褜薪褘械小胁械写械薪懈褟袧袦袗袘褍褏谐邪谢褌械褉褋泻懈泄校褔械褌
CommonModules	袨斜褖懈泄袦芯写褍谢褜	校褔械褌袧袦袗	CommonModules/校褔械褌袧袦袗/Ext/Module.bsl	袛胁懈卸械薪懈褟	袩械褉胁芯薪邪褔邪谢褜薪褘械小胁械写械薪懈褟袧袦袗袧邪谢芯谐芯胁褘泄校褔械褌
CommonModules	袨斜褖懈泄袦芯写褍谢褜	校褔械褌袧袦袗	CommonModules/校褔械褌袧袦袗/Ext/Module.bsl	袛胁懈卸械薪懈褟	袩械褉胁芯薪邪褔邪谢褜薪褘械小胁械写械薪懈褟袧袦袗袧邪谢芯谐芯胁褘泄校褔械褌校小袧
CommonModules	袨斜褖懈泄袦芯写褍谢褜	校褔械褌袧袦袗	CommonModules/校褔械褌袧袦袗/Ext/Module.bsl	袛胁懈卸械薪懈褟	袪械蟹褍谢褜褌邪褌褘袠薪褌械谢谢械泻褌褍邪谢褜薪芯泄袛械褟褌械谢褜薪芯褋褌懈
CommonModules	袨斜褖懈泄袦芯写褍谢褜	校褔械褌袧袦袗	CommonModules/校褔械褌袧袦袗/Ext/Module.bsl	袛胁懈卸械薪懈褟	小芯褋褌芯褟薪懈褟袧袦袗袨褉谐邪薪懈蟹邪褑懈泄
CommonModules	袨斜褖懈泄袦芯写褍谢褜	校褔械褌袧袦袗	CommonModules/校褔械褌袧袦袗/Ext/Module.bsl	袛胁懈卸械薪懈褟	小锌芯褋芯斜褘袨褌褉邪卸械薪懈褟袪邪褋褏芯写芯胁袩芯袗屑芯褉褌懈蟹邪褑懈懈袧袦袗袘褍褏谐邪谢褌械褉褋泻懈泄校褔械褌
CommonModules	袨斜褖懈泄袦芯写褍谢褜	校褔械褌袧袦袗	CommonModules/校褔械褌袧袦袗/Ext/Module.bsl	袛胁懈卸械薪懈褟	小褔械褌邪袘褍褏谐邪谢褌械褉褋泻芯谐芯校褔械褌邪袧袦袗
CommonModules	袨斜褖懈泄袦芯写褍谢褜	校褔械褌袧袦袗	CommonModules/校褔械褌袧袦袗/Ext/Module.bsl	袛胁懈卸械薪懈褟	啸芯蟹褉邪褋褔械褌薪褘泄
CommonModules	袨斜褖懈泄袦芯写褍谢褜	校褔械褌袧袦袗	CommonModules/校褔械褌袧袦袗/Ext/Module.bsl	袛胁懈卸械薪懈褟	协谢械屑械薪褌褘袗屑芯褉褌懈蟹邪褑懈懈袧袦袗袘褍褏谐邪谢褌械褉褋泻懈泄校褔械褌
CommonModules	袨斜褖懈泄袦芯写褍谢褜	校褔械褌袧邪褔懈褋谢械薪薪芯泄袟邪褉锌谢邪褌褘	CommonModules/校褔械褌袧邪褔懈褋谢械薪薪芯泄袟邪褉锌谢邪褌褘/Ext/Module.bsl	袛胁懈卸械薪懈褟	袛芯泻褍屑械薪褌褘校褔褌械薪薪褘械袩褉懈袪邪褋褔械褌械袧袛肖袥
CommonModules	袨斜褖懈泄袦芯写褍谢褜	校褔械褌袧邪褔懈褋谢械薪薪芯泄袟邪褉锌谢邪褌褘	CommonModules/校褔械褌袧邪褔懈褋谢械薪薪芯泄袟邪褉锌谢邪褌褘/Ext/Module.bsl	袛胁懈卸械薪懈褟	袟薪邪褔械薪懈褟袩芯泻邪蟹邪褌械谢械泄袧邪褔懈褋谢械薪懈泄
CommonModules	袨斜褖懈泄袦芯写褍谢褜	校褔械褌袧邪褔懈褋谢械薪薪芯泄袟邪褉锌谢邪褌褘	CommonModules/校褔械褌袧邪褔懈褋谢械薪薪芯泄袟邪褉锌谢邪褌褘/Ext/Module.bsl	袛胁懈卸械薪懈褟	袟薪邪褔械薪懈褟袩芯泻邪蟹邪褌械谢械泄校写械褉卸邪薪懈泄
CommonModules	袨斜褖懈泄袦芯写褍谢褜	校褔械褌袧邪褔懈褋谢械薪薪芯泄袟邪褉锌谢邪褌褘	CommonModules/校褔械褌袧邪褔懈褋谢械薪薪芯泄袟邪褉锌谢邪褌褘/Ext/Module.bsl	袛胁懈卸械薪懈褟	袧邪泄褌懈
CommonModules	袨斜褖懈泄袦芯写褍谢褜	校褔械褌袧邪褔懈褋谢械薪薪芯泄袟邪褉锌谢邪褌褘	CommonModules/校褔械褌袧邪褔懈褋谢械薪薪芯泄袟邪褉锌谢邪褌褘/Ext/Module.bsl	袛胁懈卸械薪懈褟	袧邪褔懈褋谢械薪懈褟校写械褉卸邪薪懈褟袩芯小芯褌褉褍写薪懈泻邪屑
CommonModules	袨斜褖懈泄袦芯写褍谢褜	校褔械褌袧邪褔懈褋谢械薪薪芯泄袟邪褉锌谢邪褌褘	CommonModules/校褔械褌袧邪褔懈褋谢械薪薪芯泄袟邪褉锌谢邪褌褘/Ext/Module.bsl	袛胁懈卸械薪懈褟	袧邪褔懈褋谢械薪懈褟校写械褉卸邪薪懈褟袩芯小芯褌褉褍写薪懈泻邪屑袗胁邪薪褋芯屑
CommonModules	袨斜褖懈泄袦芯写褍谢褜	校褔械褌袧邪褔懈褋谢械薪薪芯泄袟邪褉锌谢邪褌褘	CommonModules/校褔械褌袧邪褔懈褋谢械薪薪芯泄袟邪褉锌谢邪褌褘/Ext/Module.bsl	袛胁懈卸械薪懈褟	袨褌褉邪斜芯褌邪薪薪芯械袙褉械屑褟袩芯小芯褌褉褍写薪懈泻邪屑
CommonModules	袨斜褖懈泄袦芯写褍谢褜	校褔械褌袧邪褔懈褋谢械薪薪芯泄袟邪褉锌谢邪褌褘	CommonModules/校褔械褌袧邪褔懈褋谢械薪薪芯泄袟邪褉锌谢邪褌褘/Ext/Module.bsl	袛胁懈卸械薪懈褟	袨褌褉邪斜芯褌邪薪薪芯械袙褉械屑褟袩芯小芯褌褉褍写薪懈泻邪屑袗胁邪薪褋芯屑
CommonModules	袨斜褖懈泄袦芯写褍谢褜	校褔械褌袧邪褔懈褋谢械薪薪芯泄袟邪褉锌谢邪褌褘	CommonModules/校褔械褌袧邪褔懈褋谢械薪薪芯泄袟邪褉锌谢邪褌褘/Ext/Module.bsl	袛胁懈卸械薪懈褟	小胁械写械薪懈褟袨袛芯褏芯写邪褏袧袛肖袥
CommonModules	袨斜褖懈泄袦芯写褍谢褜	校褔械褌袧邪褔懈褋谢械薪薪芯泄袟邪褉锌谢邪褌褘	CommonModules/校褔械褌袧邪褔懈褋谢械薪薪芯泄袟邪褉锌谢邪褌褘/Ext/Module.bsl	袛胁懈卸械薪懈褟	小胁芯泄褋褌胁芯
CommonModules	袨斜褖懈泄袦芯写褍谢褜	校褔械褌袧邪褔懈褋谢械薪薪芯泄袟邪褉锌谢邪褌褘袘邪蟹芯胁褘泄	CommonModules/校褔械褌袧邪褔懈褋谢械薪薪芯泄袟邪褉锌谢邪褌褘袘邪蟹芯胁褘泄/Ext/Module.bsl	袛胁懈卸械薪懈褟	袧邪褔懈褋谢械薪懈褟校写械褉卸邪薪懈褟袩芯小芯褌褉褍写薪懈泻邪屑
CommonModules	袨斜褖懈泄袦芯写褍谢褜	校褔械褌袨小	CommonModules/校褔械褌袨小/Ext/Module.bsl	袛胁懈卸械薪懈褟	袚褉邪褎懈泻懈袗屑芯褉褌懈蟹邪褑懈懈袨小袘褍褏谐邪谢褌械褉褋泻懈泄校褔械褌
CommonModules	袨斜褖懈泄袦芯写褍谢褜	校褔械褌袨小	CommonModules/校褔械褌袨小/Ext/Module.bsl	袛胁懈卸械薪懈褟	袛邪薪薪褘械袩褉械写屑械褌芯胁袗褉械薪写褘
CommonModules	袨斜褖懈泄袦芯写褍谢褜	校褔械褌袨小	CommonModules/校褔械褌袨小/Ext/Module.bsl	袛胁懈卸械薪懈褟	袦械褋褌芯薪邪褏芯卸写械薪懈械袨小袘褍褏谐邪谢褌械褉褋泻懈泄校褔械褌
CommonModules	袨斜褖懈泄袦芯写褍谢褜	校褔械褌袨小	CommonModules/校褔械褌袨小/Ext/Module.bsl	袛胁懈卸械薪懈褟	袧邪褔懈褋谢械薪懈械袗屑芯褉褌懈蟹邪褑懈懈袨小袘褍褏谐邪谢褌械褉褋泻懈泄校褔械褌
CommonModules	袨斜褖懈泄袦芯写褍谢褜	校褔械褌袨小	CommonModules/校褔械褌袨小/Ext/Module.bsl	袛胁懈卸械薪懈褟	袧邪褔懈褋谢械薪懈械袗屑芯褉褌懈蟹邪褑懈懈袨小袧邪谢芯谐芯胁褘泄校褔械褌
CommonModules	袨斜褖懈泄袦芯写褍谢褜	校褔械褌袨小	CommonModules/校褔械褌袨小/Ext/Module.bsl	袛胁懈卸械薪懈褟	袧邪褔懈褋谢械薪懈械袗屑芯褉褌懈蟹邪褑懈懈袨小小锌械褑懈邪谢褜薪褘泄袣芯褝褎褎懈褑懈械薪褌袧邪谢芯谐芯胁褘泄校褔械褌
CommonModules	袨斜褖懈泄袦芯写褍谢褜	校褔械褌袨小	CommonModules/校褔械褌袨小/Ext/Module.bsl	袛胁懈卸械薪懈褟	袨锌谢邪褌褘袨小袛谢褟校小袧
CommonModules	袨斜褖懈泄袦芯写褍谢褜	校褔械褌袨小	CommonModules/校褔械褌袨小/Ext/Module.bsl	袛胁懈卸械薪懈褟	袩邪褉邪屑械褌褉褘袗屑芯褉褌懈蟹邪褑懈懈袨小袘褍褏谐邪谢褌械褉褋泻懈泄校褔械褌
CommonModules	袨斜褖懈泄袦芯写褍谢褜	校褔械褌袨小	CommonModules/校褔械褌袨小/Ext/Module.bsl	袛胁懈卸械薪懈褟	袩邪褉邪屑械褌褉褘袗屑芯褉褌懈蟹邪褑懈懈袨小袧邪谢芯谐芯胁褘泄校褔械褌
CommonModules	袨斜褖懈泄袦芯写褍谢褜	校褔械褌袨小	CommonModules/校褔械褌袨小/Ext/Module.bsl	袛胁懈卸械薪懈褟	袩械褉胁芯薪邪褔邪谢褜薪褘械小胁械写械薪懈褟袨小袘褍褏谐邪谢褌械褉褋泻懈泄校褔械褌
CommonModules	袨斜褖懈泄袦芯写褍谢褜	校褔械褌袨小	CommonModules/校褔械褌袨小/Ext/Module.bsl	袛胁懈卸械薪懈褟	袩械褉胁芯薪邪褔邪谢褜薪褘械小胁械写械薪懈褟袨小袧邪谢芯谐芯胁褘泄校褔械褌
CommonModules	袨斜褖懈泄袦芯写褍谢褜	校褔械褌袨小	CommonModules/校褔械褌袨小/Ext/Module.bsl	袛胁懈卸械薪懈褟	袩械褉胁芯薪邪褔邪谢褜薪褘械小胁械写械薪懈褟袨小袧邪谢芯谐芯胁褘泄校褔械褌校小袧
CommonModules	袨斜褖懈泄袦芯写褍谢褜	校褔械褌袨小	CommonModules/校褔械褌袨小/Ext/Module.bsl	袛胁懈卸械薪懈褟	袪邪褋褔械褌袪邪褋褏芯写芯胁袩芯袗褉械薪写械
CommonModules	袨斜褖懈泄袦芯写褍谢褜	校褔械褌袨小	CommonModules/校褔械褌袨小/Ext/Module.bsl	袛胁懈卸械薪懈褟	小芯斜褘褌懈褟袨小袨褉谐邪薪懈蟹邪褑懈泄
CommonModules	袨斜褖懈泄袦芯写褍谢褜	校褔械褌袨小	CommonModules/校褔械褌袨小/Ext/Module.bsl	袛胁懈卸械薪懈褟	小芯褋褌芯褟薪懈褟袨小袨褉谐邪薪懈蟹邪褑懈泄
CommonModules	袨斜褖懈泄袦芯写褍谢褜	校褔械褌袨小	CommonModules/校褔械褌袨小/Ext/Module.bsl	袛胁懈卸械薪懈褟	小锌芯褋芯斜褘袨褌褉邪卸械薪懈褟袪邪褋褏芯写芯胁袩芯袗屑芯褉褌懈蟹邪褑懈懈袨小袘褍褏谐邪谢褌械褉褋泻懈泄校褔械褌
CommonModules	袨斜褖懈泄袦芯写褍谢褜	校褔械褌袨小	CommonModules/校褔械褌袨小/Ext/Module.bsl	袛胁懈卸械薪懈褟	小锌芯褋芯斜褘袨褌褉邪卸械薪懈褟袪邪褋褏芯写芯胁袩芯袗褉械薪写薪褘屑袩谢邪褌械卸邪屑袨小袧邪谢芯谐芯胁褘泄校褔械褌
CommonModules	袨斜褖懈泄袦芯写褍谢褜	校褔械褌袨小	CommonModules/校褔械褌袨小/Ext/Module.bsl	袛胁懈卸械薪懈褟	小褔械褌邪袘褍褏谐邪谢褌械褉褋泻芯谐芯校褔械褌邪袨小
CommonModules	袨斜褖懈泄袦芯写褍谢褜	校褔械褌袨小	CommonModules/校褔械褌袨小/Ext/Module.bsl	袛胁懈卸械薪懈褟	啸芯蟹褉邪褋褔械褌薪褘泄
CommonModules	袨斜褖懈泄袦芯写褍谢褜	校褔械褌袩小袧	CommonModules/校褔械褌袩小袧/Ext/Module.bsl	袛胁懈卸械薪懈褟	袣薪懈谐邪校褔械褌邪袛芯褏芯写芯胁袩邪褌械薪褌
CommonModules	袨斜褖懈泄袦芯写褍谢褜	校褔械褌袩小袧	CommonModules/校褔械褌袩小袧/Ext/Module.bsl	袛胁懈卸械薪懈褟	袪邪褋褏芯写褘袧邪袨薪谢邪泄薪袣邪褋褋褘校屑械薪褜褕邪褞褖懈械袧邪谢芯谐懈
CommonModules	袨斜褖懈泄袦芯写褍谢褜	校褔械褌袩小袧	CommonModules/校褔械褌袩小袧/Ext/Module.bsl	袛胁懈卸械薪懈褟	袪邪褋褏芯写褘校屑械薪褜褕邪褞褖懈械袧邪谢芯谐袩芯袨褌写械谢褜薪褘屑袪械卸懈屑邪屑
CommonModules	袨斜褖懈泄袦芯写褍谢褜	校褔械褌袩小袧	CommonModules/校褔械褌袩小袧/Ext/Module.bsl	袛胁懈卸械薪懈褟	袪邪褋褔械褌袧邪褔懈褋谢械薪懈褟袧邪谢芯谐芯胁袧邪袝袧小
CommonModules	袨斜褖懈泄袦芯写褍谢褜	校褔械褌袩小袧	CommonModules/校褔械褌袩小袧/Ext/Module.bsl	袛胁懈卸械薪懈褟	校屑械薪褜褕械薪懈械袧邪谢芯谐邪袧邪小褌褉邪褏芯胁褘械袙蟹薪芯褋褘袠袩
CommonModules	袨斜褖懈泄袦芯写褍谢褜	校褔械褌袩小袧	CommonModules/校褔械褌袩小袧/Ext/Module.bsl	袛胁懈卸械薪懈褟	校屑械薪褜褕械薪懈械袧邪谢芯谐邪袩芯袩邪褌械薪褌褍
CommonModules	袨斜褖懈泄袦芯写褍谢褜	校褔械褌袩小袧	CommonModules/校褔械褌袩小袧/Ext/Module.bsl	袛胁懈卸械薪懈褟	啸芯蟹褉邪褋褔械褌薪褘泄
CommonModules	袨斜褖懈泄袦芯写褍谢褜	校褔械褌袩芯褋芯斜懈泄小芯褑懈邪谢褜薪芯谐芯小褌褉邪褏芯胁邪薪懈褟	CommonModules/校褔械褌袩芯褋芯斜懈泄小芯褑懈邪谢褜薪芯谐芯小褌褉邪褏芯胁邪薪懈褟/Ext/Module.bsl	袛胁懈卸械薪懈褟	袩芯褋芯斜懈褟袩芯小芯褑懈邪谢褜薪芯屑褍小褌褉邪褏芯胁邪薪懈褞
CommonModules	袨斜褖懈泄袦芯写褍谢褜	校褔械褌袩芯褋芯斜懈泄小芯褑懈邪谢褜薪芯谐芯小褌褉邪褏芯胁邪薪懈褟	CommonModules/校褔械褌袩芯褋芯斜懈泄小芯褑懈邪谢褜薪芯谐芯小褌褉邪褏芯胁邪薪懈褟/Ext/Module.bsl	袛胁懈卸械薪懈褟	袩芯褋芯斜懈褟袩芯校褏芯写褍袟邪袪械斜械薪泻芯屑
CommonModules	袨斜褖懈泄袦芯写褍谢褜	校褔械褌袩芯褋芯斜懈泄小芯褑懈邪谢褜薪芯谐芯小褌褉邪褏芯胁邪薪懈褟	CommonModules/校褔械褌袩芯褋芯斜懈泄小芯褑懈邪谢褜薪芯谐芯小褌褉邪褏芯胁邪薪懈褟/Ext/Module.bsl	袛胁懈卸械薪懈褟	袪邪褋褔械褌褘小肖芯薪写邪屑懈袩芯小褌褉邪褏芯胁褘屑袙蟹薪芯褋邪屑
CommonModules	袨斜褖懈泄袦芯写褍谢褜	校褔械褌袩芯褋芯斜懈泄小芯褑懈邪谢褜薪芯谐芯小褌褉邪褏芯胁邪薪懈褟	CommonModules/校褔械褌袩芯褋芯斜懈泄小芯褑懈邪谢褜薪芯谐芯小褌褉邪褏芯胁邪薪懈褟/Ext/Module.bsl	袛胁懈卸械薪懈褟	小褌褉邪褏芯胁褘械袙蟹薪芯褋褘袩芯肖懈蟹懈褔械褋泻懈屑袥懈褑邪屑
CommonModules	袨斜褖懈泄袦芯写褍谢褜	校褔械褌袩褉芯懈蟹胁芯写褋褌胁邪	CommonModules/校褔械褌袩褉芯懈蟹胁芯写褋褌胁邪/Ext/Module.bsl	袛胁懈卸械薪懈褟	袙褘锌褍褋泻袩褉芯写褍泻褑懈懈校褋谢褍谐
CommonModules	袨斜褖懈泄袦芯写褍谢褜	校褔械褌袩褉芯懈蟹胁芯写褋褌胁邪	CommonModules/校褔械褌袩褉芯懈蟹胁芯写褋褌胁邪/Ext/Module.bsl	袛胁懈卸械薪懈褟	啸芯蟹褉邪褋褔械褌薪褘泄
CommonModules	袨斜褖懈泄袦芯写褍谢褜	校褔械褌袪邪褋褏芯写芯胁校屑械薪褜褕邪褞褖懈褏袨褌写械谢褜薪褘械袧邪谢芯谐懈	CommonModules/校褔械褌袪邪褋褏芯写芯胁校屑械薪褜褕邪褞褖懈褏袨褌写械谢褜薪褘械袧邪谢芯谐懈/Ext/Module.bsl	袛胁懈卸械薪懈褟	袪邪褋褏芯写褘校屑械薪褜褕邪褞褖懈械袧邪谢芯谐袩芯袨褌写械谢褜薪褘屑袪械卸懈屑邪屑
CommonModules	袨斜褖懈泄袦芯写褍谢褜	校褔械褌小褌邪卸邪袩肖袪	CommonModules/校褔械褌小褌邪卸邪袩肖袪/Ext/Module.bsl	袛胁懈卸械薪懈褟	袩邪褉邪屑械褌褉褘袩械褉懈芯写芯胁小褌邪卸邪袩肖袪
CommonModules	袨斜褖懈泄袦芯写褍谢褜	校褔械褌小褌褉邪褏芯胁褘褏袙蟹薪芯褋芯胁	CommonModules/校褔械褌小褌褉邪褏芯胁褘褏袙蟹薪芯褋芯胁/Ext/Module.bsl	袛胁懈卸械薪懈褟	袠褋褔懈褋谢械薪薪褘械小褌褉邪褏芯胁褘械袙蟹薪芯褋褘
CommonModules	袨斜褖懈泄袦芯写褍谢褜	校褔械褌小褌褉邪褏芯胁褘褏袙蟹薪芯褋芯胁	CommonModules/校褔械褌小褌褉邪褏芯胁褘褏袙蟹薪芯褋芯胁/Ext/Module.bsl	袛胁懈卸械薪懈褟	袪邪褋褔械褌褘小肖芯薪写邪屑懈袩芯小褌褉邪褏芯胁褘屑袙蟹薪芯褋邪屑
CommonModules	袨斜褖懈泄袦芯写褍谢褜	校褔械褌小褌褉邪褏芯胁褘褏袙蟹薪芯褋芯胁	CommonModules/校褔械褌小褌褉邪褏芯胁褘褏袙蟹薪芯褋芯胁/Ext/Module.bsl	袛胁懈卸械薪懈褟	小胁械写械薪懈褟袨袛芯褏芯写邪褏小褌褉邪褏芯胁褘械袙蟹薪芯褋褘
CommonModules	袨斜褖懈泄袦芯写褍谢褜	校褔械褌小褌褉邪褏芯胁褘褏袙蟹薪芯褋芯胁	CommonModules/校褔械褌小褌褉邪褏芯胁褘褏袙蟹薪芯褋芯胁/Ext/Module.bsl	袛胁懈卸械薪懈褟	小褌褉邪褏芯胁褘械袙蟹薪芯褋褘袩芯肖懈蟹懈褔械褋泻懈屑袥懈褑邪屑
CommonModules	袨斜褖懈泄袦芯写褍谢褜	校褔械褌小褌褉邪褏芯胁褘褏袙蟹薪芯褋芯胁袠袩	CommonModules/校褔械褌小褌褉邪褏芯胁褘褏袙蟹薪芯褋芯胁袠袩/Ext/Module.bsl	袛胁懈卸械薪懈褟	袛芯斜邪胁懈褌褜
CommonModules	袨斜褖懈泄袦芯写褍谢褜	校褔械褌小褌褉邪褏芯胁褘褏袙蟹薪芯褋芯胁袠袩	CommonModules/校褔械褌小褌褉邪褏芯胁褘褏袙蟹薪芯褋芯胁袠袩/Ext/Module.bsl	袛胁懈卸械薪懈褟	袟邪锌懈褋褘胁邪褌褜
CommonModules	袨斜褖懈泄袦芯写褍谢褜	校褔械褌小褌褉邪褏芯胁褘褏袙蟹薪芯褋芯胁袠袩	CommonModules/校褔械褌小褌褉邪褏芯胁褘褏袙蟹薪芯褋芯胁袠袩/Ext/Module.bsl	袛胁懈卸械薪懈褟	袧邪泄褌懈
CommonModules	袨斜褖懈泄袦芯写褍谢褜	校褔械褌小褌褉邪褏芯胁褘褏袙蟹薪芯褋芯胁袠袩	CommonModules/校褔械褌小褌褉邪褏芯胁褘褏袙蟹薪芯褋芯胁袠袩/Ext/Module.bsl	袛胁懈卸械薪懈褟	袨褔懈褋褌懈褌褜
CommonModules	袨斜褖懈泄袦芯写褍谢褜	校褔械褌小褌褉邪褏芯胁褘褏袙蟹薪芯褋芯胁袠袩	CommonModules/校褔械褌小褌褉邪褏芯胁褘褏袙蟹薪芯褋芯胁袠袩/Ext/Module.bsl	袛胁懈卸械薪懈褟	校屑械薪褜褕械薪懈械袧邪谢芯谐邪袧邪小褌褉邪褏芯胁褘械袙蟹薪芯褋褘袠袩
CommonModules	袨斜褖懈泄袦芯写褍谢褜	校褔械褌小褌褉邪褏芯胁褘褏袙蟹薪芯褋芯胁袠袩	CommonModules/校褔械褌小褌褉邪褏芯胁褘褏袙蟹薪芯褋芯胁袠袩/Ext/Module.bsl	袛胁懈卸械薪懈褟	啸芯蟹褉邪褋褔械褌薪褘泄
CommonModules	袨斜褖懈泄袦芯写褍谢褜	校褔械褌孝芯胁邪褉芯胁	CommonModules/校褔械褌孝芯胁邪褉芯胁/Ext/Module.bsl	袛胁懈卸械薪懈褟	袙芯蟹胁褉邪褌褘孝芯胁邪褉芯胁
CommonModules	袨斜褖懈泄袦芯写褍谢褜	校褔械褌孝芯胁邪褉芯胁	CommonModules/校褔械褌孝芯胁邪褉芯胁/Ext/Module.bsl	袛胁懈卸械薪懈褟	袟邪泻褍锌谢械薪薪褘械孝芯胁邪褉褘袣芯屑懈褌械薪褌芯胁
CommonModules	袨斜褖懈泄袦芯写褍谢褜	校褔械褌孝芯胁邪褉芯胁	CommonModules/校褔械褌孝芯胁邪褉芯胁/Ext/Module.bsl	袛胁懈卸械薪懈褟	袧袛小袟邪锌懈褋懈袣薪懈谐懈袩褉芯写邪卸
CommonModules	袨斜褖懈泄袦芯写褍谢褜	校褔械褌孝芯胁邪褉芯胁	CommonModules/校褔械褌孝芯胁邪褉芯胁/Ext/Module.bsl	袛胁懈卸械薪懈褟	啸芯蟹褉邪褋褔械褌薪褘泄
CommonModules	袨斜褖懈泄袦芯写褍谢褜	校褔械褌校小袧	CommonModules/校褔械褌校小袧/Ext/Module.bsl	袛胁懈卸械薪懈褟	袣薪懈谐邪校褔械褌邪袛芯褏芯写芯胁袠袪邪褋褏芯写芯胁
CommonModules	袨斜褖懈泄袦芯写褍谢褜	校褔械褌校小袧	CommonModules/校褔械褌校小袧/Ext/Module.bsl	袛胁懈卸械薪懈褟	袣薪懈谐邪校褔械褌邪袛芯褏芯写芯胁袠袪邪褋褏芯写芯胁袪邪蟹写械谢4
CommonModules	袨斜褖懈泄袦芯写褍谢褜	校褔械褌校小袧	CommonModules/校褔械褌校小袧/Ext/Module.bsl	袛胁懈卸械薪懈褟	袣薪懈谐邪校褔械褌邪袛芯褏芯写芯胁袠袪邪褋褏芯写芯胁袪邪蟹写械谢5
CommonModules	袨斜褖懈泄袦芯写褍谢褜	校褔械褌校小袧	CommonModules/校褔械褌校小袧/Ext/Module.bsl	袛胁懈卸械薪懈褟	袩褉芯褔懈械袪邪褋褔械褌褘
CommonModules	袨斜褖懈泄袦芯写褍谢褜	校褔械褌校小袧	CommonModules/校褔械褌校小袧/Ext/Module.bsl	袛胁懈卸械薪懈褟	袪邪褋褏芯写褘袧邪袨薪谢邪泄薪袣邪褋褋褘校屑械薪褜褕邪褞褖懈械袧邪谢芯谐懈
CommonModules	袨斜褖懈泄袦芯写褍谢褜	校褔械褌校小袧	CommonModules/校褔械褌校小袧/Ext/Module.bsl	袛胁懈卸械薪懈褟	袪邪褋褏芯写褘袩褉懈校小袧
CommonModules	袨斜褖懈泄袦芯写褍谢褜	校褔械褌校小袧	CommonModules/校褔械褌校小袧/Ext/Module.bsl	袛胁懈卸械薪懈褟	校屑械薪褜褕械薪懈械袧邪谢芯谐邪袧邪小褌褉邪褏芯胁褘械袙蟹薪芯褋褘袠袩
CommonModules	袨斜褖懈泄袦芯写褍谢褜	校褔械褌校小袧	CommonModules/校褔械褌校小袧/Ext/Module.bsl	袛胁懈卸械薪懈褟	啸芯蟹褉邪褋褔械褌薪褘泄
CommonModules	袨斜褖懈泄袦芯写褍谢褜	校褔械褌肖邪泻褌懈褔械褋泻懈袩芯谢褍褔械薪薪褘褏袛芯褏芯写芯胁袘邪蟹芯胁褘泄	CommonModules/校褔械褌肖邪泻褌懈褔械褋泻懈袩芯谢褍褔械薪薪褘褏袛芯褏芯写芯胁袘邪蟹芯胁褘泄/Ext/Module.bsl	袛胁懈卸械薪懈褟	袪邪褋褔械褌褘袧邪谢芯谐芯锌谢邪褌械谢褜褖懈泻芯胁小袘褞写卸械褌芯屑袩芯袧袛肖袥
CommonModules	袨斜褖懈泄袦芯写褍谢褜	校褔械褌肖邪泻褌懈褔械褋泻懈袩芯谢褍褔械薪薪褘褏袛芯褏芯写芯胁袘邪蟹芯胁褘泄	CommonModules/校褔械褌肖邪泻褌懈褔械褋泻懈袩芯谢褍褔械薪薪褘褏袛芯褏芯写芯胁袘邪蟹芯胁褘泄/Ext/Module.bsl	袛胁懈卸械薪懈褟	小胁械写械薪懈褟袨袛芯褏芯写邪褏袧袛肖袥
CommonModules	袨斜褖懈泄袦芯写褍谢褜	协谢械泻褌褉芯薪薪褘械孝褉褍写芯胁褘械袣薪懈卸泻懈	CommonModules/协谢械泻褌褉芯薪薪褘械孝褉褍写芯胁褘械袣薪懈卸泻懈/Ext/Module.bsl	袛胁懈卸械薪懈褟	袦械褉芯锌褉懈褟褌懈褟孝褉褍写芯胁芯泄袛械褟褌械谢褜薪芯褋褌懈袩械褉械写邪薪薪褘械
DataProcessors	袨斜褉邪斜芯褌泻邪	Wildberries袩械褉械褏芯写袪袙袘	DataProcessors/Wildberries袩械褉械褏芯写袪袙袘/Ext/ManagerModule.bsl	袛胁懈卸械薪懈褟	袟邪锌懈褋邪褌褜
DataProcessors	袨斜褉邪斜芯褌泻邪	Wildberries袩械褉械褏芯写袪袙袘	DataProcessors/Wildberries袩械褉械褏芯写袪袙袘/Ext/ManagerModule.bsl	袛胁懈卸械薪懈褟	袧袛小袪邪蟹写械谢褜薪褘泄校褔械褌
DataProcessors	袨斜褉邪斜芯褌泻邪	Wildberries袩械褉械褏芯写袪袙袘	DataProcessors/Wildberries袩械褉械褏芯写袪袙袘/Ext/ManagerModule.bsl	袛胁懈卸械薪懈褟	啸芯蟹褉邪褋褔械褌薪褘泄
DataProcessors	袨斜褉邪斜芯褌泻邪	袙胁芯写袨褋褌邪褌泻芯胁袩褉懈袠蟹屑械薪械薪懈懈袨斜褗械泻褌邪校小袧	DataProcessors/袙胁芯写袨褋褌邪褌泻芯胁袩褉懈袠蟹屑械薪械薪懈懈袨斜褗械泻褌邪校小袧/Ext/ManagerModule.bsl	袛胁懈卸械薪懈褟	袟邪锌懈褋邪褌褜
DataProcessors	袨斜褉邪斜芯褌泻邪	袙胁芯写袨褋褌邪褌泻芯胁袩褉懈袠蟹屑械薪械薪懈懈袨斜褗械泻褌邪校小袧	DataProcessors/袙胁芯写袨褋褌邪褌泻芯胁袩褉懈袠蟹屑械薪械薪懈懈袨斜褗械泻褌邪校小袧/Ext/ManagerModule.bsl	袛胁懈卸械薪懈褟	啸芯蟹褉邪褋褔械褌薪褘泄
DataProcessors	袨斜褉邪斜芯褌泻邪	袚褉褍锌锌芯胁芯械袩械褉械锌褉芯胁械写械薪懈械袛芯泻褍屑械薪褌芯胁	DataProcessors/袚褉褍锌锌芯胁芯械袩械褉械锌褉芯胁械写械薪懈械袛芯泻褍屑械薪褌芯胁/Ext/ManagerModule.bsl	袛胁懈卸械薪懈褟	袣芯谢懈褔械褋褌胁芯
DataProcessors	袨斜褉邪斜芯褌泻邪	袣芯薪胁械褉褌邪褑懈褟袨斜褗械泻褌芯胁袠薪褎芯褉屑邪褑懈芯薪薪褘褏袘邪蟹	DataProcessors/袣芯薪胁械褉褌邪褑懈褟袨斜褗械泻褌芯胁袠薪褎芯褉屑邪褑懈芯薪薪褘褏袘邪蟹/Ext/ObjectModule.bsl	袛胁懈卸械薪懈褟	袙褘谐褉褍蟹懈褌褜
DataProcessors	袨斜褉邪斜芯褌泻邪	袣芯薪胁械褉褌邪褑懈褟袨斜褗械泻褌芯胁袠薪褎芯褉屑邪褑懈芯薪薪褘褏袘邪蟹	DataProcessors/袣芯薪胁械褉褌邪褑懈褟袨斜褗械泻褌芯胁袠薪褎芯褉屑邪褑懈芯薪薪褘褏袘邪蟹/Ext/ObjectModule.bsl	袛胁懈卸械薪懈褟	袛芯斜邪胁懈褌褜
DataProcessors	袨斜褉邪斜芯褌泻邪	袣芯薪胁械褉褌邪褑懈褟袨斜褗械泻褌芯胁袠薪褎芯褉屑邪褑懈芯薪薪褘褏袘邪蟹	DataProcessors/袣芯薪胁械褉褌邪褑懈褟袨斜褗械泻褌芯胁袠薪褎芯褉屑邪褑懈芯薪薪褘褏袘邪蟹/Ext/ObjectModule.bsl	袛胁懈卸械薪懈褟	袟邪锌懈褋褘胁邪褌褜
DataProcessors	袨斜褉邪斜芯褌泻邪	袣芯薪胁械褉褌邪褑懈褟袨斜褗械泻褌芯胁袠薪褎芯褉屑邪褑懈芯薪薪褘褏袘邪蟹	DataProcessors/袣芯薪胁械褉褌邪褑懈褟袨斜褗械泻褌芯胁袠薪褎芯褉屑邪褑懈芯薪薪褘褏袘邪蟹/Ext/ObjectModule.bsl	袛胁懈卸械薪懈褟	袣芯谢懈褔械褋褌胁芯
DataProcessors	袨斜褉邪斜芯褌泻邪	袣芯薪胁械褉褌邪褑懈褟袨斜褗械泻褌芯胁袠薪褎芯褉屑邪褑懈芯薪薪褘褏袘邪蟹	DataProcessors/袣芯薪胁械褉褌邪褑懈褟袨斜褗械泻褌芯胁袠薪褎芯褉屑邪褑懈芯薪薪褘褏袘邪蟹/Ext/ObjectModule.bsl	袛胁懈卸械薪懈褟	袨褔懈褋褌懈褌褜
DataProcessors	袨斜褉邪斜芯褌泻邪	袣芯薪胁械褉褌邪褑懈褟袨斜褗械泻褌芯胁袠薪褎芯褉屑邪褑懈芯薪薪褘褏袘邪蟹	DataProcessors/袣芯薪胁械褉褌邪褑懈褟袨斜褗械泻褌芯胁袠薪褎芯褉屑邪褑懈芯薪薪褘褏袘邪蟹/Ext/ObjectModule.bsl	袛胁懈卸械薪懈褟	袩褉芯褔懈褌邪褌褜
DataProcessors	袨斜褉邪斜芯褌泻邪	袨斜褉邪斜芯褌褔懈泻懈袟邪谐褉褍蟹泻懈袠蟹袘褍褏谐邪谢褌械褉懈懈77	DataProcessors/袨斜褉邪斜芯褌褔懈泻懈袟邪谐褉褍蟹泻懈袠蟹袘褍褏谐邪谢褌械褉懈懈77/Ext/ObjectModule.bsl	袛胁懈卸械薪懈褟	小芯斜褘褌懈褟袨小袨褉谐邪薪懈蟹邪褑懈泄
DataProcessors	袨斜褉邪斜芯褌泻邪	袨斜褉邪斜芯褌褔懈泻懈袟邪谐褉褍蟹泻懈袠蟹袘褍褏谐邪谢褌械褉懈懈77	DataProcessors/袨斜褉邪斜芯褌褔懈泻懈袟邪谐褉褍蟹泻懈袠蟹袘褍褏谐邪谢褌械褉懈懈77/Ext/ObjectModule.bsl	袛胁懈卸械薪懈褟	啸芯蟹褉邪褋褔械褌薪褘泄
DataProcessors	袨斜褉邪斜芯褌泻邪	袨斜褉邪斜芯褌褔懈泻懈袟邪谐褉褍蟹泻懈袠蟹校小袧77	DataProcessors/袨斜褉邪斜芯褌褔懈泻懈袟邪谐褉褍蟹泻懈袠蟹校小袧77/Ext/ObjectModule.bsl	袛胁懈卸械薪懈褟	啸芯蟹褉邪褋褔械褌薪褘泄
DataProcessors	袨斜褉邪斜芯褌泻邪	袩芯屑芯褖薪懈泻袠褋泻谢褞褔械薪懈褟袧芯屑械薪泻谢邪褌褍褉褘袠蟹袩褉芯褋谢械卸懈胁邪械屑芯褋褌懈	DataProcessors/袩芯屑芯褖薪懈泻袠褋泻谢褞褔械薪懈褟袧芯屑械薪泻谢邪褌褍褉褘袠蟹袩褉芯褋谢械卸懈胁邪械屑芯褋褌懈/Forms/肖芯褉屑邪/Ext/Form/Module.bsl	袛胁懈卸械薪懈褟	袟邪锌懈褋邪褌褜
DataProcessors	袨斜褉邪斜芯褌泻邪	袩芯屑芯褖薪懈泻袠褋泻谢褞褔械薪懈褟袧芯屑械薪泻谢邪褌褍褉褘袠蟹袩褉芯褋谢械卸懈胁邪械屑芯褋褌懈	DataProcessors/袩芯屑芯褖薪懈泻袠褋泻谢褞褔械薪懈褟袧芯屑械薪泻谢邪褌褍褉褘袠蟹袩褉芯褋谢械卸懈胁邪械屑芯褋褌懈/Forms/肖芯褉屑邪/Ext/Form/Module.bsl	袛胁懈卸械薪懈褟	袩褉芯褋谢械卸懈胁邪械屑褘械袨褋薪芯胁薪褘械小褉械写褋褌胁邪
DataProcessors	袨斜褉邪斜芯褌泻邪	袩芯屑芯褖薪懈泻袠褋泻谢褞褔械薪懈褟袧芯屑械薪泻谢邪褌褍褉褘袠蟹袩褉芯褋谢械卸懈胁邪械屑芯褋褌懈	DataProcessors/袩芯屑芯褖薪懈泻袠褋泻谢褞褔械薪懈褟袧芯屑械薪泻谢邪褌褍褉褘袠蟹袩褉芯褋谢械卸懈胁邪械屑芯褋褌懈/Forms/肖芯褉屑邪/Ext/Form/Module.bsl	袛胁懈卸械薪懈褟	袩褉芯褋谢械卸懈胁邪械屑褘械孝芯胁邪褉褘
DataProcessors	袨斜褉邪斜芯褌泻邪	袩芯屑芯褖薪懈泻袩械褉械褏芯写邪袧邪袝袧小	DataProcessors/袩芯屑芯褖薪懈泻袩械褉械褏芯写邪袧邪袝袧小/Ext/ManagerModule.bsl	袛胁懈卸械薪懈褟	袟邪锌懈褋邪褌褜
DataProcessors	袨斜褉邪斜芯褌泻邪	袩芯屑芯褖薪懈泻袩械褉械褏芯写邪袧邪袝袧小	DataProcessors/袩芯屑芯褖薪懈泻袩械褉械褏芯写邪袧邪袝袧小/Ext/ManagerModule.bsl	袛胁懈卸械薪懈褟	袩褉芯褔懈械袪邪褋褔械褌褘
DataProcessors	袨斜褉邪斜芯褌泻邪	袩芯屑芯褖薪懈泻袩芯袩械褉械褏芯写褍袧邪校小袧	DataProcessors/袩芯屑芯褖薪懈泻袩芯袩械褉械褏芯写褍袧邪校小袧/Ext/ManagerModule.bsl	袛胁懈卸械薪懈褟	袟邪锌懈褋邪褌褜
DataProcessors	袨斜褉邪斜芯褌泻邪	袩芯屑芯褖薪懈泻袩芯袩械褉械褏芯写褍袧邪校小袧	DataProcessors/袩芯屑芯褖薪懈泻袩芯袩械褉械褏芯写褍袧邪校小袧/Ext/ManagerModule.bsl	袛胁懈卸械薪懈褟	啸芯蟹褉邪褋褔械褌薪褘泄
DataProcessors	袨斜褉邪斜芯褌泻邪	袩芯屑芯褖薪懈泻袪邪褋褔械褌邪袧袛小	DataProcessors/袩芯屑芯褖薪懈泻袪邪褋褔械褌邪袧袛小/Ext/ManagerModule.bsl	袛胁懈卸械薪懈褟	袟邪锌懈褋邪褌褜
DataProcessors	袨斜褉邪斜芯褌泻邪	袩芯屑芯褖薪懈泻袪邪褋褔械褌邪袧袛小	DataProcessors/袩芯屑芯褖薪懈泻袪邪褋褔械褌邪袧袛小/Ext/ManagerModule.bsl	袛胁懈卸械薪懈褟	啸芯蟹褉邪褋褔械褌薪褘泄
DataProcessors	袨斜褉邪斜芯褌泻邪	袪械谐懈褋褌褉邪褑懈褟袠蟹屑械薪械薪懈泄袛谢褟袨斜屑械薪邪袛邪薪薪褘屑懈	DataProcessors/袪械谐懈褋褌褉邪褑懈褟袠蟹屑械薪械薪懈泄袛谢褟袨斜屑械薪邪袛邪薪薪褘屑懈/Ext/ObjectModule.bsl	袛胁懈卸械薪懈褟	小芯写械褉卸懈褌
DataProcessors	袨斜褉邪斜芯褌泻邪	校薪懈胁械褉褋邪谢褜薪褘泄袨斜屑械薪袛邪薪薪褘屑懈XML	DataProcessors/校薪懈胁械褉褋邪谢褜薪褘泄袨斜屑械薪袛邪薪薪褘屑懈XML/Ext/ObjectModule.bsl	袛胁懈卸械薪懈褟	袙褘谐褉褍蟹懈褌褜
DataProcessors	袨斜褉邪斜芯褌泻邪	校薪懈胁械褉褋邪谢褜薪褘泄袨斜屑械薪袛邪薪薪褘屑懈XML	DataProcessors/校薪懈胁械褉褋邪谢褜薪褘泄袨斜屑械薪袛邪薪薪褘屑懈XML/Ext/ObjectModule.bsl	袛胁懈卸械薪懈褟	袛芯斜邪胁懈褌褜
DataProcessors	袨斜褉邪斜芯褌泻邪	校薪懈胁械褉褋邪谢褜薪褘泄袨斜屑械薪袛邪薪薪褘屑懈XML	DataProcessors/校薪懈胁械褉褋邪谢褜薪褘泄袨斜屑械薪袛邪薪薪褘屑懈XML/Ext/ObjectModule.bsl	袛胁懈卸械薪懈褟	袟邪锌懈褋褘胁邪褌褜
DataProcessors	袨斜褉邪斜芯褌泻邪	校薪懈胁械褉褋邪谢褜薪褘泄袨斜屑械薪袛邪薪薪褘屑懈XML	DataProcessors/校薪懈胁械褉褋邪谢褜薪褘泄袨斜屑械薪袛邪薪薪褘屑懈XML/Ext/ObjectModule.bsl	袛胁懈卸械薪懈褟	袣芯谢懈褔械褋褌胁芯
DataProcessors	袨斜褉邪斜芯褌泻邪	校薪懈胁械褉褋邪谢褜薪褘泄袨斜屑械薪袛邪薪薪褘屑懈XML	DataProcessors/校薪懈胁械褉褋邪谢褜薪褘泄袨斜屑械薪袛邪薪薪褘屑懈XML/Ext/ObjectModule.bsl	袛胁懈卸械薪懈褟	袨褔懈褋褌懈褌褜
DataProcessors	袨斜褉邪斜芯褌泻邪	校薪懈胁械褉褋邪谢褜薪褘泄袨斜屑械薪袛邪薪薪褘屑懈XML	DataProcessors/校薪懈胁械褉褋邪谢褜薪褘泄袨斜屑械薪袛邪薪薪褘屑懈XML/Ext/ObjectModule.bsl	袛胁懈卸械薪懈褟	袩褉芯褔懈褌邪褌褜
Documents	袛芯泻褍屑械薪褌	袗胁邪薪褋芯胁褘泄袨褌褔械褌	Documents/袗胁邪薪褋芯胁褘泄袨褌褔械褌/Ext/ManagerModule.bsl	袛胁懈卸械薪懈褟	啸芯蟹褉邪褋褔械褌薪褘泄
Documents	袛芯泻褍屑械薪褌	袗胁邪薪褋芯胁褘泄袨褌褔械褌	Documents/袗胁邪薪褋芯胁褘泄袨褌褔械褌/Ext/ObjectModule.bsl	袛胁懈卸械薪懈褟	袟邪锌懈褋邪褌褜
Documents	袛芯泻褍屑械薪褌	袗胁邪薪褋芯胁褘泄袨褌褔械褌	Documents/袗胁邪薪褋芯胁褘泄袨褌褔械褌/Ext/ObjectModule.bsl	袛胁懈卸械薪懈褟	袪邪褋褏芯写褘袩褉懈校小袧
Documents	袛芯泻褍屑械薪褌	袗胁邪薪褋芯胁褘泄袨褌褔械褌	Documents/袗胁邪薪褋芯胁褘泄袨褌褔械褌/Ext/ObjectModule.bsl	袛胁懈卸械薪懈褟	啸芯蟹褉邪褋褔械褌薪褘泄
Documents	袛芯泻褍屑械薪褌	袗泻褌袨斜袨泻邪蟹邪薪懈懈袩褉芯懈蟹胁芯写褋褌胁械薪薪褘褏校褋谢褍谐	Documents/袗泻褌袨斜袨泻邪蟹邪薪懈懈袩褉芯懈蟹胁芯写褋褌胁械薪薪褘褏校褋谢褍谐/Ext/ObjectModule.bsl	袛胁懈卸械薪懈褟	袟邪锌懈褋邪褌褜
Documents	袛芯泻褍屑械薪褌	袗泻褌袨斜袨泻邪蟹邪薪懈懈袩褉芯懈蟹胁芯写褋褌胁械薪薪褘褏校褋谢褍谐	Documents/袗泻褌袨斜袨泻邪蟹邪薪懈懈袩褉芯懈蟹胁芯写褋褌胁械薪薪褘褏校褋谢褍谐/Ext/ObjectModule.bsl	袛胁懈卸械薪懈褟	袪械邪谢懈蟹邪褑懈褟校褋谢褍谐
Documents	袛芯泻褍屑械薪褌	袗泻褌袩褉芯胁械褉泻懈小褌褉邪褏芯胁褘褏袙蟹薪芯褋芯胁	Documents/袗泻褌袩褉芯胁械褉泻懈小褌褉邪褏芯胁褘褏袙蟹薪芯褋芯胁/Ext/ManagerModule.bsl	袛胁懈卸械薪懈褟	小褌褉邪褏芯胁褘械袙蟹薪芯褋褘袩芯肖懈蟹懈褔械褋泻懈屑袥懈褑邪屑
Documents	袛芯泻褍屑械薪褌	袘芯谢褜薪懈褔薪褘泄袥懈褋褌	Documents/袘芯谢褜薪懈褔薪褘泄袥懈褋褌/Ext/ObjectModule.bsl	袛胁懈卸械薪懈褟	袧邪褔懈褋谢械薪懈褟校写械褉卸邪薪懈褟袩芯小芯褌褉褍写薪懈泻邪屑
Documents	袛芯泻褍屑械薪褌	袘褉芯薪懈褉芯胁邪薪懈械袚褉邪卸写邪薪袩褉械斜褘胁邪褞褖懈褏袙袟邪锌邪褋械	Documents/袘褉芯薪懈褉芯胁邪薪懈械袚褉邪卸写邪薪袩褉械斜褘胁邪褞褖懈褏袙袟邪锌邪褋械/Ext/ObjectModule.bsl	袛胁懈卸械薪懈褟	袘褉芯薪懈褉芯胁邪薪懈械小芯褌褉褍写薪懈泻芯胁
Documents	袛芯泻褍屑械薪褌	袘褞写卸械褌	Documents/袘褞写卸械褌/Ext/ObjectModule.bsl	袛胁懈卸械薪懈褟	袟邪锌懈褋邪褌褜
Documents	袛芯泻褍屑械薪褌	袙胁芯写袧邪褔邪谢褜薪褘褏袨褋褌邪褌泻芯胁	Documents/袙胁芯写袧邪褔邪谢褜薪褘褏袨褋褌邪褌泻芯胁/Ext/ManagerModule.bsl	袛胁懈卸械薪懈褟	袙褘褉邪斜芯褌泻邪袨小
Documents	袛芯泻褍屑械薪褌	袙胁芯写袧邪褔邪谢褜薪褘褏袨褋褌邪褌泻芯胁	Documents/袙胁芯写袧邪褔邪谢褜薪褘褏袨褋褌邪褌泻芯胁/Ext/ManagerModule.bsl	袛胁懈卸械薪懈褟	袚褉邪褎懈泻懈袗屑芯褉褌懈蟹邪褑懈懈袨小袘褍褏谐邪谢褌械褉褋泻懈泄校褔械褌
Documents	袛芯泻褍屑械薪褌	袙胁芯写袧邪褔邪谢褜薪褘褏袨褋褌邪褌泻芯胁	Documents/袙胁芯写袧邪褔邪谢褜薪褘褏袨褋褌邪褌泻芯胁/Ext/ManagerModule.bsl	袛胁懈卸械薪懈褟	袚褉邪褎懈泻懈袩褉芯褑械薪褌薪褘褏袪邪褋褏芯写芯胁
Documents	袛芯泻褍屑械薪褌	袙胁芯写袧邪褔邪谢褜薪褘褏袨褋褌邪褌泻芯胁	Documents/袙胁芯写袧邪褔邪谢褜薪褘褏袨褋褌邪褌泻芯胁/Ext/ManagerModule.bsl	袛胁懈卸械薪懈褟	袛邪薪薪褘械袩褉械写屑械褌芯胁袗褉械薪写褘
Documents	袛芯泻褍屑械薪褌	袙胁芯写袧邪褔邪谢褜薪褘褏袨褋褌邪褌泻芯胁	Documents/袙胁芯写袧邪褔邪谢褜薪褘褏袨褋褌邪褌泻芯胁/Ext/ManagerModule.bsl	袛胁懈卸械薪懈褟	袛芯斜邪胁懈褌褜
Documents	袛芯泻褍屑械薪褌	袙胁芯写袧邪褔邪谢褜薪褘褏袨褋褌邪褌泻芯胁	Documents/袙胁芯写袧邪褔邪谢褜薪褘褏袨褋褌邪褌泻芯胁/Ext/ManagerModule.bsl	袛胁懈卸械薪懈褟	袞褍褉薪邪谢校褔械褌邪小褔械褌芯胁肖邪泻褌褍褉
Documents	袛芯泻褍屑械薪褌	袙胁芯写袧邪褔邪谢褜薪褘褏袨褋褌邪褌泻芯胁	Documents/袙胁芯写袧邪褔邪谢褜薪褘褏袨褋褌邪褌泻芯胁/Ext/ManagerModule.bsl	袛胁懈卸械薪懈褟	袠袩袦袩袟
Documents	袛芯泻褍屑械薪褌	袙胁芯写袧邪褔邪谢褜薪褘褏袨褋褌邪褌泻芯胁	Documents/袙胁芯写袧邪褔邪谢褜薪褘褏袨褋褌邪褌泻芯胁/Ext/ManagerModule.bsl	袛胁懈卸械薪懈褟	袠袩袩褉芯褔懈械袪邪褋褏芯写褘
Documents	袛芯泻褍屑械薪褌	袙胁芯写袧邪褔邪谢褜薪褘褏袨褋褌邪褌泻芯胁	Documents/袙胁芯写袧邪褔邪谢褜薪褘褏袨褋褌邪褌泻芯胁/Ext/ManagerModule.bsl	袛胁懈卸械薪懈褟	袠袩袪邪褋褏芯写褘袧邪袨锌谢邪褌褍孝褉褍写邪
Documents	袛芯泻褍屑械薪褌	袙胁芯写袧邪褔邪谢褜薪褘褏袨褋褌邪褌泻芯胁	Documents/袙胁芯写袧邪褔邪谢褜薪褘褏袨褋褌邪褌泻芯胁/Ext/ManagerModule.bsl	袛胁懈卸械薪懈褟	袦械褋褌芯薪邪褏芯卸写械薪懈械袨小袘褍褏谐邪谢褌械褉褋泻懈泄校褔械褌
Documents	袛芯泻褍屑械薪褌	袙胁芯写袧邪褔邪谢褜薪褘褏袨褋褌邪褌泻芯胁	Documents/袙胁芯写袧邪褔邪谢褜薪褘褏袨褋褌邪褌泻芯胁/Ext/ManagerModule.bsl	袛胁懈卸械薪懈褟	袧袛小袟邪锌懈褋懈袣薪懈谐懈袩芯泻褍锌芯泻
Documents	袛芯泻褍屑械薪褌	袙胁芯写袧邪褔邪谢褜薪褘褏袨褋褌邪褌泻芯胁	Documents/袙胁芯写袧邪褔邪谢褜薪褘褏袨褋褌邪褌泻芯胁/Ext/ManagerModule.bsl	袛胁懈卸械薪懈褟	袧袛小袟邪锌懈褋懈袣薪懈谐懈袩褉芯写邪卸
Documents	袛芯泻褍屑械薪褌	袙胁芯写袧邪褔邪谢褜薪褘褏袨褋褌邪褌泻芯胁	Documents/袙胁芯写袧邪褔邪谢褜薪褘褏袨褋褌邪褌泻芯胁/Ext/ManagerModule.bsl	袛胁懈卸械薪懈褟	袧袛小袧邪褔懈褋谢械薪薪褘泄
Documents	袛芯泻褍屑械薪褌	袙胁芯写袧邪褔邪谢褜薪褘褏袨褋褌邪褌泻芯胁	Documents/袙胁芯写袧邪褔邪谢褜薪褘褏袨褋褌邪褌泻芯胁/Ext/ManagerModule.bsl	袛胁懈卸械薪懈褟	袧袛小袩芯袩褉懈芯斜褉械褌械薪薪褘屑笑械薪薪芯褋褌褟屑
Documents	袛芯泻褍屑械薪褌	袙胁芯写袧邪褔邪谢褜薪褘褏袨褋褌邪褌泻芯胁	Documents/袙胁芯写袧邪褔邪谢褜薪褘褏袨褋褌邪褌泻芯胁/Ext/ManagerModule.bsl	袛胁懈卸械薪懈褟	袧袛小袩褉械写褗褟胁谢械薪薪褘泄
Documents	袛芯泻褍屑械薪褌	袙胁芯写袧邪褔邪谢褜薪褘褏袨褋褌邪褌泻芯胁	Documents/袙胁芯写袧邪褔邪谢褜薪褘褏袨褋褌邪褌泻芯胁/Ext/ManagerModule.bsl	袛胁懈卸械薪懈褟	袧袛小袩褉械写褗褟胁谢械薪薪褘泄袪械邪谢懈蟹邪褑懈褟0
Documents	袛芯泻褍屑械薪褌	袙胁芯写袧邪褔邪谢褜薪褘褏袨褋褌邪褌泻芯胁	Documents/袙胁芯写袧邪褔邪谢褜薪褘褏袨褋褌邪褌泻芯胁/Ext/ManagerModule.bsl	袛胁懈卸械薪懈褟	袧袛小袪邪蟹写械谢褜薪褘泄校褔械褌
Documents	袛芯泻褍屑械薪褌	袙胁芯写袧邪褔邪谢褜薪褘褏袨褋褌邪褌泻芯胁	Documents/袙胁芯写袧邪褔邪谢褜薪褘褏袨褋褌邪褌泻芯胁/Ext/ManagerModule.bsl	袛胁懈卸械薪懈褟	袧袛小袪械邪谢懈蟹邪褑懈褟0
Documents	袛芯泻褍屑械薪褌	袙胁芯写袧邪褔邪谢褜薪褘褏袨褋褌邪褌泻芯胁	Documents/袙胁芯写袧邪褔邪谢褜薪褘褏袨褋褌邪褌泻芯胁/Ext/ManagerModule.bsl	袛胁懈卸械薪懈褟	袧袛小褋袗胁邪薪褋芯胁
Documents	袛芯泻褍屑械薪褌	袙胁芯写袧邪褔邪谢褜薪褘褏袨褋褌邪褌泻芯胁	Documents/袙胁芯写袧邪褔邪谢褜薪褘褏袨褋褌邪褌泻芯胁/Ext/ManagerModule.bsl	袛胁懈卸械薪懈褟	袧邪褔懈褋谢械薪懈械袗屑芯褉褌懈蟹邪褑懈懈袧袦袗小锌械褑懈邪谢褜薪褘泄袣芯褝褎褎懈褑懈械薪褌袧邪谢芯谐芯胁褘泄校褔械褌
Documents	袛芯泻褍屑械薪褌	袙胁芯写袧邪褔邪谢褜薪褘褏袨褋褌邪褌泻芯胁	Documents/袙胁芯写袧邪褔邪谢褜薪褘褏袨褋褌邪褌泻芯胁/Ext/ManagerModule.bsl	袛胁懈卸械薪懈褟	袧邪褔懈褋谢械薪懈械袗屑芯褉褌懈蟹邪褑懈懈袨小袘褍褏谐邪谢褌械褉褋泻懈泄校褔械褌
Documents	袛芯泻褍屑械薪褌	袙胁芯写袧邪褔邪谢褜薪褘褏袨褋褌邪褌泻芯胁	Documents/袙胁芯写袧邪褔邪谢褜薪褘褏袨褋褌邪褌泻芯胁/Ext/ManagerModule.bsl	袛胁懈卸械薪懈褟	袧邪褔懈褋谢械薪懈械袗屑芯褉褌懈蟹邪褑懈懈袨小袧邪谢芯谐芯胁褘泄校褔械褌
Documents	袛芯泻褍屑械薪褌	袙胁芯写袧邪褔邪谢褜薪褘褏袨褋褌邪褌泻芯胁	Documents/袙胁芯写袧邪褔邪谢褜薪褘褏袨褋褌邪褌泻芯胁/Ext/ManagerModule.bsl	袛胁懈卸械薪懈褟	袧邪褔懈褋谢械薪懈械袗屑芯褉褌懈蟹邪褑懈懈袨小小锌械褑懈邪谢褜薪褘泄袣芯褝褎褎懈褑懈械薪褌袧邪谢芯谐芯胁褘泄校褔械褌
Documents	袛芯泻褍屑械薪褌	袙胁芯写袧邪褔邪谢褜薪褘褏袨褋褌邪褌泻芯胁	Documents/袙胁芯写袧邪褔邪谢褜薪褘褏袨褋褌邪褌泻芯胁/Ext/ManagerModule.bsl	袛胁懈卸械薪懈褟	袩邪褉邪屑械褌褉褘袗屑芯褉褌懈蟹邪褑懈懈袨小袘褍褏谐邪谢褌械褉褋泻懈泄校褔械褌
Documents	袛芯泻褍屑械薪褌	袙胁芯写袧邪褔邪谢褜薪褘褏袨褋褌邪褌泻芯胁	Documents/袙胁芯写袧邪褔邪谢褜薪褘褏袨褋褌邪褌泻芯胁/Ext/ManagerModule.bsl	袛胁懈卸械薪懈褟	袩邪褉邪屑械褌褉褘袗屑芯褉褌懈蟹邪褑懈懈袨小袧邪谢芯谐芯胁褘泄校褔械褌
Documents	袛芯泻褍屑械薪褌	袙胁芯写袧邪褔邪谢褜薪褘褏袨褋褌邪褌泻芯胁	Documents/袙胁芯写袧邪褔邪谢褜薪褘褏袨褋褌邪褌泻芯胁/Ext/ManagerModule.bsl	袛胁懈卸械薪懈褟	袩械褉胁芯薪邪褔邪谢褜薪褘械小胁械写械薪懈褟袧袦袗袘褍褏谐邪谢褌械褉褋泻懈泄校褔械褌
Documents	袛芯泻褍屑械薪褌	袙胁芯写袧邪褔邪谢褜薪褘褏袨褋褌邪褌泻芯胁	Documents/袙胁芯写袧邪褔邪谢褜薪褘褏袨褋褌邪褌泻芯胁/Ext/ManagerModule.bsl	袛胁懈卸械薪懈褟	袩械褉胁芯薪邪褔邪谢褜薪褘械小胁械写械薪懈褟袧袦袗袧邪谢芯谐芯胁褘泄校褔械褌
Documents	袛芯泻褍屑械薪褌	袙胁芯写袧邪褔邪谢褜薪褘褏袨褋褌邪褌泻芯胁	Documents/袙胁芯写袧邪褔邪谢褜薪褘褏袨褋褌邪褌泻芯胁/Ext/ManagerModule.bsl	袛胁懈卸械薪懈褟	袩械褉胁芯薪邪褔邪谢褜薪褘械小胁械写械薪懈褟袧袦袗袧邪谢芯谐芯胁褘泄校褔械褌校小袧
Documents	袛芯泻褍屑械薪褌	袙胁芯写袧邪褔邪谢褜薪褘褏袨褋褌邪褌泻芯胁	Documents/袙胁芯写袧邪褔邪谢褜薪褘褏袨褋褌邪褌泻芯胁/Ext/ManagerModule.bsl	袛胁懈卸械薪懈褟	袩械褉胁芯薪邪褔邪谢褜薪褘械小胁械写械薪懈褟袨小袘褍褏谐邪谢褌械褉褋泻懈泄校褔械褌
Documents	袛芯泻褍屑械薪褌	袙胁芯写袧邪褔邪谢褜薪褘褏袨褋褌邪褌泻芯胁	Documents/袙胁芯写袧邪褔邪谢褜薪褘褏袨褋褌邪褌泻芯胁/Ext/ManagerModule.bsl	袛胁懈卸械薪懈褟	袩械褉胁芯薪邪褔邪谢褜薪褘械小胁械写械薪懈褟袨小袧邪谢芯谐芯胁褘泄校褔械褌
Documents	袛芯泻褍屑械薪褌	袙胁芯写袧邪褔邪谢褜薪褘褏袨褋褌邪褌泻芯胁	Documents/袙胁芯写袧邪褔邪谢褜薪褘褏袨褋褌邪褌泻芯胁/Ext/ManagerModule.bsl	袛胁懈卸械薪懈褟	袩械褉胁芯薪邪褔邪谢褜薪褘械小胁械写械薪懈褟袨小袧邪谢芯谐芯胁褘泄校褔械褌校小袧
Documents	袛芯泻褍屑械薪褌	袙胁芯写袧邪褔邪谢褜薪褘褏袨褋褌邪褌泻芯胁	Documents/袙胁芯写袧邪褔邪谢褜薪褘褏袨褋褌邪褌泻芯胁/Ext/ManagerModule.bsl	袛胁懈卸械薪懈褟	袩褉芯褔懈械袪邪褋褔械褌褘
Documents	袛芯泻褍屑械薪褌	袙胁芯写袧邪褔邪谢褜薪褘褏袨褋褌邪褌泻芯胁	Documents/袙胁芯写袧邪褔邪谢褜薪褘褏袨褋褌邪褌泻芯胁/Ext/ManagerModule.bsl	袛胁懈卸械薪懈褟	袪邪褋褏芯写褘袩褉懈校小袧
Documents	袛芯泻褍屑械薪褌	袙胁芯写袧邪褔邪谢褜薪褘褏袨褋褌邪褌泻芯胁	Documents/袙胁芯写袧邪褔邪谢褜薪褘褏袨褋褌邪褌泻芯胁/Ext/ManagerModule.bsl	袛胁懈卸械薪懈褟	小芯斜褘褌懈褟袨小袨褉谐邪薪懈蟹邪褑懈泄
Documents	袛芯泻褍屑械薪褌	袙胁芯写袧邪褔邪谢褜薪褘褏袨褋褌邪褌泻芯胁	Documents/袙胁芯写袧邪褔邪谢褜薪褘褏袨褋褌邪褌泻芯胁/Ext/ManagerModule.bsl	袛胁懈卸械薪懈褟	小芯褋褌芯褟薪懈褟袧袦袗袨褉谐邪薪懈蟹邪褑懈泄
Documents	袛芯泻褍屑械薪褌	袙胁芯写袧邪褔邪谢褜薪褘褏袨褋褌邪褌泻芯胁	Documents/袙胁芯写袧邪褔邪谢褜薪褘褏袨褋褌邪褌泻芯胁/Ext/ManagerModule.bsl	袛胁懈卸械薪懈褟	小芯褋褌芯褟薪懈褟袨小袨褉谐邪薪懈蟹邪褑懈泄
Documents	袛芯泻褍屑械薪褌	袙胁芯写袧邪褔邪谢褜薪褘褏袨褋褌邪褌泻芯胁	Documents/袙胁芯写袧邪褔邪谢褜薪褘褏袨褋褌邪褌泻芯胁/Ext/ManagerModule.bsl	袛胁懈卸械薪懈褟	小锌芯褋芯斜褘袨褌褉邪卸械薪懈褟袪邪褋褏芯写芯胁袩芯袗屑芯褉褌懈蟹邪褑懈懈袨小袘褍褏谐邪谢褌械褉褋泻懈泄校褔械褌
Documents	袛芯泻褍屑械薪褌	袙胁芯写袧邪褔邪谢褜薪褘褏袨褋褌邪褌泻芯胁	Documents/袙胁芯写袧邪褔邪谢褜薪褘褏袨褋褌邪褌泻芯胁/Ext/ManagerModule.bsl	袛胁懈卸械薪懈褟	小锌芯褋芯斜褘袨褌褉邪卸械薪懈褟袪邪褋褏芯写芯胁袩芯袗褉械薪写薪褘屑袩谢邪褌械卸邪屑袨小袧邪谢芯谐芯胁褘泄校褔械褌
Documents	袛芯泻褍屑械薪褌	袙胁芯写袧邪褔邪谢褜薪褘褏袨褋褌邪褌泻芯胁	Documents/袙胁芯写袧邪褔邪谢褜薪褘褏袨褋褌邪褌泻芯胁/Ext/ManagerModule.bsl	袛胁懈卸械薪懈褟	小褔械褌邪袘褍褏谐邪谢褌械褉褋泻芯谐芯校褔械褌邪袧袦袗
Documents	袛芯泻褍屑械薪褌	袙胁芯写袧邪褔邪谢褜薪褘褏袨褋褌邪褌泻芯胁	Documents/袙胁芯写袧邪褔邪谢褜薪褘褏袨褋褌邪褌泻芯胁/Ext/ManagerModule.bsl	袛胁懈卸械薪懈褟	小褔械褌邪袘褍褏谐邪谢褌械褉褋泻芯谐芯校褔械褌邪袨小
Documents	袛芯泻褍屑械薪褌	袙胁芯写袧邪褔邪谢褜薪褘褏袨褋褌邪褌泻芯胁	Documents/袙胁芯写袧邪褔邪谢褜薪褘褏袨褋褌邪褌泻芯胁/Ext/ManagerModule.bsl	袛胁懈卸械薪懈褟	校屑械薪褜褕械薪懈械袧邪谢芯谐邪袧邪小褌褉邪褏芯胁褘械袙蟹薪芯褋褘袠袩
Documents	袛芯泻褍屑械薪褌	袙胁芯写袧邪褔邪谢褜薪褘褏袨褋褌邪褌泻芯胁	Documents/袙胁芯写袧邪褔邪谢褜薪褘褏袨褋褌邪褌泻芯胁/Ext/ManagerModule.bsl	袛胁懈卸械薪懈褟	啸芯蟹褉邪褋褔械褌薪褘泄
Documents	袛芯泻褍屑械薪褌	袙胁芯写袧邪褔邪谢褜薪褘褏袨褋褌邪褌泻芯胁	Documents/袙胁芯写袧邪褔邪谢褜薪褘褏袨褋褌邪褌泻芯胁/Ext/ObjectModule.bsl	袛胁懈卸械薪懈褟	袟邪锌懈褋邪褌褜
Documents	袛芯泻褍屑械薪褌	袙胁芯写袧邪褔邪谢褜薪褘褏袨褋褌邪褌泻芯胁	Documents/袙胁芯写袧邪褔邪谢褜薪褘褏袨褋褌邪褌泻芯胁/Ext/ObjectModule.bsl	袛胁懈卸械薪懈褟	啸芯蟹褉邪褋褔械褌薪褘泄
Documents	袛芯泻褍屑械薪褌	袙芯蟹胁褉邪褌袦邪褌械褉懈邪谢芯胁袠蟹协泻褋锌谢褍邪褌邪褑懈懈	Documents/袙芯蟹胁褉邪褌袦邪褌械褉懈邪谢芯胁袠蟹协泻褋锌谢褍邪褌邪褑懈懈/Ext/ObjectModule.bsl	袛胁懈卸械薪懈褟	袟邪锌懈褋邪褌褜
Documents	袛芯泻褍屑械薪褌	袙芯蟹胁褉邪褌袦邪褌械褉懈邪谢芯胁袠蟹协泻褋锌谢褍邪褌邪褑懈懈	Documents/袙芯蟹胁褉邪褌袦邪褌械褉懈邪谢芯胁袠蟹协泻褋锌谢褍邪褌邪褑懈懈/Ext/ObjectModule.bsl	袛胁懈卸械薪懈褟	啸芯蟹褉邪褋褔械褌薪褘泄
Documents	袛芯泻褍屑械薪褌	袙芯蟹胁褉邪褌袧袛肖袥	Documents/袙芯蟹胁褉邪褌袧袛肖袥/Ext/ObjectModule.bsl	袛胁懈卸械薪懈褟	袪邪褋褔械褌褘袧邪谢芯谐芯胁褘褏袗谐械薪褌芯胁小袘褞写卸械褌芯屑袩芯袧袛肖袥
Documents	袛芯泻褍屑械薪褌	袙芯蟹胁褉邪褌袧袛肖袥	Documents/袙芯蟹胁褉邪褌袧袛肖袥/Ext/ObjectModule.bsl	袛胁懈卸械薪懈褟	袪邪褋褔械褌褘袧邪谢芯谐芯锌谢邪褌械谢褜褖懈泻芯胁小袘褞写卸械褌芯屑袩芯袧袛肖袥
Documents	袛芯泻褍屑械薪褌	袙芯蟹胁褉邪褌袧袛肖袥	Documents/袙芯蟹胁褉邪褌袧袛肖袥/Ext/ObjectModule.bsl	袛胁懈卸械薪懈褟	校锌谢邪褌邪袧袛肖袥袧邪谢芯谐芯胁褘屑懈袗谐械薪褌邪屑懈袣袪邪褋锌褉械写械谢械薪懈褞
Documents	袛芯泻褍屑械薪褌	袙芯蟹胁褉邪褌袨小袨褌袗褉械薪写邪褌芯褉邪	Documents/袙芯蟹胁褉邪褌袨小袨褌袗褉械薪写邪褌芯褉邪/Ext/ObjectModule.bsl	袛胁懈卸械薪懈褟	袟邪锌懈褋邪褌褜
Documents	袛芯泻褍屑械薪褌	袙芯蟹胁褉邪褌袨小袨褌袗褉械薪写邪褌芯褉邪	Documents/袙芯蟹胁褉邪褌袨小袨褌袗褉械薪写邪褌芯褉邪/Ext/ObjectModule.bsl	袛胁懈卸械薪懈褟	啸芯蟹褉邪褋褔械褌薪褘泄
Documents	袛芯泻褍屑械薪褌	袙芯蟹胁褉邪褌孝芯胁邪褉芯胁袨褌袩芯泻褍锌邪褌械谢褟	Documents/袙芯蟹胁褉邪褌孝芯胁邪褉芯胁袨褌袩芯泻褍锌邪褌械谢褟/Ext/ManagerModule.bsl	袛胁懈卸械薪懈褟	袣薪懈谐邪校褔械褌邪袛芯褏芯写芯胁袠袪邪褋褏芯写芯胁
Documents	袛芯泻褍屑械薪褌	袙芯蟹胁褉邪褌孝芯胁邪褉芯胁袨褌袩芯泻褍锌邪褌械谢褟	Documents/袙芯蟹胁褉邪褌孝芯胁邪褉芯胁袨褌袩芯泻褍锌邪褌械谢褟/Ext/ManagerModule.bsl	袛胁懈卸械薪懈褟	袪邪褋褏芯写褘袩褉懈校小袧
Documents	袛芯泻褍屑械薪褌	袙芯蟹胁褉邪褌孝芯胁邪褉芯胁袨褌袩芯泻褍锌邪褌械谢褟	Documents/袙芯蟹胁褉邪褌孝芯胁邪褉芯胁袨褌袩芯泻褍锌邪褌械谢褟/Ext/ManagerModule.bsl	袛胁懈卸械薪懈褟	啸芯蟹褉邪褋褔械褌薪褘泄
Documents	袛芯泻褍屑械薪褌	袙芯蟹胁褉邪褌孝芯胁邪褉芯胁袨褌袩芯泻褍锌邪褌械谢褟	Documents/袙芯蟹胁褉邪褌孝芯胁邪褉芯胁袨褌袩芯泻褍锌邪褌械谢褟/Ext/ObjectModule.bsl	袛胁懈卸械薪懈褟	袟邪锌懈褋邪褌褜
Documents	袛芯泻褍屑械薪褌	袙芯蟹胁褉邪褌孝芯胁邪褉芯胁袨褌袩芯泻褍锌邪褌械谢褟	Documents/袙芯蟹胁褉邪褌孝芯胁邪褉芯胁袨褌袩芯泻褍锌邪褌械谢褟/Ext/ObjectModule.bsl	袛胁懈卸械薪懈褟	袣薪懈谐邪校褔械褌邪袛芯褏芯写芯胁袠袪邪褋褏芯写芯胁
Documents	袛芯泻褍屑械薪褌	袙芯蟹胁褉邪褌孝芯胁邪褉芯胁袨褌袩芯泻褍锌邪褌械谢褟	Documents/袙芯蟹胁褉邪褌孝芯胁邪褉芯胁袨褌袩芯泻褍锌邪褌械谢褟/Ext/ObjectModule.bsl	袛胁懈卸械薪懈褟	袪邪褋褏芯写褘袩褉懈校小袧
Documents	袛芯泻褍屑械薪褌	袙芯蟹胁褉邪褌孝芯胁邪褉芯胁袨褌袩芯泻褍锌邪褌械谢褟	Documents/袙芯蟹胁褉邪褌孝芯胁邪褉芯胁袨褌袩芯泻褍锌邪褌械谢褟/Ext/ObjectModule.bsl	袛胁懈卸械薪懈褟	啸芯蟹褉邪褋褔械褌薪褘泄
Documents	袛芯泻褍屑械薪褌	袙芯蟹胁褉邪褌孝芯胁邪褉芯胁袩芯褋褌邪胁褖懈泻褍	Documents/袙芯蟹胁褉邪褌孝芯胁邪褉芯胁袩芯褋褌邪胁褖懈泻褍/Ext/ObjectModule.bsl	袛胁懈卸械薪懈褟	袟邪锌懈褋邪褌褜
Documents	袛芯泻褍屑械薪褌	袙芯褋褋褌邪薪芯胁谢械薪懈械袧袛小	Documents/袙芯褋褋褌邪薪芯胁谢械薪懈械袧袛小/Ext/ObjectModule.bsl	袛胁懈卸械薪懈褟	袟邪锌懈褋邪褌褜
Documents	袛芯泻褍屑械薪褌	袙芯褋褋褌邪薪芯胁谢械薪懈械袧袛小袩芯袨斜褗械泻褌邪屑袧械写胁懈卸懈屑芯褋褌懈	Documents/袙芯褋褋褌邪薪芯胁谢械薪懈械袧袛小袩芯袨斜褗械泻褌邪屑袧械写胁懈卸懈屑芯褋褌懈/Ext/ManagerModule.bsl	袛胁懈卸械薪懈褟	袧袛小袟邪锌懈褋懈袣薪懈谐懈袩褉芯写邪卸
Documents	袛芯泻褍屑械薪褌	袙芯褋褋褌邪薪芯胁谢械薪懈械袧袛小袩芯袨斜褗械泻褌邪屑袧械写胁懈卸懈屑芯褋褌懈	Documents/袙芯褋褋褌邪薪芯胁谢械薪懈械袧袛小袩芯袨斜褗械泻褌邪屑袧械写胁懈卸懈屑芯褋褌懈/Ext/ManagerModule.bsl	袛胁懈卸械薪懈褟	啸芯蟹褉邪褋褔械褌薪褘泄
Documents	袛芯泻褍屑械薪褌	袙芯褋褋褌邪薪芯胁谢械薪懈械袧袛小袩芯袨斜褗械泻褌邪屑袧械写胁懈卸懈屑芯褋褌懈	Documents/袙芯褋褋褌邪薪芯胁谢械薪懈械袧袛小袩芯袨斜褗械泻褌邪屑袧械写胁懈卸懈屑芯褋褌懈/Ext/ObjectModule.bsl	袛胁懈卸械薪懈褟	袟邪锌懈褋邪褌褜
Documents	袛芯泻褍屑械薪褌	袙褘谐褉褍蟹泻邪袪械谐谢邪屑械薪褌懈褉芯胁邪薪薪褘褏袨褌褔械褌芯胁	Documents/袙褘谐褉褍蟹泻邪袪械谐谢邪屑械薪褌懈褉芯胁邪薪薪褘褏袨褌褔械褌芯胁/Ext/ObjectModule.bsl	袛胁懈卸械薪懈褟	袗褉褏懈胁袛邪薪薪褘褏袪械谐谢邪屑械薪褌懈褉芯胁邪薪薪芯泄袨褌褔械褌薪芯褋褌懈
Documents	袛芯泻褍屑械薪褌	袙褘谐褉褍蟹泻邪袪械谐谢邪屑械薪褌懈褉芯胁邪薪薪褘褏袨褌褔械褌芯胁	Documents/袙褘谐褉褍蟹泻邪袪械谐谢邪屑械薪褌懈褉芯胁邪薪薪褘褏袨褌褔械褌芯胁/Ext/ObjectModule.bsl	袛胁懈卸械薪懈褟	袟邪锌懈褋邪褌褜
Documents	袛芯泻褍屑械薪褌	袙褘写邪褔邪袛械薪械卸薪褘褏袛芯泻褍屑械薪褌芯胁	Documents/袙褘写邪褔邪袛械薪械卸薪褘褏袛芯泻褍屑械薪褌芯胁/Ext/ManagerModule.bsl	袛胁懈卸械薪懈褟	啸芯蟹褉邪褋褔械褌薪褘泄
Documents	袛芯泻褍屑械薪褌	袙褘写邪褔邪袛械薪械卸薪褘褏袛芯泻褍屑械薪褌芯胁	Documents/袙褘写邪褔邪袛械薪械卸薪褘褏袛芯泻褍屑械薪褌芯胁/Ext/ObjectModule.bsl	袛胁懈卸械薪懈褟	袟邪锌懈褋邪褌褜
Documents	袛芯泻褍屑械薪褌	袙褘泻褍锌袩褉械写屑械褌芯胁袥懈蟹懈薪谐邪	Documents/袙褘泻褍锌袩褉械写屑械褌芯胁袥懈蟹懈薪谐邪/Ext/ManagerModule.bsl	袛胁懈卸械薪懈褟	啸芯蟹褉邪褋褔械褌薪褘泄
Documents	袛芯泻褍屑械薪褌	袙褘泻褍锌袩褉械写屑械褌芯胁袥懈蟹懈薪谐邪	Documents/袙褘泻褍锌袩褉械写屑械褌芯胁袥懈蟹懈薪谐邪/Ext/ObjectModule.bsl	袛胁懈卸械薪懈褟	袟邪锌懈褋邪褌褜
Documents	袛芯泻褍屑械薪褌	袙褘泻褍锌袩褉械写屑械褌芯胁袥懈蟹懈薪谐邪	Documents/袙褘泻褍锌袩褉械写屑械褌芯胁袥懈蟹懈薪谐邪/Ext/ObjectModule.bsl	袛胁懈卸械薪懈褟	啸芯蟹褉邪褋褔械褌薪褘泄
Documents	袛芯泻褍屑械薪褌	袙褘锌谢邪褌褘小邪屑芯蟹邪薪褟褌褘屑	Documents/袙褘锌谢邪褌褘小邪屑芯蟹邪薪褟褌褘屑/Ext/ManagerModule.bsl	袛胁懈卸械薪懈褟	啸芯蟹褉邪褋褔械褌薪褘泄
Documents	袛芯泻褍屑械薪褌	袙褘锌谢邪褌褘小邪屑芯蟹邪薪褟褌褘屑	Documents/袙褘锌谢邪褌褘小邪屑芯蟹邪薪褟褌褘屑/Ext/ObjectModule.bsl	袛胁懈卸械薪懈褟	袟邪锌懈褋邪褌褜
Documents	袛芯泻褍屑械薪褌	袙褘锌谢邪褌褘小邪屑芯蟹邪薪褟褌褘屑	Documents/袙褘锌谢邪褌褘小邪屑芯蟹邪薪褟褌褘屑/Ext/ObjectModule.bsl	袛胁懈卸械薪懈褟	袪邪褋褏芯写褘袩褉懈校小袧
Documents	袛芯泻褍屑械薪褌	袙褘褉邪斜芯褌泻邪袦邪褌械褉懈邪谢芯胁	Documents/袙褘褉邪斜芯褌泻邪袦邪褌械褉懈邪谢芯胁/Ext/ManagerModule.bsl	袛胁懈卸械薪懈褟	袙褘褉邪斜芯褌泻邪袦邪褌械褉懈邪谢芯胁
Documents	袛芯泻褍屑械薪褌	袙褘褉邪斜芯褌泻邪袦邪褌械褉懈邪谢芯胁	Documents/袙褘褉邪斜芯褌泻邪袦邪褌械褉懈邪谢芯胁/Ext/ObjectModule.bsl	袛胁懈卸械薪懈褟	袟邪锌懈褋邪褌褜
Documents	袛芯泻褍屑械薪褌	袙褘褉邪斜芯褌泻邪袧袦袗	Documents/袙褘褉邪斜芯褌泻邪袧袦袗/Ext/ObjectModule.bsl	袛胁懈卸械薪懈褟	袟邪锌懈褋邪褌褜
Documents	袛芯泻褍屑械薪褌	袙褘褉邪斜芯褌泻邪袨小	Documents/袙褘褉邪斜芯褌泻邪袨小/Ext/ManagerModule.bsl	袛胁懈卸械薪懈褟	袙褘褉邪斜芯褌泻邪袨小
Documents	袛芯泻褍屑械薪褌	袙褘褉邪斜芯褌泻邪袨小	Documents/袙褘褉邪斜芯褌泻邪袨小/Ext/ObjectModule.bsl	袛胁懈卸械薪懈褟	袟邪锌懈褋邪褌褜
Documents	袛芯泻褍屑械薪褌	袚孝袛袠屑锌芯褉褌	Documents/袚孝袛袠屑锌芯褉褌/Ext/ObjectModule.bsl	袛胁懈卸械薪懈褟	袟邪锌懈褋邪褌褜
Documents	袛芯泻褍屑械薪褌	袚孝袛袠屑锌芯褉褌	Documents/袚孝袛袠屑锌芯褉褌/Ext/ObjectModule.bsl	袛胁懈卸械薪懈褟	袪邪褋褏芯写褘袩褉懈校小袧
Documents	袛芯泻褍屑械薪褌	袛芯谐芯胁芯褉袪邪斜芯褌褘校褋谢褍谐懈	Documents/袛芯谐芯胁芯褉袪邪斜芯褌褘校褋谢褍谐懈/Ext/ObjectModule.bsl	袛胁懈卸械薪懈褟	袦械褉芯锌褉懈褟褌懈褟孝褉褍写芯胁芯泄袛械褟褌械谢褜薪芯褋褌懈
Documents	袛芯泻褍屑械薪褌	袛芯谐芯胁芯褉袪邪斜芯褌褘校褋谢褍谐懈	Documents/袛芯谐芯胁芯褉袪邪斜芯褌褘校褋谢褍谐懈/Ext/ObjectModule.bsl	袛胁懈卸械薪懈褟	袩谢邪薪芯胁褘械袧邪褔懈褋谢械薪懈褟袩芯袛芯谐芯胁芯褉邪屑
Documents	袛芯泻褍屑械薪褌	袛芯谐芯胁芯褉袪邪斜芯褌褘校褋谢褍谐懈	Documents/袛芯谐芯胁芯褉袪邪斜芯褌褘校褋谢褍谐懈/Ext/ObjectModule.bsl	袛胁懈卸械薪懈褟	校褋谢芯胁懈褟袛芯谐芯胁芯褉邪袚袩啸
Documents	袛芯泻褍屑械薪褌	袟邪锌懈褋褜袣校袛懈袪	Documents/袟邪锌懈褋褜袣校袛懈袪/Ext/ManagerModule.bsl	袛胁懈卸械薪懈褟	袣薪懈谐邪校褔械褌邪袛芯褏芯写芯胁袠袪邪褋褏芯写芯胁
Documents	袛芯泻褍屑械薪褌	袟邪锌懈褋褜袣校袛懈袪	Documents/袟邪锌懈褋褜袣校袛懈袪/Ext/ManagerModule.bsl	袛胁懈卸械薪懈褟	袣薪懈谐邪校褔械褌邪袛芯褏芯写芯胁袠袪邪褋褏芯写芯胁袧袦袗
Documents	袛芯泻褍屑械薪褌	袟邪锌懈褋褜袣校袛懈袪	Documents/袟邪锌懈褋褜袣校袛懈袪/Ext/ManagerModule.bsl	袛胁懈卸械薪懈褟	袣薪懈谐邪校褔械褌邪袛芯褏芯写芯胁袠袪邪褋褏芯写芯胁袨小
Documents	袛芯泻褍屑械薪褌	袟邪锌懈褋褜袣校袛懈袪	Documents/袟邪锌懈褋褜袣校袛懈袪/Ext/ManagerModule.bsl	袛胁懈卸械薪懈褟	袣薪懈谐邪校褔械褌邪袛芯褏芯写芯胁袠袪邪褋褏芯写芯胁袪邪蟹写械谢4
Documents	袛芯泻褍屑械薪褌	袟邪锌懈褋褜袣校袛懈袪	Documents/袟邪锌懈褋褜袣校袛懈袪/Ext/ManagerModule.bsl	袛胁懈卸械薪懈褟	袣薪懈谐邪校褔械褌邪袛芯褏芯写芯胁袠袪邪褋褏芯写芯胁袪邪蟹写械谢5
Documents	袛芯泻褍屑械薪褌	袟邪锌懈褋褜袣校袛懈袪	Documents/袟邪锌懈褋褜袣校袛懈袪/Ext/ManagerModule.bsl	袛胁懈卸械薪懈褟	袣薪懈谐邪校褔械褌邪袛芯褏芯写芯胁袩邪褌械薪褌
Documents	袛芯泻褍屑械薪褌	袟邪锌懈褋褜袣校袛懈袪	Documents/袟邪锌懈褋褜袣校袛懈袪/Ext/ManagerModule.bsl	袛胁懈卸械薪懈褟	袪邪褋褏芯写褘袩褉懈校小袧
Documents	袛芯泻褍屑械薪褌	袟邪锌懈褋褜袣校袛懈袪	Documents/袟邪锌懈褋褜袣校袛懈袪/Ext/ManagerModule.bsl	袛胁懈卸械薪懈褟	袪邪褋褏芯写褘校屑械薪褜褕邪褞褖懈械袧邪谢芯谐袩芯袨褌写械谢褜薪褘屑袪械卸懈屑邪屑
Documents	袛芯泻褍屑械薪褌	袟邪锌懈褋褜袣校袛懈袪	Documents/袟邪锌懈褋褜袣校袛懈袪/Ext/ObjectModule.bsl	袛胁懈卸械薪懈褟	袟邪锌懈褋邪褌褜
Documents	袛芯泻褍屑械薪褌	袟邪锌懈褋褜袣薪懈谐懈校褔械褌邪袛芯褏芯写芯胁袠袪邪褋褏芯写芯胁袠袩	Documents/袟邪锌懈褋褜袣薪懈谐懈校褔械褌邪袛芯褏芯写芯胁袠袪邪褋褏芯写芯胁袠袩/Ext/ObjectModule.bsl	袛胁懈卸械薪懈褟	袟邪锌懈褋邪褌褜
Documents	袛芯泻褍屑械薪褌	袟邪褟胁谢械薪懈械袨袙胁芯蟹械孝芯胁邪褉芯胁	Documents/袟邪褟胁谢械薪懈械袨袙胁芯蟹械孝芯胁邪褉芯胁/Ext/ManagerModule.bsl	袛胁懈卸械薪懈褟	啸芯蟹褉邪褋褔械褌薪褘泄
Documents	袛芯泻褍屑械薪褌	袟邪褟胁谢械薪懈械袨袙胁芯蟹械孝芯胁邪褉芯胁	Documents/袟邪褟胁谢械薪懈械袨袙胁芯蟹械孝芯胁邪褉芯胁/Ext/ObjectModule.bsl	袛胁懈卸械薪懈褟	袟邪锌懈褋邪褌褜
Documents	袛芯泻褍屑械薪褌	袟邪褟胁谢械薪懈械袨袙胁芯蟹械孝芯胁邪褉芯胁	Documents/袟邪褟胁谢械薪懈械袨袙胁芯蟹械孝芯胁邪褉芯胁/Ext/ObjectModule.bsl	袛胁懈卸械薪懈褟	袪邪褋褏芯写褘袩褉懈校小袧
Documents	袛芯泻褍屑械薪褌	袟邪褟胁谢械薪懈械袨袟邪褔械褌械袙小褔械褌袩褉械写褋褌芯褟褖械泄袨斜褟蟹邪薪薪芯褋褌懈	Documents/袟邪褟胁谢械薪懈械袨袟邪褔械褌械袙小褔械褌袩褉械写褋褌芯褟褖械泄袨斜褟蟹邪薪薪芯褋褌懈/Ext/ObjectModule.bsl	袛胁懈卸械薪懈褟	袟邪锌懈褋邪褌褜
Documents	袛芯泻褍屑械薪褌	袟邪褟胁谢械薪懈褟袨袩褉械写芯褋褌邪胁谢械薪懈懈小胁械写械薪懈泄袨孝褉褍写芯胁芯泄袛械褟褌械谢褜薪芯褋褌懈	Documents/袟邪褟胁谢械薪懈褟袨袩褉械写芯褋褌邪胁谢械薪懈懈小胁械写械薪懈泄袨孝褉褍写芯胁芯泄袛械褟褌械谢褜薪芯褋褌懈/Ext/ObjectModule.bsl	袛胁懈卸械薪懈褟	袟邪褟胁谢械薪懈褟袨袙械写械薪懈懈孝褉褍写芯胁褘褏袣薪懈卸械泻
Documents	袛芯泻褍屑械薪褌	袠蟹屑械薪械薪懈械袚褉邪褎懈泻芯胁袗屑芯褉褌懈蟹邪褑懈懈袨小	Documents/袠蟹屑械薪械薪懈械袚褉邪褎懈泻芯胁袗屑芯褉褌懈蟹邪褑懈懈袨小/Ext/ObjectModule.bsl	袛胁懈卸械薪懈褟	袟邪锌懈褋邪褌褜
Documents	袛芯泻褍屑械薪褌	袠蟹屑械薪械薪懈械袨褌褉邪卸械薪懈褟袪邪褋褏芯写芯胁袩芯袗褉械薪写薪褘屑袩谢邪褌械卸邪屑袨小	Documents/袠蟹屑械薪械薪懈械袨褌褉邪卸械薪懈褟袪邪褋褏芯写芯胁袩芯袗褉械薪写薪褘屑袩谢邪褌械卸邪屑袨小/Ext/ObjectModule.bsl	袛胁懈卸械薪懈褟	袟邪锌懈褋邪褌褜
Documents	袛芯泻褍屑械薪褌	袠蟹屑械薪械薪懈械袩邪褉邪屑械褌褉芯胁袧邪褔懈褋谢械薪懈褟袗屑芯褉褌懈蟹邪褑懈懈袨小	Documents/袠蟹屑械薪械薪懈械袩邪褉邪屑械褌褉芯胁袧邪褔懈褋谢械薪懈褟袗屑芯褉褌懈蟹邪褑懈懈袨小/Ext/ObjectModule.bsl	袛胁懈卸械薪懈褟	袟邪锌懈褋邪褌褜
Documents	袛芯泻褍屑械薪褌	袠蟹屑械薪械薪懈械小芯褋褌芯褟薪懈褟袨小	Documents/袠蟹屑械薪械薪懈械小芯褋褌芯褟薪懈褟袨小/Ext/ObjectModule.bsl	袛胁懈卸械薪懈褟	袟邪锌懈褋邪褌褜
Documents	袛芯泻褍屑械薪褌	袠蟹屑械薪械薪懈械小锌械褑懈邪谢褜薪芯谐芯袣芯褝褎褎懈褑懈械薪褌邪袧袦袗	Documents/袠蟹屑械薪械薪懈械小锌械褑懈邪谢褜薪芯谐芯袣芯褝褎褎懈褑懈械薪褌邪袧袦袗/Ext/ObjectModule.bsl	袛胁懈卸械薪懈褟	袟邪锌懈褋邪褌褜
Documents	袛芯泻褍屑械薪褌	袠蟹屑械薪械薪懈械小锌械褑懈邪谢褜薪芯谐芯袣芯褝褎褎懈褑懈械薪褌邪袨小	Documents/袠蟹屑械薪械薪懈械小锌械褑懈邪谢褜薪芯谐芯袣芯褝褎褎懈褑懈械薪褌邪袨小/Ext/ObjectModule.bsl	袛胁懈卸械薪懈褟	袟邪锌懈褋邪褌褜
Documents	袛芯泻褍屑械薪褌	袠蟹屑械薪械薪懈械小锌芯褋芯斜芯胁袨褌褉邪卸械薪懈褟袪邪褋褏芯写芯胁袩芯袗屑芯褉褌懈蟹邪褑懈懈袧袦袗	Documents/袠蟹屑械薪械薪懈械小锌芯褋芯斜芯胁袨褌褉邪卸械薪懈褟袪邪褋褏芯写芯胁袩芯袗屑芯褉褌懈蟹邪褑懈懈袧袦袗/Ext/ObjectModule.bsl	袛胁懈卸械薪懈褟	袟邪锌懈褋邪褌褜
Documents	袛芯泻褍屑械薪褌	袠蟹屑械薪械薪懈械小锌芯褋芯斜芯胁袨褌褉邪卸械薪懈褟袪邪褋褏芯写芯胁袩芯袗屑芯褉褌懈蟹邪褑懈懈袨小	Documents/袠蟹屑械薪械薪懈械小锌芯褋芯斜芯胁袨褌褉邪卸械薪懈褟袪邪褋褏芯写芯胁袩芯袗屑芯褉褌懈蟹邪褑懈懈袨小/Ext/ObjectModule.bsl	袛胁懈卸械薪懈褟	袟邪锌懈褋邪褌褜
Documents	袛芯泻褍屑械薪褌	袠蟹屑械薪械薪懈械校褋谢芯胁懈泄袗褉械薪写褘	Documents/袠蟹屑械薪械薪懈械校褋谢芯胁懈泄袗褉械薪写褘/Ext/ObjectModule.bsl	袛胁懈卸械薪懈褟	袟邪锌懈褋邪褌褜
Documents	袛芯泻褍屑械薪褌	袠蟹屑械薪械薪懈械校褋谢芯胁懈泄袗褉械薪写褘	Documents/袠蟹屑械薪械薪懈械校褋谢芯胁懈泄袗褉械薪写褘/Ext/ObjectModule.bsl	袛胁懈卸械薪懈褟	啸芯蟹褉邪褋褔械褌薪褘泄
Documents	袛芯泻褍屑械薪褌	袠薪胁械薪褌邪褉懈蟹邪褑懈褟袧袦袗	Documents/袠薪胁械薪褌邪褉懈蟹邪褑懈褟袧袦袗/Ext/ObjectModule.bsl	袛胁懈卸械薪懈褟	袟邪锌懈褋邪褌褜
Documents	袛芯泻褍屑械薪褌	袠薪胁械薪褌邪褉懈蟹邪褑懈褟袨小	Documents/袠薪胁械薪褌邪褉懈蟹邪褑懈褟袨小/Ext/ObjectModule.bsl	袛胁懈卸械薪懈褟	袟邪锌懈褋邪褌褜
Documents	袛芯泻褍屑械薪褌	袠薪胁械薪褌邪褉懈蟹邪褑懈褟孝芯胁邪褉芯胁袧邪小泻谢邪写械	Documents/袠薪胁械薪褌邪褉懈蟹邪褑懈褟孝芯胁邪褉芯胁袧邪小泻谢邪写械/Ext/ObjectModule.bsl	袛胁懈卸械薪懈褟	袟邪锌懈褋邪褌褜
Documents	袛芯泻褍屑械薪褌	袠褋锌芯谢薪懈褌械谢褜薪褘泄袥懈褋褌	Documents/袠褋锌芯谢薪懈褌械谢褜薪褘泄袥懈褋褌/Ext/ObjectModule.bsl	袛胁懈卸械薪懈褟	校褋谢芯胁懈褟校写械褉卸邪薪懈褟袩芯袠褋锌芯谢薪懈褌械谢褜薪芯屑褍袛芯泻褍屑械薪褌褍
Documents	袛芯泻褍屑械薪褌	袣邪写褉芯胁褘泄袩械褉械胁芯写	Documents/袣邪写褉芯胁褘泄袩械褉械胁芯写/Ext/ObjectModule.bsl	袛胁懈卸械薪懈褟	袦械褉芯锌褉懈褟褌懈褟孝褉褍写芯胁芯泄袛械褟褌械谢褜薪芯褋褌懈
Documents	袛芯泻褍屑械薪褌	袣芯屑锌谢械泻褌邪褑懈褟袧芯屑械薪泻谢邪褌褍褉褘	Documents/袣芯屑锌谢械泻褌邪褑懈褟袧芯屑械薪泻谢邪褌褍褉褘/Ext/ObjectModule.bsl	袛胁懈卸械薪懈褟	袟邪锌懈褋邪褌褜
Documents	袛芯泻褍屑械薪褌	袣芯褉褉械泻褌懈褉芯胁泻邪袘褞写卸械褌邪	Documents/袣芯褉褉械泻褌懈褉芯胁泻邪袘褞写卸械褌邪/Ext/ObjectModule.bsl	袛胁懈卸械薪懈褟	袟邪锌懈褋邪褌褜
Documents	袛芯泻褍屑械薪褌	袣芯褉褉械泻褌懈褉芯胁泻邪袛芯谢谐邪	Documents/袣芯褉褉械泻褌懈褉芯胁泻邪袛芯谢谐邪/Ext/ObjectModule.bsl	袛胁懈卸械薪懈褟	袟邪锌懈褋邪褌褜
Documents	袛芯泻褍屑械薪褌	袣芯褉褉械泻褌懈褉芯胁泻邪袝袧小	Documents/袣芯褉褉械泻褌懈褉芯胁泻邪袝袧小/Ext/ManagerModule.bsl	袛胁懈卸械薪懈褟	啸芯蟹褉邪褋褔械褌薪褘泄
Documents	袛芯泻褍屑械薪褌	袣芯褉褉械泻褌懈褉芯胁泻邪袝袧小	Documents/袣芯褉褉械泻褌懈褉芯胁泻邪袝袧小/Ext/ObjectModule.bsl	袛胁懈卸械薪懈褟	袟邪锌懈褋邪褌褜
Documents	袛芯泻褍屑械薪褌	袣芯褉褉械泻褌懈褉芯胁泻邪袩芯褋褌褍锌谢械薪懈褟	Documents/袣芯褉褉械泻褌懈褉芯胁泻邪袩芯褋褌褍锌谢械薪懈褟/Ext/ManagerModule.bsl	袛胁懈卸械薪懈褟	啸芯蟹褉邪褋褔械褌薪褘泄
Documents	袛芯泻褍屑械薪褌	袣芯褉褉械泻褌懈褉芯胁泻邪袩芯褋褌褍锌谢械薪懈褟	Documents/袣芯褉褉械泻褌懈褉芯胁泻邪袩芯褋褌褍锌谢械薪懈褟/Ext/ObjectModule.bsl	袛胁懈卸械薪懈褟	袟邪锌懈褋邪褌褜
Documents	袛芯泻褍屑械薪褌	袣芯褉褉械泻褌懈褉芯胁泻邪袩芯褋褌褍锌谢械薪懈褟	Documents/袣芯褉褉械泻褌懈褉芯胁泻邪袩芯褋褌褍锌谢械薪懈褟/Ext/ObjectModule.bsl	袛胁懈卸械薪懈褟	袪邪褋褏芯写褘袩褉懈校小袧
Documents	袛芯泻褍屑械薪褌	袣芯褉褉械泻褌懈褉芯胁泻邪袩芯褋褌褍锌谢械薪懈褟	Documents/袣芯褉褉械泻褌懈褉芯胁泻邪袩芯褋褌褍锌谢械薪懈褟/Ext/ObjectModule.bsl	袛胁懈卸械薪懈褟	啸芯蟹褉邪褋褔械褌薪褘泄
Documents	袛芯泻褍屑械薪褌	袣芯褉褉械泻褌懈褉芯胁泻邪袪械邪谢懈蟹邪褑懈懈	Documents/袣芯褉褉械泻褌懈褉芯胁泻邪袪械邪谢懈蟹邪褑懈懈/Ext/ManagerModule.bsl	袛胁懈卸械薪懈褟	啸芯蟹褉邪褋褔械褌薪褘泄
Documents	袛芯泻褍屑械薪褌	袣芯褉褉械泻褌懈褉芯胁泻邪袪械邪谢懈蟹邪褑懈懈	Documents/袣芯褉褉械泻褌懈褉芯胁泻邪袪械邪谢懈蟹邪褑懈懈/Ext/ObjectModule.bsl	袛胁懈卸械薪懈褟	袟邪锌懈褋邪褌褜
Documents	袛芯泻褍屑械薪褌	袣芯褉褉械泻褌懈褉芯胁泻邪袪械邪谢懈蟹邪褑懈懈	Documents/袣芯褉褉械泻褌懈褉芯胁泻邪袪械邪谢懈蟹邪褑懈懈/Ext/ObjectModule.bsl	袛胁懈卸械薪懈褟	袪械邪谢懈蟹邪褑懈褟校褋谢褍谐
Documents	袛芯泻褍屑械薪褌	袣芯褉褉械泻褌懈褉芯胁泻邪袪械邪谢懈蟹邪褑懈懈	Documents/袣芯褉褉械泻褌懈褉芯胁泻邪袪械邪谢懈蟹邪褑懈懈/Ext/ObjectModule.bsl	袛胁懈卸械薪懈褟	啸芯蟹褉邪褋褔械褌薪褘泄
Documents	袛芯泻褍屑械薪褌	袦芯写械褉薪懈蟹邪褑懈褟袨小	Documents/袦芯写械褉薪懈蟹邪褑懈褟袨小/Ext/ObjectModule.bsl	袛胁懈卸械薪懈褟	袟邪锌懈褋邪褌褜
Documents	袛芯泻褍屑械薪褌	袦芯写械褉薪懈蟹邪褑懈褟袨小	Documents/袦芯写械褉薪懈蟹邪褑懈褟袨小/Ext/ObjectModule.bsl	袛胁懈卸械薪懈褟	啸芯蟹褉邪褋褔械褌薪褘泄
Documents	袛芯泻褍屑械薪褌	袧邪褔邪谢芯小褌邪写懈懈袪邪蟹褉邪斜芯褌芯泻袧袦袗	Documents/袧邪褔邪谢芯小褌邪写懈懈袪邪蟹褉邪斜芯褌芯泻袧袦袗/Ext/ObjectModule.bsl	袛胁懈卸械薪懈褟	袟邪锌懈褋邪褌褜
Documents	袛芯泻褍屑械薪褌	袧邪褔懈褋谢械薪懈械袛懈胁懈写械薪写芯胁	Documents/袧邪褔懈褋谢械薪懈械袛懈胁懈写械薪写芯胁/Ext/ManagerModule.bsl	袛胁懈卸械薪懈褟	啸芯蟹褉邪褋褔械褌薪褘泄
Documents	袛芯泻褍屑械薪褌	袧邪褔懈褋谢械薪懈械袟邪褉锌谢邪褌褘	Documents/袧邪褔懈褋谢械薪懈械袟邪褉锌谢邪褌褘/Ext/ObjectModule.bsl	袛胁懈卸械薪懈褟	袧邪褔懈褋谢械薪懈褟校写械褉卸邪薪懈褟袩芯小芯褌褉褍写薪懈泻邪屑
Documents	袛芯泻褍屑械薪褌	袧邪褔懈褋谢械薪懈械袟邪褉锌谢邪褌褘	Documents/袧邪褔懈褋谢械薪懈械袟邪褉锌谢邪褌褘/Ext/ObjectModule.bsl	袛胁懈卸械薪懈褟	小褌褉邪褏芯胁褘械袙蟹薪芯褋褘袩芯肖懈蟹懈褔械褋泻懈屑袥懈褑邪屑
Documents	袛芯泻褍屑械薪褌	袧邪褔懈褋谢械薪懈械袧袛小锌芯小袦袪褏芯蟹褋锌芯褋芯斜芯屑	Documents/袧邪褔懈褋谢械薪懈械袧袛小锌芯小袦袪褏芯蟹褋锌芯褋芯斜芯屑/Ext/ObjectModule.bsl	袛胁懈卸械薪懈褟	袟邪锌懈褋邪褌褜
Documents	袛芯泻褍屑械薪褌	袧邪褔懈褋谢械薪懈械袩械薪械泄	Documents/袧邪褔懈褋谢械薪懈械袩械薪械泄/Ext/ManagerModule.bsl	袛胁懈卸械薪懈褟	袧袛小袟邪锌懈褋懈袣薪懈谐懈袩褉芯写邪卸
Documents	袛芯泻褍屑械薪褌	袧邪褔懈褋谢械薪懈械袩械薪械泄	Documents/袧邪褔懈褋谢械薪懈械袩械薪械泄/Ext/ManagerModule.bsl	袛胁懈卸械薪懈褟	啸芯蟹褉邪褋褔械褌薪褘泄
Documents	袛芯泻褍屑械薪褌	袧邪褔懈褋谢械薪懈械袩械薪械泄	Documents/袧邪褔懈褋谢械薪懈械袩械薪械泄/Ext/ObjectModule.bsl	袛胁懈卸械薪懈褟	袟邪锌懈褋邪褌褜
Documents	袛芯泻褍屑械薪褌	袧邪褔懈褋谢械薪懈械孝褍褉懈褋褌懈褔械褋泻芯谐芯袧邪谢芯谐邪	Documents/袧邪褔懈褋谢械薪懈械孝褍褉懈褋褌懈褔械褋泻芯谐芯袧邪谢芯谐邪/Ext/ManagerModule.bsl	袛胁懈卸械薪懈褟	孝褍褉懈褋褌懈褔械褋泻懈泄袧邪谢芯谐
Documents	袛芯泻褍屑械薪褌	袧邪褔懈褋谢械薪懈械孝褍褉懈褋褌懈褔械褋泻芯谐芯袧邪谢芯谐邪	Documents/袧邪褔懈褋谢械薪懈械孝褍褉懈褋褌懈褔械褋泻芯谐芯袧邪谢芯谐邪/Ext/ObjectModule.bsl	袛胁懈卸械薪懈褟	袟邪锌懈褋邪褌褜
Documents	袛芯泻褍屑械薪褌	袨斜械褋褑械薪械薪懈械袙薪械芯斜芯褉芯褌薪褘褏袗泻褌懈胁芯胁	Documents/袨斜械褋褑械薪械薪懈械袙薪械芯斜芯褉芯褌薪褘褏袗泻褌懈胁芯胁/Ext/ObjectModule.bsl	袛胁懈卸械薪懈褟	袟邪锌懈褋邪褌褜
Documents	袛芯泻褍屑械薪褌	袨斜械褋褑械薪械薪懈械袙薪械芯斜芯褉芯褌薪褘褏袗泻褌懈胁芯胁	Documents/袨斜械褋褑械薪械薪懈械袙薪械芯斜芯褉芯褌薪褘褏袗泻褌懈胁芯胁/Ext/ObjectModule.bsl	袛胁懈卸械薪懈褟	啸芯蟹褉邪褋褔械褌薪褘泄
Documents	袛芯泻褍屑械薪褌	袨泻邪蟹邪薪懈械校褋谢褍谐	Documents/袨泻邪蟹邪薪懈械校褋谢褍谐/Ext/ObjectModule.bsl	袛胁懈卸械薪懈褟	袟邪锌懈褋邪褌褜
Documents	袛芯泻褍屑械薪褌	袨泻邪蟹邪薪懈械校褋谢褍谐	Documents/袨泻邪蟹邪薪懈械校褋谢褍谐/Ext/ObjectModule.bsl	袛胁懈卸械薪懈褟	袪械邪谢懈蟹邪褑懈褟校褋谢褍谐
Documents	袛芯泻褍屑械薪褌	袨锌械褉邪褑懈褟袘褍褏	Documents/袨锌械褉邪褑懈褟袘褍褏/Ext/ObjectModule.bsl	袛胁懈卸械薪懈褟	啸芯蟹褉邪褋褔械褌薪褘泄
Documents	袛芯泻褍屑械薪褌	袨锌械褉邪褑懈褟袧邪谢芯谐芯胁芯谐芯校褔械褌邪袩芯袧袛肖袥	Documents/袨锌械褉邪褑懈褟袧邪谢芯谐芯胁芯谐芯校褔械褌邪袩芯袧袛肖袥/Ext/ManagerModule.bsl	袛胁懈卸械薪懈褟	袪邪褋褔械褌褘袧邪谢芯谐芯锌谢邪褌械谢褜褖懈泻芯胁小袘褞写卸械褌芯屑袩芯袧袛肖袥
Documents	袛芯泻褍屑械薪褌	袨锌械褉邪褑懈褟袧邪谢芯谐芯胁芯谐芯校褔械褌邪袩芯袧袛肖袥	Documents/袨锌械褉邪褑懈褟袧邪谢芯谐芯胁芯谐芯校褔械褌邪袩芯袧袛肖袥/Ext/ObjectModule.bsl	袛胁懈卸械薪懈褟	袧邪褔懈褋谢械薪懈褟校写械褉卸邪薪懈褟袩芯小芯褌褉褍写薪懈泻邪屑
Documents	袛芯泻褍屑械薪褌	袨锌械褉邪褑懈褟袧邪谢芯谐芯胁芯谐芯校褔械褌邪袩芯袧袛肖袥	Documents/袨锌械褉邪褑懈褟袧邪谢芯谐芯胁芯谐芯校褔械褌邪袩芯袧袛肖袥/Ext/ObjectModule.bsl	袛胁懈卸械薪懈褟	袪邪褋褔械褌褘袧邪谢芯谐芯锌谢邪褌械谢褜褖懈泻芯胁小袘褞写卸械褌芯屑袩芯袧袛肖袥
Documents	袛芯泻褍屑械薪褌	袨锌械褉邪褑懈褟袩芯袝写懈薪芯屑褍袧邪谢芯谐芯胁芯屑褍小褔械褌褍	Documents/袨锌械褉邪褑懈褟袩芯袝写懈薪芯屑褍袧邪谢芯谐芯胁芯屑褍小褔械褌褍/Ext/ObjectModule.bsl	袛胁懈卸械薪懈褟	袟邪锌懈褋邪褌褜
Documents	袛芯泻褍屑械薪褌	袨锌械褉邪褑懈褟小袘懈谢械褌芯屑	Documents/袨锌械褉邪褑懈褟小袘懈谢械褌芯屑/Ext/ManagerModule.bsl	袛胁懈卸械薪懈褟	啸芯蟹褉邪褋褔械褌薪褘泄
Documents	袛芯泻褍屑械薪褌	袨锌械褉邪褑懈褟小袘懈谢械褌芯屑	Documents/袨锌械褉邪褑懈褟小袘懈谢械褌芯屑/Ext/ObjectModule.bsl	袛胁懈卸械薪懈褟	袟邪锌懈褋邪褌褜
Documents	袛芯泻褍屑械薪褌	袨锌械褉邪褑懈褟小袘懈谢械褌芯屑	Documents/袨锌械褉邪褑懈褟小袘懈谢械褌芯屑/Ext/ObjectModule.bsl	袛胁懈卸械薪懈褟	袪邪褋褏芯写褘袩褉懈校小袧
Documents	袛芯泻褍屑械薪褌	袨锌械褉邪褑懈褟小袠薪胁械褋褌懈褑懈芯薪薪褘屑袙褘褔械褌芯屑	Documents/袨锌械褉邪褑懈褟小袠薪胁械褋褌懈褑懈芯薪薪褘屑袙褘褔械褌芯屑/Ext/ObjectModule.bsl	袛胁懈卸械薪懈褟	袟邪锌懈褋邪褌褜
Documents	袛芯泻褍屑械薪褌	袨锌械褉邪褑懈褟小袩邪褌械薪褌芯屑	Documents/袨锌械褉邪褑懈褟小袩邪褌械薪褌芯屑/Ext/ObjectModule.bsl	袛胁懈卸械薪懈褟	袟邪锌懈褋邪褌褜
Documents	袛芯泻褍屑械薪褌	袨锌谢邪褌邪袩谢邪褌械卸薪芯泄袣邪褉褌芯泄	Documents/袨锌谢邪褌邪袩谢邪褌械卸薪芯泄袣邪褉褌芯泄/Ext/ManagerModule.bsl	袛胁懈卸械薪懈褟	袩褉芯褔懈械袪邪褋褔械褌褘
Documents	袛芯泻褍屑械薪褌	袨锌谢邪褌邪袩谢邪褌械卸薪芯泄袣邪褉褌芯泄	Documents/袨锌谢邪褌邪袩谢邪褌械卸薪芯泄袣邪褉褌芯泄/Ext/ManagerModule.bsl	袛胁懈卸械薪懈褟	啸芯蟹褉邪褋褔械褌薪褘泄
Documents	袛芯泻褍屑械薪褌	袨锌谢邪褌邪袩谢邪褌械卸薪芯泄袣邪褉褌芯泄	Documents/袨锌谢邪褌邪袩谢邪褌械卸薪芯泄袣邪褉褌芯泄/Ext/ObjectModule.bsl	袛胁懈卸械薪懈褟	袟邪锌懈褋邪褌褜
Documents	袛芯泻褍屑械薪褌	袨锌褉懈褏芯写芯胁邪薪懈械孝芯胁邪褉芯胁	Documents/袨锌褉懈褏芯写芯胁邪薪懈械孝芯胁邪褉芯胁/Ext/ObjectModule.bsl	袛胁懈卸械薪懈褟	袟邪锌懈褋邪褌褜
Documents	袛芯泻褍屑械薪褌	袨褌蟹褘胁袟邪褟胁谢械薪懈泄袨袩褉械写芯褋褌邪胁谢械薪懈懈小胁械写械薪懈泄袨孝褉褍写芯胁芯泄袛械褟褌械谢褜薪芯褋褌懈	Documents/袨褌蟹褘胁袟邪褟胁谢械薪懈泄袨袩褉械写芯褋褌邪胁谢械薪懈懈小胁械写械薪懈泄袨孝褉褍写芯胁芯泄袛械褟褌械谢褜薪芯褋褌懈/Ext/ObjectModule.bsl	袛胁懈卸械薪懈褟	袟邪褟胁谢械薪懈褟袨袙械写械薪懈懈孝褉褍写芯胁褘褏袣薪懈卸械泻袨褌芯蟹胁邪薪薪褘械
Documents	袛芯泻褍屑械薪褌	袨褌屑械薪邪袘褉芯薪懈褉芯胁邪薪懈褟袚褉邪卸写邪薪袩褉械斜褘胁邪褞褖懈褏袙袟邪锌邪褋械	Documents/袨褌屑械薪邪袘褉芯薪懈褉芯胁邪薪懈褟袚褉邪卸写邪薪袩褉械斜褘胁邪褞褖懈褏袙袟邪锌邪褋械/Ext/ObjectModule.bsl	袛胁懈卸械薪懈褟	袘褉芯薪懈褉芯胁邪薪懈械小芯褌褉褍写薪懈泻芯胁
Documents	袛芯泻褍屑械薪褌	袨褌锌褍褋泻	Documents/袨褌锌褍褋泻/Ext/ObjectModule.bsl	袛胁懈卸械薪懈褟	袧邪褔懈褋谢械薪懈褟校写械褉卸邪薪懈褟袩芯小芯褌褉褍写薪懈泻邪屑
Documents	袛芯泻褍屑械薪褌	袨褌褉邪卸械薪懈械袟邪褉锌谢邪褌褘袙袘褍褏褍褔械褌械	Documents/袨褌褉邪卸械薪懈械袟邪褉锌谢邪褌褘袙袘褍褏褍褔械褌械/Ext/ObjectModule.bsl	袛胁懈卸械薪懈褟	袨褑械薪芯褔薪褘械袨斜褟蟹邪褌械谢褜褋褌胁邪袩芯小芯褌褉褍写薪懈泻邪屑
Documents	袛芯泻褍屑械薪褌	袨褌褉邪卸械薪懈械袟邪褉锌谢邪褌褘袙校褔械褌械	Documents/袨褌褉邪卸械薪懈械袟邪褉锌谢邪褌褘袙校褔械褌械/Ext/ObjectModule.bsl	袛胁懈卸械薪懈褟	袟邪锌懈褋邪褌褜
Documents	袛芯泻褍屑械薪褌	袨褌褉邪卸械薪懈械袟邪褉锌谢邪褌褘袙校褔械褌械	Documents/袨褌褉邪卸械薪懈械袟邪褉锌谢邪褌褘袙校褔械褌械/Ext/ObjectModule.bsl	袛胁懈卸械薪懈褟	啸芯蟹褉邪褋褔械褌薪褘泄
Documents	袛芯泻褍屑械薪褌	袨褌褉邪卸械薪懈械袧袛小袣袙褘褔械褌褍	Documents/袨褌褉邪卸械薪懈械袧袛小袣袙褘褔械褌褍/Ext/ManagerModule.bsl	袛胁懈卸械薪懈褟	袧袛小袟邪锌懈褋懈袣薪懈谐懈袩芯泻褍锌芯泻
Documents	袛芯泻褍屑械薪褌	袨褌褉邪卸械薪懈械袧袛小袣袙褘褔械褌褍	Documents/袨褌褉邪卸械薪懈械袧袛小袣袙褘褔械褌褍/Ext/ManagerModule.bsl	袛胁懈卸械薪懈褟	袧袛小袩褉械写褗褟胁谢械薪薪褘泄
Documents	袛芯泻褍屑械薪褌	袨褌褉邪卸械薪懈械袧袛小袣袙褘褔械褌褍	Documents/袨褌褉邪卸械薪懈械袧袛小袣袙褘褔械褌褍/Ext/ManagerModule.bsl	袛胁懈卸械薪懈褟	啸芯蟹褉邪褋褔械褌薪褘泄
Documents	袛芯泻褍屑械薪褌	袨褌褉邪卸械薪懈械袧袛小袣袙褘褔械褌褍	Documents/袨褌褉邪卸械薪懈械袧袛小袣袙褘褔械褌褍/Ext/ObjectModule.bsl	袛胁懈卸械薪懈褟	袟邪锌懈褋邪褌褜
Documents	袛芯泻褍屑械薪褌	袨褌褉邪卸械薪懈械袧邪褔懈褋谢械薪懈褟袧袛小	Documents/袨褌褉邪卸械薪懈械袧邪褔懈褋谢械薪懈褟袧袛小/Ext/ManagerModule.bsl	袛胁懈卸械薪懈褟	袧袛小袟邪锌懈褋懈袣薪懈谐懈袩褉芯写邪卸
Documents	袛芯泻褍屑械薪褌	袨褌褉邪卸械薪懈械袧邪褔懈褋谢械薪懈褟袧袛小	Documents/袨褌褉邪卸械薪懈械袧邪褔懈褋谢械薪懈褟袧袛小/Ext/ManagerModule.bsl	袛胁懈卸械薪懈褟	袧袛小袧邪褔懈褋谢械薪薪褘泄
Documents	袛芯泻褍屑械薪褌	袨褌褉邪卸械薪懈械袧邪褔懈褋谢械薪懈褟袧袛小	Documents/袨褌褉邪卸械薪懈械袧邪褔懈褋谢械薪懈褟袧袛小/Ext/ManagerModule.bsl	袛胁懈卸械薪懈褟	啸芯蟹褉邪褋褔械褌薪褘泄
Documents	袛芯泻褍屑械薪褌	袨褌褉邪卸械薪懈械袧邪褔懈褋谢械薪懈褟袧袛小	Documents/袨褌褉邪卸械薪懈械袧邪褔懈褋谢械薪懈褟袧袛小/Ext/ObjectModule.bsl	袛胁懈卸械薪懈褟	袟邪锌懈褋邪褌褜
Documents	袛芯泻褍屑械薪褌	袨褌褔械褌袣芯屑懈褋褋懈芯薪械褉邪袨袩褉芯写邪卸邪褏	Documents/袨褌褔械褌袣芯屑懈褋褋懈芯薪械褉邪袨袩褉芯写邪卸邪褏/Ext/ManagerModule.bsl	袛胁懈卸械薪懈褟	袣薪懈谐邪校褔械褌邪袛芯褏芯写芯胁袠袪邪褋褏芯写芯胁
Documents	袛芯泻褍屑械薪褌	袨褌褔械褌袣芯屑懈褋褋懈芯薪械褉邪袨袩褉芯写邪卸邪褏	Documents/袨褌褔械褌袣芯屑懈褋褋懈芯薪械褉邪袨袩褉芯写邪卸邪褏/Ext/ManagerModule.bsl	袛胁懈卸械薪懈褟	袪邪褋褏芯写褘袩褉懈校小袧
Documents	袛芯泻褍屑械薪褌	袨褌褔械褌袣芯屑懈褋褋懈芯薪械褉邪袨袩褉芯写邪卸邪褏	Documents/袨褌褔械褌袣芯屑懈褋褋懈芯薪械褉邪袨袩褉芯写邪卸邪褏/Ext/ManagerModule.bsl	袛胁懈卸械薪懈褟	啸芯蟹褉邪褋褔械褌薪褘泄
Documents	袛芯泻褍屑械薪褌	袨褌褔械褌袣芯屑懈褋褋懈芯薪械褉邪袨袩褉芯写邪卸邪褏	Documents/袨褌褔械褌袣芯屑懈褋褋懈芯薪械褉邪袨袩褉芯写邪卸邪褏/Ext/ObjectModule.bsl	袛胁懈卸械薪懈褟	袟邪锌懈褋邪褌褜
Documents	袛芯泻褍屑械薪褌	袨褌褔械褌袣芯屑懈褋褋懈芯薪械褉邪袨袩褉芯写邪卸邪褏	Documents/袨褌褔械褌袣芯屑懈褋褋懈芯薪械褉邪袨袩褉芯写邪卸邪褏/Ext/ObjectModule.bsl	袛胁懈卸械薪懈褟	袣薪懈谐邪校褔械褌邪袛芯褏芯写芯胁袠袪邪褋褏芯写芯胁
Documents	袛芯泻褍屑械薪褌	袨褌褔械褌袣芯屑懈褋褋懈芯薪械褉邪袨袩褉芯写邪卸邪褏	Documents/袨褌褔械褌袣芯屑懈褋褋懈芯薪械褉邪袨袩褉芯写邪卸邪褏/Ext/ObjectModule.bsl	袛胁懈卸械薪懈褟	袪邪褋褏芯写褘袩褉懈校小袧
Documents	袛芯泻褍屑械薪褌	袨褌褔械褌袣芯屑懈褋褋懈芯薪械褉邪袨袩褉芯写邪卸邪褏	Documents/袨褌褔械褌袣芯屑懈褋褋懈芯薪械褉邪袨袩褉芯写邪卸邪褏/Ext/ObjectModule.bsl	袛胁懈卸械薪懈褟	袪械邪谢懈蟹邪褑懈褟校褋谢褍谐
Documents	袛芯泻褍屑械薪褌	袨褌褔械褌袣芯屑懈褌械薪褌褍袨袩褉芯写邪卸邪褏	Documents/袨褌褔械褌袣芯屑懈褌械薪褌褍袨袩褉芯写邪卸邪褏/Ext/ManagerModule.bsl	袛胁懈卸械薪懈褟	袟邪泻褍锌谢械薪薪褘械孝芯胁邪褉褘袣芯屑懈褌械薪褌芯胁
Documents	袛芯泻褍屑械薪褌	袨褌褔械褌袣芯屑懈褌械薪褌褍袨袩褉芯写邪卸邪褏	Documents/袨褌褔械褌袣芯屑懈褌械薪褌褍袨袩褉芯写邪卸邪褏/Ext/ManagerModule.bsl	袛胁懈卸械薪懈褟	袪械邪谢懈蟹芯胁邪薪薪褘械孝芯胁邪褉褘袣芯屑懈褌械薪褌芯胁
Documents	袛芯泻褍屑械薪褌	袨褌褔械褌袣芯屑懈褌械薪褌褍袨袩褉芯写邪卸邪褏	Documents/袨褌褔械褌袣芯屑懈褌械薪褌褍袨袩褉芯写邪卸邪褏/Ext/ObjectModule.bsl	袛胁懈卸械薪懈褟	袟邪锌懈褋邪褌褜
Documents	袛芯泻褍屑械薪褌	袨褌褔械褌袨袪芯蟹薪懈褔薪褘褏袩褉芯写邪卸邪褏	Documents/袨褌褔械褌袨袪芯蟹薪懈褔薪褘褏袩褉芯写邪卸邪褏/Ext/ManagerModule.bsl	袛胁懈卸械薪懈褟	袣薪懈谐邪校褔械褌邪袛芯褏芯写芯胁袠袪邪褋褏芯写芯胁
Documents	袛芯泻褍屑械薪褌	袨褌褔械褌袨袪芯蟹薪懈褔薪褘褏袩褉芯写邪卸邪褏	Documents/袨褌褔械褌袨袪芯蟹薪懈褔薪褘褏袩褉芯写邪卸邪褏/Ext/ManagerModule.bsl	袛胁懈卸械薪懈褟	袣薪懈谐邪校褔械褌邪袛芯褏芯写芯胁袩邪褌械薪褌
Documents	袛芯泻褍屑械薪褌	袨褌褔械褌袨袪芯蟹薪懈褔薪褘褏袩褉芯写邪卸邪褏	Documents/袨褌褔械褌袨袪芯蟹薪懈褔薪褘褏袩褉芯写邪卸邪褏/Ext/ManagerModule.bsl	袛胁懈卸械薪懈褟	袧袛小袟邪锌懈褋懈袣薪懈谐懈袩芯泻褍锌芯泻
Documents	袛芯泻褍屑械薪褌	袨褌褔械褌袨袪芯蟹薪懈褔薪褘褏袩褉芯写邪卸邪褏	Documents/袨褌褔械褌袨袪芯蟹薪懈褔薪褘褏袩褉芯写邪卸邪褏/Ext/ManagerModule.bsl	袛胁懈卸械薪懈褟	袧袛小袩芯袩褉懈芯斜褉械褌械薪薪褘屑笑械薪薪芯褋褌褟屑
Documents	袛芯泻褍屑械薪褌	袨褌褔械褌袨袪芯蟹薪懈褔薪褘褏袩褉芯写邪卸邪褏	Documents/袨褌褔械褌袨袪芯蟹薪懈褔薪褘褏袩褉芯写邪卸邪褏/Ext/ManagerModule.bsl	袛胁懈卸械薪懈褟	袧袛小袩褉械写褗褟胁谢械薪薪褘泄
Documents	袛芯泻褍屑械薪褌	袨褌褔械褌袨袪芯蟹薪懈褔薪褘褏袩褉芯写邪卸邪褏	Documents/袨褌褔械褌袨袪芯蟹薪懈褔薪褘褏袩褉芯写邪卸邪褏/Ext/ManagerModule.bsl	袛胁懈卸械薪懈褟	袧袛小袪邪蟹写械谢褜薪褘泄校褔械褌
Documents	袛芯泻褍屑械薪褌	袨褌褔械褌袨袪芯蟹薪懈褔薪褘褏袩褉芯写邪卸邪褏	Documents/袨褌褔械褌袨袪芯蟹薪懈褔薪褘褏袩褉芯写邪卸邪褏/Ext/ManagerModule.bsl	袛胁懈卸械薪懈褟	袪邪褋褏芯写褘袩褉懈校小袧
Documents	袛芯泻褍屑械薪褌	袨褌褔械褌袨袪芯蟹薪懈褔薪褘褏袩褉芯写邪卸邪褏	Documents/袨褌褔械褌袨袪芯蟹薪懈褔薪褘褏袩褉芯写邪卸邪褏/Ext/ManagerModule.bsl	袛胁懈卸械薪懈褟	孝褍褉懈褋褌懈褔械褋泻懈泄袧邪谢芯谐
Documents	袛芯泻褍屑械薪褌	袨褌褔械褌袨袪芯蟹薪懈褔薪褘褏袩褉芯写邪卸邪褏	Documents/袨褌褔械褌袨袪芯蟹薪懈褔薪褘褏袩褉芯写邪卸邪褏/Ext/ManagerModule.bsl	袛胁懈卸械薪懈褟	啸芯蟹褉邪褋褔械褌薪褘泄
Documents	袛芯泻褍屑械薪褌	袨褌褔械褌袨袪芯蟹薪懈褔薪褘褏袩褉芯写邪卸邪褏	Documents/袨褌褔械褌袨袪芯蟹薪懈褔薪褘褏袩褉芯写邪卸邪褏/Ext/ObjectModule.bsl	袛胁懈卸械薪懈褟	袟邪锌懈褋邪褌褜
Documents	袛芯泻褍屑械薪褌	袨褌褔械褌袨袪芯蟹薪懈褔薪褘褏袩褉芯写邪卸邪褏	Documents/袨褌褔械褌袨袪芯蟹薪懈褔薪褘褏袩褉芯写邪卸邪褏/Ext/ObjectModule.bsl	袛胁懈卸械薪懈褟	袪邪褋褏芯写褘袩褉懈校小袧
Documents	袛芯泻褍屑械薪褌	袨褌褔械褌袨袪芯蟹薪懈褔薪褘褏袩褉芯写邪卸邪褏	Documents/袨褌褔械褌袨袪芯蟹薪懈褔薪褘褏袩褉芯写邪卸邪褏/Ext/ObjectModule.bsl	袛胁懈卸械薪懈褟	袪械邪谢懈蟹邪褑懈褟校褋谢褍谐
Documents	袛芯泻褍屑械薪褌	袨褌褔械褌袨锌械褉邪褌芯褉邪小懈褋褌械屑褘袩谢邪褌芯薪	Documents/袨褌褔械褌袨锌械褉邪褌芯褉邪小懈褋褌械屑褘袩谢邪褌芯薪/Ext/ManagerModule.bsl	袛胁懈卸械薪懈褟	袪邪褋褏芯写褘袧邪袩谢邪褌芯薪
Documents	袛芯泻褍屑械薪褌	袨褌褔械褌袨锌械褉邪褌芯褉邪小懈褋褌械屑褘袩谢邪褌芯薪	Documents/袨褌褔械褌袨锌械褉邪褌芯褉邪小懈褋褌械屑褘袩谢邪褌芯薪/Ext/ObjectModule.bsl	袛胁懈卸械薪懈褟	袟邪锌懈褋邪褌褜
Documents	袛芯泻褍屑械薪褌	袨褌褔械褌袩褉芯懈蟹胁芯写褋褌胁邪袟邪小屑械薪褍	Documents/袨褌褔械褌袩褉芯懈蟹胁芯写褋褌胁邪袟邪小屑械薪褍/Ext/ObjectModule.bsl	袛胁懈卸械薪懈褟	袟邪锌懈褋邪褌褜
Documents	袛芯泻褍屑械薪褌	袨褌褔械褌袩褉芯懈蟹胁芯写褋褌胁邪袟邪小屑械薪褍	Documents/袨褌褔械褌袩褉芯懈蟹胁芯写褋褌胁邪袟邪小屑械薪褍/Ext/ObjectModule.bsl	袛胁懈卸械薪懈褟	袪邪褋褏芯写褘袩褉懈校小袧
Documents	袛芯泻褍屑械薪褌	袩械褉械胁芯写袨小袙袦邪谢芯褑械薪薪芯械袨斜芯褉褍写芯胁邪薪懈械	Documents/袩械褉械胁芯写袨小袙袦邪谢芯褑械薪薪芯械袨斜芯褉褍写芯胁邪薪懈械/Ext/ObjectModule.bsl	袛胁懈卸械薪懈褟	袟邪锌懈褋邪褌褜
Documents	袛芯泻褍屑械薪褌	袩械褉械胁芯写袨小袙袦邪谢芯褑械薪薪芯械袨斜芯褉褍写芯胁邪薪懈械	Documents/袩械褉械胁芯写袨小袙袦邪谢芯褑械薪薪芯械袨斜芯褉褍写芯胁邪薪懈械/Ext/ObjectModule.bsl	袛胁懈卸械薪懈褟	啸芯蟹褉邪褋褔械褌薪褘泄
Documents	袛芯泻褍屑械薪褌	袩械褉械写邪褔邪袟邪写芯谢卸械薪薪芯褋褌懈袧邪肖邪泻褌芯褉懈薪谐	Documents/袩械褉械写邪褔邪袟邪写芯谢卸械薪薪芯褋褌懈袧邪肖邪泻褌芯褉懈薪谐/Ext/ManagerModule.bsl	袛胁懈卸械薪懈褟	啸芯蟹褉邪褋褔械褌薪褘泄
Documents	袛芯泻褍屑械薪褌	袩械褉械写邪褔邪袟邪写芯谢卸械薪薪芯褋褌懈袧邪肖邪泻褌芯褉懈薪谐	Documents/袩械褉械写邪褔邪袟邪写芯谢卸械薪薪芯褋褌懈袧邪肖邪泻褌芯褉懈薪谐/Ext/ObjectModule.bsl	袛胁懈卸械薪懈褟	袟邪锌懈褋邪褌褜
Documents	袛芯泻褍屑械薪褌	袩械褉械写邪褔邪袦邪褌械褉懈邪谢芯胁袙协泻褋锌谢褍邪褌邪褑懈褞	Documents/袩械褉械写邪褔邪袦邪褌械褉懈邪谢芯胁袙协泻褋锌谢褍邪褌邪褑懈褞/Ext/ObjectModule.bsl	袛胁懈卸械薪懈褟	袟邪锌懈褋邪褌褜
Documents	袛芯泻褍屑械薪褌	袩械褉械写邪褔邪袦邪褌械褉懈邪谢芯胁袙协泻褋锌谢褍邪褌邪褑懈褞	Documents/袩械褉械写邪褔邪袦邪褌械褉懈邪谢芯胁袙协泻褋锌谢褍邪褌邪褑懈褞/Ext/ObjectModule.bsl	袛胁懈卸械薪懈褟	啸芯蟹褉邪褋褔械褌薪褘泄
Documents	袛芯泻褍屑械薪褌	袩械褉械写邪褔邪袧袦袗	Documents/袩械褉械写邪褔邪袧袦袗/Ext/ManagerModule.bsl	袛胁懈卸械薪懈褟	啸芯蟹褉邪褋褔械褌薪褘泄
Documents	袛芯泻褍屑械薪褌	袩械褉械写邪褔邪袧袦袗	Documents/袩械褉械写邪褔邪袧袦袗/Ext/ObjectModule.bsl	袛胁懈卸械薪懈褟	袟邪锌懈褋邪褌褜
Documents	袛芯泻褍屑械薪褌	袩械褉械写邪褔邪袧袦袗	Documents/袩械褉械写邪褔邪袧袦袗/Ext/ObjectModule.bsl	袛胁懈卸械薪懈褟	啸芯蟹褉邪褋褔械褌薪褘泄
Documents	袛芯泻褍屑械薪褌	袩械褉械写邪褔邪袨小	Documents/袩械褉械写邪褔邪袨小/Ext/ManagerModule.bsl	袛胁懈卸械薪懈褟	啸芯蟹褉邪褋褔械褌薪褘泄
Documents	袛芯泻褍屑械薪褌	袩械褉械写邪褔邪袨小	Documents/袩械褉械写邪褔邪袨小/Ext/ObjectModule.bsl	袛胁懈卸械薪懈褟	袟邪锌懈褋邪褌褜
Documents	袛芯泻褍屑械薪褌	袩械褉械写邪褔邪袨小	Documents/袩械褉械写邪褔邪袨小/Ext/ObjectModule.bsl	袛胁懈卸械薪懈褟	啸芯蟹褉邪褋褔械褌薪褘泄
Documents	袛芯泻褍屑械薪褌	袩械褉械写邪褔邪袨小袙袗褉械薪写褍	Documents/袩械褉械写邪褔邪袨小袙袗褉械薪写褍/Ext/ObjectModule.bsl	袛胁懈卸械薪懈褟	袟邪锌懈褋邪褌褜
Documents	袛芯泻褍屑械薪褌	袩械褉械写邪褔邪袨小袙袗褉械薪写褍	Documents/袩械褉械写邪褔邪袨小袙袗褉械薪写褍/Ext/ObjectModule.bsl	袛胁懈卸械薪懈褟	啸芯蟹褉邪褋褔械褌薪褘泄
Documents	袛芯泻褍屑械薪褌	袩械褉械写邪褔邪袨斜芯褉褍写芯胁邪薪懈褟袙袦芯薪褌邪卸	Documents/袩械褉械写邪褔邪袨斜芯褉褍写芯胁邪薪懈褟袙袦芯薪褌邪卸/Ext/ObjectModule.bsl	袛胁懈卸械薪懈褟	袟邪锌懈褋邪褌褜
Documents	袛芯泻褍屑械薪褌	袩械褉械写邪褔邪孝芯胁邪褉芯胁	Documents/袩械褉械写邪褔邪孝芯胁邪褉芯胁/Ext/ManagerModule.bsl	袛胁懈卸械薪懈褟	袧袛小袟邪锌懈褋懈袣薪懈谐懈袩褉芯写邪卸
Documents	袛芯泻褍屑械薪褌	袩械褉械写邪褔邪孝芯胁邪褉芯胁	Documents/袩械褉械写邪褔邪孝芯胁邪褉芯胁/Ext/ManagerModule.bsl	袛胁懈卸械薪懈褟	啸芯蟹褉邪褋褔械褌薪褘泄
Documents	袛芯泻褍屑械薪褌	袩械褉械写邪褔邪孝芯胁邪褉芯胁	Documents/袩械褉械写邪褔邪孝芯胁邪褉芯胁/Ext/ObjectModule.bsl	袛胁懈卸械薪懈褟	袟邪锌懈褋邪褌褜
Documents	袛芯泻褍屑械薪褌	袩械褉械屑械褖械薪懈械袨小	Documents/袩械褉械屑械褖械薪懈械袨小/Ext/ObjectModule.bsl	袛胁懈卸械薪懈褟	袟邪锌懈褋邪褌褜
Documents	袛芯泻褍屑械薪褌	袩械褉械屑械褖械薪懈械袨小	Documents/袩械褉械屑械褖械薪懈械袨小/Ext/ObjectModule.bsl	袛胁懈卸械薪懈褟	啸芯蟹褉邪褋褔械褌薪褘泄
Documents	袛芯泻褍屑械薪褌	袩械褉械屑械褖械薪懈械孝芯胁邪褉芯胁	Documents/袩械褉械屑械褖械薪懈械孝芯胁邪褉芯胁/Ext/ObjectModule.bsl	袛胁懈卸械薪懈褟	袟邪锌懈褋邪褌褜
Documents	袛芯泻褍屑械薪褌	袩械褉械屑械褖械薪懈械孝芯胁邪褉芯胁	Documents/袩械褉械屑械褖械薪懈械孝芯胁邪褉芯胁/Ext/ObjectModule.bsl	袛胁懈卸械薪懈褟	啸芯蟹褉邪褋褔械褌薪褘泄
Documents	袛芯泻褍屑械薪褌	袩械褉械芯褑械薪泻邪孝芯胁邪褉芯胁袙袪芯蟹薪懈褑械	Documents/袩械褉械芯褑械薪泻邪孝芯胁邪褉芯胁袙袪芯蟹薪懈褑械/Ext/ManagerModule.bsl	袛胁懈卸械薪懈褟	啸芯蟹褉邪褋褔械褌薪褘泄
Documents	袛芯泻褍屑械薪褌	袩械褉械芯褑械薪泻邪孝芯胁邪褉芯胁袙袪芯蟹薪懈褑械	Documents/袩械褉械芯褑械薪泻邪孝芯胁邪褉芯胁袙袪芯蟹薪懈褑械/Ext/ObjectModule.bsl	袛胁懈卸械薪懈褟	袟邪锌懈褋邪褌褜
Documents	袛芯泻褍屑械薪褌	袩械褉械褉邪褋褔械褌袧袛肖袥	Documents/袩械褉械褉邪褋褔械褌袧袛肖袥/Ext/ObjectModule.bsl	袛胁懈卸械薪懈褟	袧邪褔懈褋谢械薪懈褟校写械褉卸邪薪懈褟袩芯小芯褌褉褍写薪懈泻邪屑
Documents	袛芯泻褍屑械薪褌	袩械褉械褉邪褋褔械褌小褌褉邪褏芯胁褘褏袙蟹薪芯褋芯胁	Documents/袩械褉械褉邪褋褔械褌小褌褉邪褏芯胁褘褏袙蟹薪芯褋芯胁/Ext/ObjectModule.bsl	袛胁懈卸械薪懈褟	小褌褉邪褏芯胁褘械袙蟹薪芯褋褘袩芯肖懈蟹懈褔械褋泻懈屑袥懈褑邪屑
Documents	袛芯泻褍屑械薪褌	袩械褉械褋芯褉褌懈褑邪孝芯胁邪褉芯胁	Documents/袩械褉械褋芯褉褌懈褑邪孝芯胁邪褉芯胁/Ext/ObjectModule.bsl	袛胁懈卸械薪懈褟	袟邪锌懈褋邪褌褜
Documents	袛芯泻褍屑械薪褌	袩械褉械褋芯褉褌懈褑邪孝芯胁邪褉芯胁	Documents/袩械褉械褋芯褉褌懈褑邪孝芯胁邪褉芯胁/Ext/ObjectModule.bsl	袛胁懈卸械薪懈褟	袪邪褋褏芯写褘袩褉懈校小袧
Documents	袛芯泻褍屑械薪褌	袩芯写谐芯褌芯胁泻邪袣袩械褉械写邪褔械袨小	Documents/袩芯写谐芯褌芯胁泻邪袣袩械褉械写邪褔械袨小/Ext/ObjectModule.bsl	袛胁懈卸械薪懈褟	袟邪锌懈褋邪褌褜
Documents	袛芯泻褍屑械薪褌	袩芯写谐芯褌芯胁泻邪袣袩械褉械写邪褔械袨小	Documents/袩芯写谐芯褌芯胁泻邪袣袩械褉械写邪褔械袨小/Ext/ObjectModule.bsl	袛胁懈卸械薪懈褟	啸芯蟹褉邪褋褔械褌薪褘泄
Documents	袛芯泻褍屑械薪褌	袩芯写褌胁械褉卸写械薪懈械袧褍谢械胁芯泄小褌邪胁泻懈袧袛小	Documents/袩芯写褌胁械褉卸写械薪懈械袧褍谢械胁芯泄小褌邪胁泻懈袧袛小/Ext/ObjectModule.bsl	袛胁懈卸械薪懈褟	袟邪锌懈褋邪褌褜
Documents	袛芯泻褍屑械薪褌	袩芯写褌胁械褉卸写械薪懈械袧褍谢械胁芯泄小褌邪胁泻懈袧袛小	Documents/袩芯写褌胁械褉卸写械薪懈械袧褍谢械胁芯泄小褌邪胁泻懈袧袛小/Ext/ObjectModule.bsl	袛胁懈卸械薪懈褟	袧袛小袟邪锌懈褋懈袣薪懈谐懈袩褉芯写邪卸
Documents	袛芯泻褍屑械薪褌	袩芯写褌胁械褉卸写械薪懈械袨锌谢邪褌褘袧袛小袙袘褞写卸械褌	Documents/袩芯写褌胁械褉卸写械薪懈械袨锌谢邪褌褘袧袛小袙袘褞写卸械褌/Ext/ObjectModule.bsl	袛胁懈卸械薪懈褟	袟邪锌懈褋邪褌褜
Documents	袛芯泻褍屑械薪褌	袩芯褋褌褍锌谢械薪懈械袙袗褉械薪写褍	Documents/袩芯褋褌褍锌谢械薪懈械袙袗褉械薪写褍/Ext/ObjectModule.bsl	袛胁懈卸械薪懈褟	袟邪锌懈褋邪褌褜
Documents	袛芯泻褍屑械薪褌	袩芯褋褌褍锌谢械薪懈械袙袗褉械薪写褍	Documents/袩芯褋褌褍锌谢械薪懈械袙袗褉械薪写褍/Ext/ObjectModule.bsl	袛胁懈卸械薪懈褟	啸芯蟹褉邪褋褔械褌薪褘泄
Documents	袛芯泻褍屑械薪褌	袩芯褋褌褍锌谢械薪懈械袛械薪械卸薪褘褏袛芯泻褍屑械薪褌芯胁	Documents/袩芯褋褌褍锌谢械薪懈械袛械薪械卸薪褘褏袛芯泻褍屑械薪褌芯胁/Ext/ManagerModule.bsl	袛胁懈卸械薪懈褟	啸芯蟹褉邪褋褔械褌薪褘泄
Documents	袛芯泻褍屑械薪褌	袩芯褋褌褍锌谢械薪懈械袛械薪械卸薪褘褏袛芯泻褍屑械薪褌芯胁	Documents/袩芯褋褌褍锌谢械薪懈械袛械薪械卸薪褘褏袛芯泻褍屑械薪褌芯胁/Ext/ObjectModule.bsl	袛胁懈卸械薪懈褟	袟邪锌懈褋邪褌褜
Documents	袛芯泻褍屑械薪褌	袩芯褋褌褍锌谢械薪懈械袛芯锌袪邪褋褏芯写芯胁	Documents/袩芯褋褌褍锌谢械薪懈械袛芯锌袪邪褋褏芯写芯胁/Ext/ManagerModule.bsl	袛胁懈卸械薪懈褟	啸芯蟹褉邪褋褔械褌薪褘泄
Documents	袛芯泻褍屑械薪褌	袩芯褋褌褍锌谢械薪懈械袛芯锌袪邪褋褏芯写芯胁	Documents/袩芯褋褌褍锌谢械薪懈械袛芯锌袪邪褋褏芯写芯胁/Ext/ObjectModule.bsl	袛胁懈卸械薪懈褟	袟邪锌懈褋邪褌褜
Documents	袛芯泻褍屑械薪褌	袩芯褋褌褍锌谢械薪懈械袛芯锌袪邪褋褏芯写芯胁	Documents/袩芯褋褌褍锌谢械薪懈械袛芯锌袪邪褋褏芯写芯胁/Ext/ObjectModule.bsl	袛胁懈卸械薪懈褟	袪邪褋褏芯写褘袩褉懈校小袧
Documents	袛芯泻褍屑械薪褌	袩芯褋褌褍锌谢械薪懈械袛芯锌袪邪褋褏芯写芯胁	Documents/袩芯褋褌褍锌谢械薪懈械袛芯锌袪邪褋褏芯写芯胁/Ext/ObjectModule.bsl	袛胁懈卸械薪懈褟	啸芯蟹褉邪褋褔械褌薪褘泄
Documents	袛芯泻褍屑械薪褌	袩芯褋褌褍锌谢械薪懈械袠蟹袩械褉械褉邪斜芯褌泻懈	Documents/袩芯褋褌褍锌谢械薪懈械袠蟹袩械褉械褉邪斜芯褌泻懈/Ext/ManagerModule.bsl	袛胁懈卸械薪懈褟	袠袩袦袩袟
Documents	袛芯泻褍屑械薪褌	袩芯褋褌褍锌谢械薪懈械袠蟹袩械褉械褉邪斜芯褌泻懈	Documents/袩芯褋褌褍锌谢械薪懈械袠蟹袩械褉械褉邪斜芯褌泻懈/Ext/ObjectModule.bsl	袛胁懈卸械薪懈褟	袟邪锌懈褋邪褌褜
Documents	袛芯泻褍屑械薪褌	袩芯褋褌褍锌谢械薪懈械袠蟹袩械褉械褉邪斜芯褌泻懈	Documents/袩芯褋褌褍锌谢械薪懈械袠蟹袩械褉械褉邪斜芯褌泻懈/Ext/ObjectModule.bsl	袛胁懈卸械薪懈褟	袪邪褋褏芯写褘袩褉懈校小袧
Documents	袛芯泻褍屑械薪褌	袩芯褋褌褍锌谢械薪懈械袧袦袗	Documents/袩芯褋褌褍锌谢械薪懈械袧袦袗/Ext/ObjectModule.bsl	袛胁懈卸械薪懈褟	袟邪锌懈褋邪褌褜
Documents	袛芯泻褍屑械薪褌	袩芯褋褌褍锌谢械薪懈械袧袦袗	Documents/袩芯褋褌褍锌谢械薪懈械袧袦袗/Ext/ObjectModule.bsl	袛胁懈卸械薪懈褟	袪邪褋褏芯写褘袩褉懈校小袧
Documents	袛芯泻褍屑械薪褌	袩芯褋褌褍锌谢械薪懈械袧邪袪邪褋褔械褌薪褘泄小褔械褌	Documents/袩芯褋褌褍锌谢械薪懈械袧邪袪邪褋褔械褌薪褘泄小褔械褌/Ext/ObjectModule.bsl	袛胁懈卸械薪懈褟	袟邪锌懈褋邪褌褜
Documents	袛芯泻褍屑械薪褌	袩芯褋褌褍锌谢械薪懈械孝芯胁邪褉芯胁校褋谢褍谐	Documents/袩芯褋褌褍锌谢械薪懈械孝芯胁邪褉芯胁校褋谢褍谐/Ext/ManagerModule.bsl	袛胁懈卸械薪懈褟	啸芯蟹褉邪褋褔械褌薪褘泄
Documents	袛芯泻褍屑械薪褌	袩芯褋褌褍锌谢械薪懈械孝芯胁邪褉芯胁校褋谢褍谐	Documents/袩芯褋褌褍锌谢械薪懈械孝芯胁邪褉芯胁校褋谢褍谐/Ext/ObjectModule.bsl	袛胁懈卸械薪懈褟	袟邪锌懈褋邪褌褜
Documents	袛芯泻褍屑械薪褌	袩芯褋褌褍锌谢械薪懈械孝芯胁邪褉芯胁校褋谢褍谐	Documents/袩芯褋褌褍锌谢械薪懈械孝芯胁邪褉芯胁校褋谢褍谐/Ext/ObjectModule.bsl	袛胁懈卸械薪懈褟	袪邪褋褏芯写褘袩褉懈校小袧
Documents	袛芯泻褍屑械薪褌	袩芯褋褌褍锌谢械薪懈械孝芯胁邪褉芯胁校褋谢褍谐	Documents/袩芯褋褌褍锌谢械薪懈械孝芯胁邪褉芯胁校褋谢褍谐/Ext/ObjectModule.bsl	袛胁懈卸械薪懈褟	啸芯蟹褉邪褋褔械褌薪褘泄
Documents	袛芯泻褍屑械薪褌	袩褉械泻褉邪褖械薪懈械袗褉械薪写褘	Documents/袩褉械泻褉邪褖械薪懈械袗褉械薪写褘/Ext/ManagerModule.bsl	袛胁懈卸械薪懈褟	小褌芯懈屑芯褋褌褜袨斜褟蟹邪褌械谢褜褋褌胁邪袩芯袗褉械薪写械
Documents	袛芯泻褍屑械薪褌	袩褉械泻褉邪褖械薪懈械袗褉械薪写褘	Documents/袩褉械泻褉邪褖械薪懈械袗褉械薪写褘/Ext/ManagerModule.bsl	袛胁懈卸械薪懈褟	啸芯蟹褉邪褋褔械褌薪褘泄
Documents	袛芯泻褍屑械薪褌	袩褉械泻褉邪褖械薪懈械袗褉械薪写褘	Documents/袩褉械泻褉邪褖械薪懈械袗褉械薪写褘/Ext/ObjectModule.bsl	袛胁懈卸械薪懈褟	袟邪锌懈褋邪褌褜
Documents	袛芯泻褍屑械薪褌	袩褉械泻褉邪褖械薪懈械袗褉械薪写褘	Documents/袩褉械泻褉邪褖械薪懈械袗褉械薪写褘/Ext/ObjectModule.bsl	袛胁懈卸械薪懈褟	啸芯蟹褉邪褋褔械褌薪褘泄
Documents	袛芯泻褍屑械薪褌	袩褉械屑懈褟	Documents/袩褉械屑懈褟/Ext/ObjectModule.bsl	袛胁懈卸械薪懈褟	袧邪褔懈褋谢械薪懈褟校写械褉卸邪薪懈褟袩芯小芯褌褉褍写薪懈泻邪屑
Documents	袛芯泻褍屑械薪褌	袩褉懈械屑袧邪袪邪斜芯褌褍	Documents/袩褉懈械屑袧邪袪邪斜芯褌褍/Ext/ObjectModule.bsl	袛胁懈卸械薪懈褟	袟邪褟胁谢械薪懈褟袨袙械写械薪懈懈孝褉褍写芯胁褘褏袣薪懈卸械泻
Documents	袛芯泻褍屑械薪褌	袩褉懈械屑袧邪袪邪斜芯褌褍	Documents/袩褉懈械屑袧邪袪邪斜芯褌褍/Ext/ObjectModule.bsl	袛胁懈卸械薪懈褟	袟邪褟胁谢械薪懈褟袨袙械写械薪懈懈孝褉褍写芯胁褘褏袣薪懈卸械泻袩械褉械写邪薪薪褘械
Documents	袛芯泻褍屑械薪褌	袩褉懈械屑袧邪袪邪斜芯褌褍	Documents/袩褉懈械屑袧邪袪邪斜芯褌褍/Ext/ObjectModule.bsl	袛胁懈卸械薪懈褟	袦械褉芯锌褉懈褟褌懈褟孝褉褍写芯胁芯泄袛械褟褌械谢褜薪芯褋褌懈
Documents	袛芯泻褍屑械薪褌	袩褉懈泻邪蟹袨袘褉芯薪懈褉芯胁邪薪懈懈袪邪斜芯褌薪懈泻芯胁	Documents/袩褉懈泻邪蟹袨袘褉芯薪懈褉芯胁邪薪懈懈袪邪斜芯褌薪懈泻芯胁/Ext/ObjectModule.bsl	袛胁懈卸械薪懈褟	袘褉芯薪懈褉芯胁邪薪懈械小芯褌褉褍写薪懈泻芯胁
Documents	袛芯泻褍屑械薪褌	袩褉懈泻邪蟹袨袩褉械泻褉邪褖械薪懈懈袘褉芯薪懈褉芯胁邪薪懈褟	Documents/袩褉懈泻邪蟹袨袩褉械泻褉邪褖械薪懈懈袘褉芯薪懈褉芯胁邪薪懈褟/Ext/ObjectModule.bsl	袛胁懈卸械薪懈褟	袘褉芯薪懈褉芯胁邪薪懈械小芯褌褉褍写薪懈泻芯胁
Documents	袛芯泻褍屑械薪褌	袩褉懈薪褟褌懈械袣校褔械褌褍袧袦袗	Documents/袩褉懈薪褟褌懈械袣校褔械褌褍袧袦袗/Ext/ObjectModule.bsl	袛胁懈卸械薪懈褟	袟邪锌懈褋邪褌褜
Documents	袛芯泻褍屑械薪褌	袩褉懈薪褟褌懈械袣校褔械褌褍袧袦袗	Documents/袩褉懈薪褟褌懈械袣校褔械褌褍袧袦袗/Ext/ObjectModule.bsl	袛胁懈卸械薪懈褟	啸芯蟹褉邪褋褔械褌薪褘泄
Documents	袛芯泻褍屑械薪褌	袩褉懈薪褟褌懈械袣校褔械褌褍袨小	Documents/袩褉懈薪褟褌懈械袣校褔械褌褍袨小/Ext/ObjectModule.bsl	袛胁懈卸械薪懈褟	袟邪锌懈褋邪褌褜
Documents	袛芯泻褍屑械薪褌	袩褉懈薪褟褌懈械袣校褔械褌褍袨小	Documents/袩褉懈薪褟褌懈械袣校褔械褌褍袨小/Ext/ObjectModule.bsl	袛胁懈卸械薪懈褟	啸芯蟹褉邪褋褔械褌薪褘泄
Documents	袛芯泻褍屑械薪褌	袩褉懈褏芯写薪褘泄袣邪褋褋芯胁褘泄袨褉写械褉	Documents/袩褉懈褏芯写薪褘泄袣邪褋褋芯胁褘泄袨褉写械褉/Ext/ObjectModule.bsl	袛胁懈卸械薪懈褟	袟邪锌懈褋邪褌褜
Documents	袛芯泻褍屑械薪褌	袩褍褌械胁芯泄袥懈褋褌	Documents/袩褍褌械胁芯泄袥懈褋褌/Ext/ObjectModule.bsl	袛胁懈卸械薪懈褟	袟邪锌懈褋邪褌褜
Documents	袛芯泻褍屑械薪褌	袩褍褌械胁芯泄袥懈褋褌	Documents/袩褍褌械胁芯泄袥懈褋褌/Ext/ObjectModule.bsl	袛胁懈卸械薪懈褟	袪邪褋褏芯写褘袩褉懈校小袧
Documents	袛芯泻褍屑械薪褌	袪邪褋锌褉械写械谢械薪懈械袧袛小	Documents/袪邪褋锌褉械写械谢械薪懈械袧袛小/Ext/ObjectModule.bsl	袛胁懈卸械薪懈褟	袟邪锌懈褋邪褌褜
Documents	袛芯泻褍屑械薪褌	袪邪褋褏芯写薪褘泄袣邪褋褋芯胁褘泄袨褉写械褉	Documents/袪邪褋褏芯写薪褘泄袣邪褋褋芯胁褘泄袨褉写械褉/Ext/ObjectModule.bsl	袛胁懈卸械薪懈褟	袟邪锌懈褋邪褌褜
Documents	袛芯泻褍屑械薪褌	袪邪褋褏芯写褘袧邪袨薪谢邪泄薪袣邪褋褋褘校屑械薪褜褕邪褞褖懈械袧邪谢芯谐懈	Documents/袪邪褋褏芯写褘袧邪袨薪谢邪泄薪袣邪褋褋褘校屑械薪褜褕邪褞褖懈械袧邪谢芯谐懈/Ext/ManagerModule.bsl	袛胁懈卸械薪懈褟	袪邪褋褏芯写褘袧邪袨薪谢邪泄薪袣邪褋褋褘校屑械薪褜褕邪褞褖懈械袧邪谢芯谐懈
Documents	袛芯泻褍屑械薪褌	袪邪褋褏芯写褘袧邪袨薪谢邪泄薪袣邪褋褋褘校屑械薪褜褕邪褞褖懈械袧邪谢芯谐懈	Documents/袪邪褋褏芯写褘袧邪袨薪谢邪泄薪袣邪褋褋褘校屑械薪褜褕邪褞褖懈械袧邪谢芯谐懈/Ext/ObjectModule.bsl	袛胁懈卸械薪懈褟	袟邪锌懈褋邪褌褜
Documents	袛芯泻褍屑械薪褌	袪邪褋褏芯写褘袩褉械写锌褉懈薪懈屑邪褌械谢褟	Documents/袪邪褋褏芯写褘袩褉械写锌褉懈薪懈屑邪褌械谢褟/Ext/ManagerModule.bsl	袛胁懈卸械薪懈褟	袣薪懈谐邪校褔械褌邪袛芯褏芯写芯胁袠袪邪褋褏芯写芯胁
Documents	袛芯泻褍屑械薪褌	袪邪褋褏芯写褘袩褉械写锌褉懈薪懈屑邪褌械谢褟	Documents/袪邪褋褏芯写褘袩褉械写锌褉懈薪懈屑邪褌械谢褟/Ext/ObjectModule.bsl	袛胁懈卸械薪懈褟	袟邪锌懈褋邪褌褜
Documents	袛芯泻褍屑械薪褌	袪邪褋褏芯写褘袩褉械写锌褉懈薪懈屑邪褌械谢褟	Documents/袪邪褋褏芯写褘袩褉械写锌褉懈薪懈屑邪褌械谢褟/Ext/ObjectModule.bsl	袛胁懈卸械薪懈褟	袪邪褋褏芯写褘袩褉懈校小袧
Documents	袛芯泻褍屑械薪褌	袪械邪谢懈蟹邪褑懈褟袨褌谐褉褍卸械薪薪褘褏孝芯胁邪褉芯胁	Documents/袪械邪谢懈蟹邪褑懈褟袨褌谐褉褍卸械薪薪褘褏孝芯胁邪褉芯胁/Ext/ObjectModule.bsl	袛胁懈卸械薪懈褟	袟邪锌懈褋邪褌褜
Documents	袛芯泻褍屑械薪褌	袪械邪谢懈蟹邪褑懈褟袨褌谐褉褍卸械薪薪褘褏孝芯胁邪褉芯胁	Documents/袪械邪谢懈蟹邪褑懈褟袨褌谐褉褍卸械薪薪褘褏孝芯胁邪褉芯胁/Ext/ObjectModule.bsl	袛胁懈卸械薪懈褟	袪械邪谢懈蟹邪褑懈褟校褋谢褍谐
Documents	袛芯泻褍屑械薪褌	袪械邪谢懈蟹邪褑懈褟孝芯胁邪褉芯胁校褋谢褍谐	Documents/袪械邪谢懈蟹邪褑懈褟孝芯胁邪褉芯胁校褋谢褍谐/Ext/ObjectModule.bsl	袛胁懈卸械薪懈褟	袟邪锌懈褋邪褌褜
Documents	袛芯泻褍屑械薪褌	袪械邪谢懈蟹邪褑懈褟孝芯胁邪褉芯胁校褋谢褍谐	Documents/袪械邪谢懈蟹邪褑懈褟孝芯胁邪褉芯胁校褋谢褍谐/Ext/ObjectModule.bsl	袛胁懈卸械薪懈褟	袣薪懈谐邪校褔械褌邪袛芯褏芯写芯胁袠袪邪褋褏芯写芯胁
Documents	袛芯泻褍屑械薪褌	袪械邪谢懈蟹邪褑懈褟孝芯胁邪褉芯胁校褋谢褍谐	Documents/袪械邪谢懈蟹邪褑懈褟孝芯胁邪褉芯胁校褋谢褍谐/Ext/ObjectModule.bsl	袛胁懈卸械薪懈褟	袪械邪谢懈蟹邪褑懈褟校褋谢褍谐
Documents	袛芯泻褍屑械薪褌	袪械邪谢懈蟹邪褑懈褟校褋谢褍谐袩芯袩械褉械褉邪斜芯褌泻械	Documents/袪械邪谢懈蟹邪褑懈褟校褋谢褍谐袩芯袩械褉械褉邪斜芯褌泻械/Ext/ObjectModule.bsl	袛胁懈卸械薪懈褟	袟邪锌懈褋邪褌褜
Documents	袛芯泻褍屑械薪褌	袪械邪谢懈蟹邪褑懈褟校褋谢褍谐袩芯袩械褉械褉邪斜芯褌泻械	Documents/袪械邪谢懈蟹邪褑懈褟校褋谢褍谐袩芯袩械褉械褉邪斜芯褌泻械/Ext/ObjectModule.bsl	袛胁懈卸械薪懈褟	袪械邪谢懈蟹邪褑懈褟校褋谢褍谐
Documents	袛芯泻褍屑械薪褌	袪械谐懈褋褌褉邪褑懈褟袨斜谢邪谐邪械屑芯泄袘邪蟹褘袪褍泻芯胁芯写懈褌械谢褟	Documents/袪械谐懈褋褌褉邪褑懈褟袨斜谢邪谐邪械屑芯泄袘邪蟹褘袪褍泻芯胁芯写懈褌械谢褟/Ext/ManagerModule.bsl	袛胁懈卸械薪懈褟	小褌褉邪褏芯胁褘械袙蟹薪芯褋褘袩芯肖懈蟹懈褔械褋泻懈屑袥懈褑邪屑
Documents	袛芯泻褍屑械薪褌	袪械谐懈褋褌褉邪褑懈褟袨锌谢邪褌褘袨褋薪芯胁薪褘褏小褉械写褋褌胁袛谢褟袠袩	Documents/袪械谐懈褋褌褉邪褑懈褟袨锌谢邪褌褘袨褋薪芯胁薪褘褏小褉械写褋褌胁袛谢褟袠袩/Ext/ObjectModule.bsl	袛胁懈卸械薪懈褟	袟邪锌懈褋邪褌褜
Documents	袛芯泻褍屑械薪褌	袪械谐懈褋褌褉邪褑懈褟袨锌谢邪褌褘袨褋薪芯胁薪褘褏小褉械写褋褌胁袛谢褟校小袧	Documents/袪械谐懈褋褌褉邪褑懈褟袨锌谢邪褌褘袨褋薪芯胁薪褘褏小褉械写褋褌胁袛谢褟校小袧/Ext/ManagerModule.bsl	袛胁懈卸械薪懈褟	袨锌谢邪褌褘袧袦袗袛谢褟校小袧
Documents	袛芯泻褍屑械薪褌	袪械谐懈褋褌褉邪褑懈褟袨锌谢邪褌褘袨褋薪芯胁薪褘褏小褉械写褋褌胁袛谢褟校小袧	Documents/袪械谐懈褋褌褉邪褑懈褟袨锌谢邪褌褘袨褋薪芯胁薪褘褏小褉械写褋褌胁袛谢褟校小袧/Ext/ManagerModule.bsl	袛胁懈卸械薪懈褟	袨锌谢邪褌褘袨小袛谢褟校小袧
Documents	袛芯泻褍屑械薪褌	袪械谐懈褋褌褉邪褑懈褟袨锌谢邪褌褘袨褋薪芯胁薪褘褏小褉械写褋褌胁袛谢褟校小袧	Documents/袪械谐懈褋褌褉邪褑懈褟袨锌谢邪褌褘袨褋薪芯胁薪褘褏小褉械写褋褌胁袛谢褟校小袧/Ext/ObjectModule.bsl	袛胁懈卸械薪懈褟	袟邪锌懈褋邪褌褜
Documents	袛芯泻褍屑械薪褌	袪械谐懈褋褌褉邪褑懈褟孝褉褍写芯胁芯泄袛械褟褌械谢褜薪芯褋褌懈	Documents/袪械谐懈褋褌褉邪褑懈褟孝褉褍写芯胁芯泄袛械褟褌械谢褜薪芯褋褌懈/Ext/ObjectModule.bsl	袛胁懈卸械薪懈褟	袦械褉芯锌褉懈褟褌懈褟孝褉褍写芯胁芯泄袛械褟褌械谢褜薪芯褋褌懈
Documents	袛芯泻褍屑械薪褌	袪械谐谢邪屑械薪褌薪邪褟袨锌械褉邪褑懈褟	Documents/袪械谐谢邪屑械薪褌薪邪褟袨锌械褉邪褑懈褟/Ext/ObjectModule.bsl	袛胁懈卸械薪懈褟	袛芯谢懈小锌懈褋邪薪懈褟袣芯褋胁械薪薪褘褏袪邪褋褏芯写芯胁
Documents	袛芯泻褍屑械薪褌	袪械谐谢邪屑械薪褌薪邪褟袨锌械褉邪褑懈褟	Documents/袪械谐谢邪屑械薪褌薪邪褟袨锌械褉邪褑懈褟/Ext/ObjectModule.bsl	袛胁懈卸械薪懈褟	袟邪锌懈褋邪褌褜
Documents	袛芯泻褍屑械薪褌	袪械谐谢邪屑械薪褌薪邪褟袨锌械褉邪褑懈褟	Documents/袪械谐谢邪屑械薪褌薪邪褟袨锌械褉邪褑懈褟/Ext/ObjectModule.bsl	袛胁懈卸械薪懈褟	袣薪懈谐邪校褔械褌邪袛芯褏芯写芯胁袠袪邪褋褏芯写芯胁
Documents	袛芯泻褍屑械薪褌	袪械谐谢邪屑械薪褌薪邪褟袨锌械褉邪褑懈褟	Documents/袪械谐谢邪屑械薪褌薪邪褟袨锌械褉邪褑懈褟/Ext/ObjectModule.bsl	袛胁懈卸械薪懈褟	袣薪懈谐邪校褔械褌邪袛芯褏芯写芯胁袠袪邪褋褏芯写芯胁袧袦袗
Documents	袛芯泻褍屑械薪褌	袪械谐谢邪屑械薪褌薪邪褟袨锌械褉邪褑懈褟	Documents/袪械谐谢邪屑械薪褌薪邪褟袨锌械褉邪褑懈褟/Ext/ObjectModule.bsl	袛胁懈卸械薪懈褟	袣薪懈谐邪校褔械褌邪袛芯褏芯写芯胁袠袪邪褋褏芯写芯胁袨小
Documents	袛芯泻褍屑械薪褌	袪械谐谢邪屑械薪褌薪邪褟袨锌械褉邪褑懈褟	Documents/袪械谐谢邪屑械薪褌薪邪褟袨锌械褉邪褑懈褟/Ext/ObjectModule.bsl	袛胁懈卸械薪懈褟	袪邪褋褔械褌袘邪蟹褘袧芯褉屑懈褉芯胁邪薪懈褟袩芯袛芯谐芯胁芯褉邪屑小褌褉邪褏芯胁邪薪懈褟
Documents	袛芯泻褍屑械薪褌	袪械谐谢邪屑械薪褌薪邪褟袨锌械褉邪褑懈褟	Documents/袪械谐谢邪屑械薪褌薪邪褟袨锌械褉邪褑懈褟/Ext/ObjectModule.bsl	袛胁懈卸械薪懈褟	袪邪褋褔械褌袧芯褉屑懈褉芯胁邪薪懈褟袪邪褋褏芯写芯胁
Documents	袛芯泻褍屑械薪褌	袪械谐谢邪屑械薪褌薪邪褟袨锌械褉邪褑懈褟	Documents/袪械谐谢邪屑械薪褌薪邪褟袨锌械褉邪褑懈褟/Ext/ObjectModule.bsl	袛胁懈卸械薪懈褟	啸芯蟹褉邪褋褔械褌薪褘泄
Documents	袛芯泻褍屑械薪褌	袪械械褋褌褉袛小袙_3	Documents/袪械械褋褌褉袛小袙_3/Ext/ObjectModule.bsl	袛胁懈卸械薪懈褟	小胁械写械薪懈褟袨袛芯褏芯写邪褏小褌褉邪褏芯胁褘械袙蟹薪芯褋褘
Documents	袛芯泻褍屑械薪褌	小胁械写械薪懈褟袨袩褉懈械屑械袩械褉械胁芯写械袠校胁芯谢褜薪械薪懈懈袛谢褟袙芯械薪泻芯屑邪褌邪	Documents/小胁械写械薪懈褟袨袩褉懈械屑械袩械褉械胁芯写械袠校胁芯谢褜薪械薪懈懈袛谢褟袙芯械薪泻芯屑邪褌邪/Ext/ObjectModule.bsl	袛胁懈卸械薪懈褟	袛邪薪薪褘械袣邪写褉芯胁褘褏袠蟹屑械薪械薪懈泄袛谢褟袙芯械薪泻芯屑邪褌邪
Documents	袛芯泻褍屑械薪褌	小胁械写械薪懈褟袨孝褉褍写芯胁芯泄袛械褟褌械谢褜薪芯褋褌懈袪邪斜芯褌薪懈泻芯胁小袟袙_孝袛	Documents/小胁械写械薪懈褟袨孝褉褍写芯胁芯泄袛械褟褌械谢褜薪芯褋褌懈袪邪斜芯褌薪懈泻芯胁小袟袙_孝袛/Ext/ObjectModule.bsl	袛胁懈卸械薪懈褟	袟邪褟胁谢械薪懈褟袨袙械写械薪懈懈孝褉褍写芯胁褘褏袣薪懈卸械泻袩械褉械写邪薪薪褘械
Documents	袛芯泻褍屑械薪褌	小胁械写械薪懈褟袨孝褉褍写芯胁芯泄袛械褟褌械谢褜薪芯褋褌懈袪邪斜芯褌薪懈泻芯胁小袟袙_孝袛	Documents/小胁械写械薪懈褟袨孝褉褍写芯胁芯泄袛械褟褌械谢褜薪芯褋褌懈袪邪斜芯褌薪懈泻芯胁小袟袙_孝袛/Ext/ObjectModule.bsl	袛胁懈卸械薪懈褟	袦械褉芯锌褉懈褟褌懈褟孝褉褍写芯胁芯泄袛械褟褌械谢褜薪芯褋褌懈袩械褉械写邪薪薪褘械
Documents	袛芯泻褍屑械薪褌	小胁械写械薪懈褟袨斜校写械褉卸邪薪薪芯屑袧袛肖袥	Documents/小胁械写械薪懈褟袨斜校写械褉卸邪薪薪芯屑袧袛肖袥/Ext/ObjectModule.bsl	袛胁懈卸械薪懈褟	袟邪锌懈褋邪褌褜
Documents	袛芯泻褍屑械薪褌	小胁械写械薪懈褟袨斜校锌谢邪褌械袧邪谢芯谐芯胁	Documents/小胁械写械薪懈褟袨斜校锌谢邪褌械袧邪谢芯谐芯胁/Ext/ObjectModule.bsl	袛胁懈卸械薪懈褟	袟邪锌懈褋邪褌褜
Documents	袛芯泻褍屑械薪褌	小胁械褉泻邪小袙芯械薪薪褘屑袣芯屑懈褋褋邪褉懈邪褌芯屑	Documents/小胁械褉泻邪小袙芯械薪薪褘屑袣芯屑懈褋褋邪褉懈邪褌芯屑/Ext/ObjectModule.bsl	袛胁懈卸械薪懈褟	袛邪薪薪褘械小胁械褉泻懈小袙芯械薪薪褘屑袣芯屑懈褋褋邪褉懈邪褌芯屑
Documents	袛芯泻褍屑械薪褌	小胁械褉泻邪小袛芯泻褍屑械薪褌邪屑懈袙芯懈薪褋泻芯谐芯校褔械褌邪	Documents/小胁械褉泻邪小袛芯泻褍屑械薪褌邪屑懈袙芯懈薪褋泻芯谐芯校褔械褌邪/Ext/ObjectModule.bsl	袛胁懈卸械薪懈褟	袛邪薪薪褘械小胁械褉泻懈小袛芯泻褍屑械薪褌邪屑懈袙芯懈薪褋泻芯谐芯校褔械褌邪
Documents	袛芯泻褍屑械薪褌	小锌懈褋邪薪懈械袦邪褌械褉懈邪谢芯胁袠蟹协泻褋锌谢褍邪褌邪褑懈懈	Documents/小锌懈褋邪薪懈械袦邪褌械褉懈邪谢芯胁袠蟹协泻褋锌谢褍邪褌邪褑懈懈/Ext/ObjectModule.bsl	袛胁懈卸械薪懈褟	袟邪锌懈褋邪褌褜
Documents	袛芯泻褍屑械薪褌	小锌懈褋邪薪懈械袦邪褌械褉懈邪谢芯胁袠蟹协泻褋锌谢褍邪褌邪褑懈懈	Documents/小锌懈褋邪薪懈械袦邪褌械褉懈邪谢芯胁袠蟹协泻褋锌谢褍邪褌邪褑懈懈/Ext/ObjectModule.bsl	袛胁懈卸械薪懈褟	啸芯蟹褉邪褋褔械褌薪褘泄
Documents	袛芯泻褍屑械薪褌	小锌懈褋邪薪懈械袧袛小	Documents/小锌懈褋邪薪懈械袧袛小/Ext/ObjectModule.bsl	袛胁懈卸械薪懈褟	袟邪锌懈褋邪褌褜
Documents	袛芯泻褍屑械薪褌	小锌懈褋邪薪懈械袧袦袗	Documents/小锌懈褋邪薪懈械袧袦袗/Ext/ObjectModule.bsl	袛胁懈卸械薪懈褟	袟邪锌懈褋邪褌褜
Documents	袛芯泻褍屑械薪褌	小锌懈褋邪薪懈械袧袦袗	Documents/小锌懈褋邪薪懈械袧袦袗/Ext/ObjectModule.bsl	袛胁懈卸械薪懈褟	啸芯蟹褉邪褋褔械褌薪褘泄
Documents	袛芯泻褍屑械薪褌	小锌懈褋邪薪懈械袨小	Documents/小锌懈褋邪薪懈械袨小/Ext/ManagerModule.bsl	袛胁懈卸械薪懈褟	啸芯蟹褉邪褋褔械褌薪褘泄
Documents	袛芯泻褍屑械薪褌	小锌懈褋邪薪懈械袨小	Documents/小锌懈褋邪薪懈械袨小/Ext/ObjectModule.bsl	袛胁懈卸械薪懈褟	袟邪锌懈褋邪褌褜
Documents	袛芯泻褍屑械薪褌	小锌懈褋邪薪懈械袨小	Documents/小锌懈褋邪薪懈械袨小/Ext/ObjectModule.bsl	袛胁懈卸械薪懈褟	啸芯蟹褉邪褋褔械褌薪褘泄
Documents	袛芯泻褍屑械薪褌	小锌懈褋邪薪懈械小袪邪褋褔械褌薪芯谐芯小褔械褌邪	Documents/小锌懈褋邪薪懈械小袪邪褋褔械褌薪芯谐芯小褔械褌邪/Ext/ObjectModule.bsl	袛胁懈卸械薪懈褟	袟邪锌懈褋邪褌褜
Documents	袛芯泻褍屑械薪褌	小锌懈褋邪薪懈械孝芯胁邪褉芯胁	Documents/小锌懈褋邪薪懈械孝芯胁邪褉芯胁/Ext/ObjectModule.bsl	袛胁懈卸械薪懈褟	袟邪锌懈褋邪褌褜
Documents	袛芯泻褍屑械薪褌	小锌褉邪胁泻懈袧袛肖袥袛谢褟袩械褉械写邪褔懈袙袧邪谢芯谐芯胁褘泄袨褉谐邪薪	Documents/小锌褉邪胁泻懈袧袛肖袥袛谢褟袩械褉械写邪褔懈袙袧邪谢芯谐芯胁褘泄袨褉谐邪薪/Ext/ObjectModule.bsl	袛胁懈卸械薪懈褟	袧邪褔懈褋谢械薪懈褟校写械褉卸邪薪懈褟袩芯小芯褌褉褍写薪懈泻邪屑
Documents	袛芯泻褍屑械薪褌	小褔械褌肖邪泻褌褍褉邪袙褘写邪薪薪褘泄	Documents/小褔械褌肖邪泻褌褍褉邪袙褘写邪薪薪褘泄/Ext/ManagerModule.bsl	袛胁懈卸械薪懈褟	袧袛小袟邪锌懈褋懈袣薪懈谐懈袩褉芯写邪卸
Documents	袛芯泻褍屑械薪褌	小褔械褌肖邪泻褌褍褉邪袙褘写邪薪薪褘泄	Documents/小褔械褌肖邪泻褌褍褉邪袙褘写邪薪薪褘泄/Ext/ManagerModule.bsl	袛胁懈卸械薪懈褟	啸芯蟹褉邪褋褔械褌薪褘泄
Documents	袛芯泻褍屑械薪褌	小褔械褌肖邪泻褌褍褉邪袙褘写邪薪薪褘泄	Documents/小褔械褌肖邪泻褌褍褉邪袙褘写邪薪薪褘泄/Ext/ObjectModule.bsl	袛胁懈卸械薪懈褟	袟邪锌懈褋邪褌褜
Documents	袛芯泻褍屑械薪褌	小褔械褌肖邪泻褌褍褉邪袩芯谢褍褔械薪薪褘泄	Documents/小褔械褌肖邪泻褌褍褉邪袩芯谢褍褔械薪薪褘泄/Ext/ManagerModule.bsl	袛胁懈卸械薪懈褟	袧袛小袟邪锌懈褋懈袣薪懈谐懈袩芯泻褍锌芯泻
Documents	袛芯泻褍屑械薪褌	小褔械褌肖邪泻褌褍褉邪袩芯谢褍褔械薪薪褘泄	Documents/小褔械褌肖邪泻褌褍褉邪袩芯谢褍褔械薪薪褘泄/Ext/ManagerModule.bsl	袛胁懈卸械薪懈褟	袧袛小袩褉械写褗褟胁谢械薪薪褘泄
Documents	袛芯泻褍屑械薪褌	小褔械褌肖邪泻褌褍褉邪袩芯谢褍褔械薪薪褘泄	Documents/小褔械褌肖邪泻褌褍褉邪袩芯谢褍褔械薪薪褘泄/Ext/ManagerModule.bsl	袛胁懈卸械薪懈褟	袧袛小小袗胁邪薪褋芯胁
Documents	袛芯泻褍屑械薪褌	小褔械褌肖邪泻褌褍褉邪袩芯谢褍褔械薪薪褘泄	Documents/小褔械褌肖邪泻褌褍褉邪袩芯谢褍褔械薪薪褘泄/Ext/ManagerModule.bsl	袛胁懈卸械薪懈褟	啸芯蟹褉邪褋褔械褌薪褘泄
Documents	袛芯泻褍屑械薪褌	小褔械褌肖邪泻褌褍褉邪袩芯谢褍褔械薪薪褘泄	Documents/小褔械褌肖邪泻褌褍褉邪袩芯谢褍褔械薪薪褘泄/Ext/ObjectModule.bsl	袛胁懈卸械薪懈褟	袟邪锌懈褋邪褌褜
Documents	袛芯泻褍屑械薪褌	孝邪屑芯卸械薪薪邪褟袛械泻谢邪褉邪褑懈褟协泻褋锌芯褉褌	Documents/孝邪屑芯卸械薪薪邪褟袛械泻谢邪褉邪褑懈褟协泻褋锌芯褉褌/Ext/ObjectModule.bsl	袛胁懈卸械薪懈褟	袟邪锌懈褋邪褌褜
Documents	袛芯泻褍屑械薪褌	孝褉械斜芯胁邪薪懈械袧邪泻谢邪写薪邪褟	Documents/孝褉械斜芯胁邪薪懈械袧邪泻谢邪写薪邪褟/Ext/ObjectModule.bsl	袛胁懈卸械薪懈褟	袟邪锌懈褋邪褌褜
Documents	袛芯泻褍屑械薪褌	校胁械写芯屑谢械薪懈械袨袙胁芯蟹械袩褉芯褋谢械卸懈胁邪械屑褘褏孝芯胁邪褉芯胁	Documents/校胁械写芯屑谢械薪懈械袨袙胁芯蟹械袩褉芯褋谢械卸懈胁邪械屑褘褏孝芯胁邪褉芯胁/Ext/ObjectModule.bsl	袛胁懈卸械薪懈褟	袟邪锌懈褋邪褌褜
Documents	袛芯泻褍屑械薪褌	校胁械写芯屑谢械薪懈械袨袩械褉械屑械褖械薪懈懈袩褉芯褋谢械卸懈胁邪械屑褘褏孝芯胁邪褉芯胁	Documents/校胁械写芯屑谢械薪懈械袨袩械褉械屑械褖械薪懈懈袩褉芯褋谢械卸懈胁邪械屑褘褏孝芯胁邪褉芯胁/Ext/ObjectModule.bsl	袛胁懈卸械薪懈褟	袟邪锌懈褋邪褌褜
Documents	袛芯泻褍屑械薪褌	校胁械写芯屑谢械薪懈械袨斜袠褋褔懈褋谢械薪薪褘褏小褍屑屑邪褏袧邪谢芯谐芯胁	Documents/校胁械写芯屑谢械薪懈械袨斜袠褋褔懈褋谢械薪薪褘褏小褍屑屑邪褏袧邪谢芯谐芯胁/Ext/ObjectModule.bsl	袛胁懈卸械薪懈褟	袟邪锌懈褋邪褌褜
Documents	袛芯泻褍屑械薪褌	校胁械写芯屑谢械薪懈械袨斜袨褋褌邪褌泻邪褏袩褉芯褋谢械卸懈胁邪械屑褘褏孝芯胁邪褉芯胁	Documents/校胁械写芯屑谢械薪懈械袨斜袨褋褌邪褌泻邪褏袩褉芯褋谢械卸懈胁邪械屑褘褏孝芯胁邪褉芯胁/Ext/ObjectModule.bsl	袛胁懈卸械薪懈褟	袟邪锌懈褋邪褌褜
Documents	袛芯泻褍屑械薪褌	校胁械写芯屑谢械薪懈械袨斜校屑械薪褜褕械薪懈懈袧邪谢芯谐邪袩芯袩邪褌械薪褌褍	Documents/校胁械写芯屑谢械薪懈械袨斜校屑械薪褜褕械薪懈懈袧邪谢芯谐邪袩芯袩邪褌械薪褌褍/Ext/ObjectModule.bsl	袛胁懈卸械薪懈褟	袟邪锌懈褋邪褌褜
Documents	袛芯泻褍屑械薪褌	校胁芯谢褜薪械薪懈械	Documents/校胁芯谢褜薪械薪懈械/Ext/ObjectModule.bsl	袛胁懈卸械薪懈褟	袦械褉芯锌褉懈褟褌懈褟孝褉褍写芯胁芯泄袛械褟褌械谢褜薪芯褋褌懈
Documents	袛芯泻褍屑械薪褌	校胁芯谢褜薪械薪懈械	Documents/校胁芯谢褜薪械薪懈械/Ext/ObjectModule.bsl	袛胁懈卸械薪懈褟	袧邪褔懈褋谢械薪懈褟校写械褉卸邪薪懈褟袩芯小芯褌褉褍写薪懈泻邪屑
Documents	袛芯泻褍屑械薪褌	校胁芯谢褜薪械薪懈械	Documents/校胁芯谢褜薪械薪懈械/Ext/ObjectModule.bsl	袛胁懈卸械薪懈褟	小褌褉邪褏芯胁褘械袙蟹薪芯褋褘袩芯肖懈蟹懈褔械褋泻懈屑袥懈褑邪屑
Documents	袛芯泻褍屑械薪褌	校褋褌邪薪芯胁泻邪袩芯褉褟写泻邪袟邪泻褉褘褌懈褟袩芯写褉邪蟹写械谢械薪懈泄	Documents/校褋褌邪薪芯胁泻邪袩芯褉褟写泻邪袟邪泻褉褘褌懈褟袩芯写褉邪蟹写械谢械薪懈泄/Ext/ManagerModule.bsl	袛胁懈卸械薪懈褟	袩芯褉褟写芯泻袟邪泻褉褘褌懈褟袩芯写褉邪蟹写械谢械薪懈泄袨褉谐邪薪懈蟹邪褑懈泄
Documents	袛芯泻褍屑械薪褌	校褋褌邪薪芯胁泻邪袩芯褉褟写泻邪袟邪泻褉褘褌懈褟袩芯写褉邪蟹写械谢械薪懈泄	Documents/校褋褌邪薪芯胁泻邪袩芯褉褟写泻邪袟邪泻褉褘褌懈褟袩芯写褉邪蟹写械谢械薪懈泄/Ext/ObjectModule.bsl	袛胁懈卸械薪懈褟	袟邪锌懈褋邪褌褜
Documents	袛芯泻褍屑械薪褌	校褋褌邪薪芯胁泻邪笑械薪袧芯屑械薪泻谢邪褌褍褉褘	Documents/校褋褌邪薪芯胁泻邪笑械薪袧芯屑械薪泻谢邪褌褍褉褘/Ext/ManagerModule.bsl	袛胁懈卸械薪懈褟	笑械薪褘袧芯屑械薪泻谢邪褌褍褉褘
Documents	袛芯泻褍屑械薪褌	校褋褌邪薪芯胁泻邪笑械薪袧芯屑械薪泻谢邪褌褍褉褘	Documents/校褋褌邪薪芯胁泻邪笑械薪袧芯屑械薪泻谢邪褌褍褉褘/Ext/ObjectModule.bsl	袛胁懈卸械薪懈褟	袟邪锌懈褋邪褌褜
Documents	袛芯泻褍屑械薪褌	肖芯褉屑懈褉芯胁邪薪懈械袟邪锌懈褋械泄袣薪懈谐懈袩芯泻褍锌芯泻	Documents/肖芯褉屑懈褉芯胁邪薪懈械袟邪锌懈褋械泄袣薪懈谐懈袩芯泻褍锌芯泻/Ext/ManagerModule.bsl	袛胁懈卸械薪懈褟	袧袛小袟邪锌懈褋懈袣薪懈谐懈袩芯泻褍锌芯泻
Documents	袛芯泻褍屑械薪褌	肖芯褉屑懈褉芯胁邪薪懈械袟邪锌懈褋械泄袣薪懈谐懈袩芯泻褍锌芯泻	Documents/肖芯褉屑懈褉芯胁邪薪懈械袟邪锌懈褋械泄袣薪懈谐懈袩芯泻褍锌芯泻/Ext/ManagerModule.bsl	袛胁懈卸械薪懈褟	袧袛小袩褉械写褗褟胁谢械薪薪褘泄
Documents	袛芯泻褍屑械薪褌	肖芯褉屑懈褉芯胁邪薪懈械袟邪锌懈褋械泄袣薪懈谐懈袩芯泻褍锌芯泻	Documents/肖芯褉屑懈褉芯胁邪薪懈械袟邪锌懈褋械泄袣薪懈谐懈袩芯泻褍锌芯泻/Ext/ManagerModule.bsl	袛胁懈卸械薪懈褟	袧袛小褋袗胁邪薪褋芯胁
Documents	袛芯泻褍屑械薪褌	肖芯褉屑懈褉芯胁邪薪懈械袟邪锌懈褋械泄袣薪懈谐懈袩芯泻褍锌芯泻	Documents/肖芯褉屑懈褉芯胁邪薪懈械袟邪锌懈褋械泄袣薪懈谐懈袩芯泻褍锌芯泻/Ext/ManagerModule.bsl	袛胁懈卸械薪懈褟	啸芯蟹褉邪褋褔械褌薪褘泄
Documents	袛芯泻褍屑械薪褌	肖芯褉屑懈褉芯胁邪薪懈械袟邪锌懈褋械泄袣薪懈谐懈袩芯泻褍锌芯泻	Documents/肖芯褉屑懈褉芯胁邪薪懈械袟邪锌懈褋械泄袣薪懈谐懈袩芯泻褍锌芯泻/Ext/ObjectModule.bsl	袛胁懈卸械薪懈褟	袟邪锌懈褋邪褌褜
Documents	袛芯泻褍屑械薪褌	肖芯褉屑懈褉芯胁邪薪懈械袟邪锌懈褋械泄袣薪懈谐懈袩褉芯写邪卸	Documents/肖芯褉屑懈褉芯胁邪薪懈械袟邪锌懈褋械泄袣薪懈谐懈袩褉芯写邪卸/Ext/ManagerModule.bsl	袛胁懈卸械薪懈褟	袧袛小袟邪锌懈褋懈袣薪懈谐懈袩褉芯写邪卸
Documents	袛芯泻褍屑械薪褌	肖芯褉屑懈褉芯胁邪薪懈械袟邪锌懈褋械泄袣薪懈谐懈袩褉芯写邪卸	Documents/肖芯褉屑懈褉芯胁邪薪懈械袟邪锌懈褋械泄袣薪懈谐懈袩褉芯写邪卸/Ext/ManagerModule.bsl	袛胁懈卸械薪懈褟	啸芯蟹褉邪褋褔械褌薪褘泄
Documents	袛芯泻褍屑械薪褌	肖芯褉屑懈褉芯胁邪薪懈械袟邪锌懈褋械泄袣薪懈谐懈袩褉芯写邪卸	Documents/肖芯褉屑懈褉芯胁邪薪懈械袟邪锌懈褋械泄袣薪懈谐懈袩褉芯写邪卸/Ext/ObjectModule.bsl	袛胁懈卸械薪懈褟	袟邪锌懈褋邪褌褜
Documents	袛芯泻褍屑械薪褌	肖芯褉屑懈褉芯胁邪薪懈械袟邪锌懈褋械泄袪邪蟹写械谢邪7袛械泻谢邪褉邪褑懈懈袧袛小	Documents/肖芯褉屑懈褉芯胁邪薪懈械袟邪锌懈褋械泄袪邪蟹写械谢邪7袛械泻谢邪褉邪褑懈懈袧袛小/Ext/ObjectModule.bsl	袛胁懈卸械薪懈褟	袟邪锌懈褋邪褌褜
Documents	袛芯泻褍屑械薪褌	肖芯褉屑懈褉芯胁邪薪懈械校褋褌邪胁薪芯谐芯袣邪锌懈褌邪谢邪	Documents/肖芯褉屑懈褉芯胁邪薪懈械校褋褌邪胁薪芯谐芯袣邪锌懈褌邪谢邪/Ext/ManagerModule.bsl	袛胁懈卸械薪懈褟	啸芯蟹褉邪褋褔械褌薪褘泄
Documents	袛芯泻褍屑械薪褌	肖芯褉屑懈褉芯胁邪薪懈械校褋褌邪胁薪芯谐芯袣邪锌懈褌邪谢邪	Documents/肖芯褉屑懈褉芯胁邪薪懈械校褋褌邪胁薪芯谐芯袣邪锌懈褌邪谢邪/Ext/ObjectModule.bsl	袛胁懈卸械薪懈褟	袟邪锌懈褋邪褌褜
InformationRegisters	袪械谐懈褋褌褉小胁械写械薪懈泄	袗泻褑懈蟹薪褘械袦邪褉泻懈袝袚袗袠小	InformationRegisters/袗泻褑懈蟹薪褘械袦邪褉泻懈袝袚袗袠小/Ext/ManagerModule.bsl	袛胁懈卸械薪懈褟	袨褋褌邪褌泻懈袗谢泻芯谐芯谢褜薪芯泄袩褉芯写褍泻褑懈懈袝袚袗袠小
InformationRegisters	袪械谐懈褋褌褉小胁械写械薪懈泄	袠屑锌芯褉褌孝芯胁邪褉芯胁孝邪屑芯卸械薪薪褘泄小芯褞蟹	InformationRegisters/袠屑锌芯褉褌孝芯胁邪褉芯胁孝邪屑芯卸械薪薪褘泄小芯褞蟹/Ext/ManagerModule.bsl	袛胁懈卸械薪懈褟	袠屑锌芯褉褌孝芯胁邪褉芯胁孝邪屑芯卸械薪薪褘泄小芯褞蟹
InformationRegisters	袪械谐懈褋褌褉小胁械写械薪懈泄	袦械褋褌邪啸褉邪薪械薪懈褟袩邪褉褌懈泄小袗孝校袪袧	InformationRegisters/袦械褋褌邪啸褉邪薪械薪懈褟袩邪褉褌懈泄小袗孝校袪袧/Ext/ManagerModule.bsl	袛胁懈卸械薪懈褟	袦械褋褌邪啸褉邪薪械薪懈褟袩邪褉褌懈泄小袗孝校袪袧
InformationRegisters	袪械谐懈褋褌褉小胁械写械薪懈泄	袪邪褋褏芯写褘袧邪袨薪谢邪泄薪袣邪褋褋褘校屑械薪褜褕邪褞褖懈械袧邪谢芯谐袩小袧	InformationRegisters/袪邪褋褏芯写褘袧邪袨薪谢邪泄薪袣邪褋褋褘校屑械薪褜褕邪褞褖懈械袧邪谢芯谐袩小袧/Ext/ManagerModule.bsl	袛胁懈卸械薪懈褟	袪邪褋褏芯写褘袧邪袨薪谢邪泄薪袣邪褋褋褘校屑械薪褜褕邪褞褖懈械袧邪谢芯谐袩小袧
InformationRegisters	袪械谐懈褋褌褉小胁械写械薪懈泄	袪邪褋褏芯写褘袧邪袨薪谢邪泄薪袣邪褋褋褘校屑械薪褜褕邪褞褖懈械袧邪谢芯谐袩小袧	InformationRegisters/袪邪褋褏芯写褘袧邪袨薪谢邪泄薪袣邪褋褋褘校屑械薪褜褕邪褞褖懈械袧邪谢芯谐袩小袧/Ext/ManagerModule.bsl	袛胁懈卸械薪懈褟	袪邪褋褔械褌袧邪褔懈褋谢械薪懈褟袧邪谢芯谐芯胁袧邪袝袧小
InformationRegisters	袪械谐懈褋褌褉小胁械写械薪懈泄	袪邪褋褏芯写褘袧邪袨薪谢邪泄薪袣邪褋褋褘校屑械薪褜褕邪褞褖懈械袧邪谢芯谐袩小袧	InformationRegisters/袪邪褋褏芯写褘袧邪袨薪谢邪泄薪袣邪褋褋褘校屑械薪褜褕邪褞褖懈械袧邪谢芯谐袩小袧/Ext/ManagerModule.bsl	袛胁懈卸械薪懈褟	啸芯蟹褉邪褋褔械褌薪褘泄
InformationRegisters	袪械谐懈褋褌褉小胁械写械薪懈泄	袪邪褋褔械褌小褌芯懈屑芯褋褌懈袨褋褌邪胁褕懈褏褋褟袦邪褌械褉懈邪谢芯胁袩褉懈小锌懈褋邪薪懈懈袨小	InformationRegisters/袪邪褋褔械褌小褌芯懈屑芯褋褌懈袨褋褌邪胁褕懈褏褋褟袦邪褌械褉懈邪谢芯胁袩褉懈小锌懈褋邪薪懈懈袨小/Ext/ManagerModule.bsl	袛胁懈卸械薪懈褟	袪邪褋褔械褌小褌芯懈屑芯褋褌懈袨褋褌邪胁褕懈褏褋褟袦邪褌械褉懈邪谢芯胁袩褉懈小锌懈褋邪薪懈懈袨小
InformationRegisters	袪械谐懈褋褌褉小胁械写械薪懈泄	校写邪谢懈褌褜袪邪褋褏芯写褘袧邪袨薪谢邪泄薪袣邪褋褋褘校屑械薪褜褕邪褞褖懈械袧邪谢芯谐袩小袧	InformationRegisters/校写邪谢懈褌褜袪邪褋褏芯写褘袧邪袨薪谢邪泄薪袣邪褋褋褘校屑械薪褜褕邪褞褖懈械袧邪谢芯谐袩小袧/Ext/ManagerModule.bsl	袛胁懈卸械薪懈褟	袪邪褋褏芯写褘袧邪袨薪谢邪泄薪袣邪褋褋褘校屑械薪褜褕邪褞褖懈械袧邪谢芯谐袩小袧
Reports	袨褌褔械褌	袗薪邪谢懈蟹袧邪褔懈褋谢械薪懈泄袠校写械褉卸邪薪懈泄	Reports/袗薪邪谢懈蟹袧邪褔懈褋谢械薪懈泄袠校写械褉卸邪薪懈泄/Ext/ObjectModule.bsl	袛胁懈卸械薪懈褟	小芯写械褉卸懈褌
Reports	袨褌褔械褌	协泻褋锌褉械褋褋袩褉芯胁械褉泻邪袙械写械薪懈褟校褔械褌邪	Reports/协泻褋锌褉械褋褋袩褉芯胁械褉泻邪袙械写械薪懈褟校褔械褌邪/Ext/ManagerModule.bsl	袛胁懈卸械薪懈褟	袙褋褌邪胁懈褌褜
