source_top_folder	source_type	source_name	source_path	query_table
Reports	袨褌褔械褌	袪械谐谢邪屑械薪褌懈褉芯胁邪薪薪褘泄袨褌褔械褌小褌邪褌懈褋褌懈泻邪肖芯褉屑邪2孝袩袙芯蟹写褍褏	Reports/袪械谐谢邪屑械薪褌懈褉芯胁邪薪薪褘泄袨褌褔械褌小褌邪褌懈褋褌懈泻邪肖芯褉屑邪2孝袩袙芯蟹写褍褏/Forms/肖芯褉屑邪袨褌褔械褌邪2016袣胁1/Ext/Form/Module.bsl	肖芯褉屑邪.屑小褌褉褍泻褌褍褉邪袦薪芯谐芯褋褌褉芯褔薪褘褏袪邪蟹写械谢芯胁
Reports	袨褌褔械褌	袪械谐谢邪屑械薪褌懈褉芯胁邪薪薪褘泄袨褌褔械褌小褌邪褌懈褋褌懈泻邪肖芯褉屑邪2孝袩袙芯蟹写褍褏	Reports/袪械谐谢邪屑械薪褌懈褉芯胁邪薪薪褘泄袨褌褔械褌小褌邪褌懈褋褌懈泻邪肖芯褉屑邪2孝袩袙芯蟹写褍褏/Forms/肖芯褉屑邪袨褌褔械褌邪2016袣胁1/Ext/Form/Module.bsl	肖芯褉屑邪.屑孝邪斜谢懈褑邪小芯褋褌邪胁袩芯泻邪蟹邪褌械谢械泄
Reports	袨褌褔械褌	袪械谐谢邪屑械薪褌懈褉芯胁邪薪薪褘泄袨褌褔械褌小褌邪褌懈褋褌懈泻邪肖芯褉屑邪2孝袩袙芯蟹写褍褏	Reports/袪械谐谢邪屑械薪褌懈褉芯胁邪薪薪褘泄袨褌褔械褌小褌邪褌懈褋褌懈泻邪肖芯褉屑邪2孝袩袙芯蟹写褍褏/Forms/肖芯褉屑邪袨褌褔械褌邪2016袣胁1/Ext/Form/Module.bsl	协谢械屑械薪褌小褌褉褍泻褌褍褉褘.袟薪邪褔械薪懈械
Reports	袨褌褔械褌	袪械谐谢邪屑械薪褌懈褉芯胁邪薪薪褘泄袨褌褔械褌小褌邪褌懈褋褌懈泻邪肖芯褉屑邪2孝袩袙芯蟹写褍褏	Reports/袪械谐谢邪屑械薪褌懈褉芯胁邪薪薪褘泄袨褌褔械褌小褌邪褌懈褋褌懈泻邪肖芯褉屑邪2孝袩袙芯蟹写褍褏/Forms/肖芯褉屑邪袨褌褔械褌邪2017袣胁1/Ext/Form/Module.bsl	袥懈褋褌.袨斜谢邪褋褌懈
Reports	袨褌褔械褌	袪械谐谢邪屑械薪褌懈褉芯胁邪薪薪褘泄袨褌褔械褌小褌邪褌懈褋褌懈泻邪肖芯褉屑邪2孝袩袙芯蟹写褍褏	Reports/袪械谐谢邪屑械薪褌懈褉芯胁邪薪薪褘泄袨褌褔械褌小褌邪褌懈褋褌懈泻邪肖芯褉屑邪2孝袩袙芯蟹写褍褏/Forms/肖芯褉屑邪袨褌褔械褌邪2017袣胁1/Ext/Form/Module.bsl	袦邪泻械褌小芯褋褌邪胁邪袩芯泻邪蟹邪褌械谢械泄.袨斜谢邪褋褌懈
Reports	袨褌褔械褌	袪械谐谢邪屑械薪褌懈褉芯胁邪薪薪褘泄袨褌褔械褌小褌邪褌懈褋褌懈泻邪肖芯褉屑邪2孝袩袙芯蟹写褍褏	Reports/袪械谐谢邪屑械薪褌懈褉芯胁邪薪薪褘泄袨褌褔械褌小褌邪褌懈褋褌懈泻邪肖芯褉屑邪2孝袩袙芯蟹写褍褏/Forms/肖芯褉屑邪袨褌褔械褌邪2017袣胁1/Ext/Form/Module.bsl	校蟹械谢.小褌褉芯泻懈
Reports	袨褌褔械褌	袪械谐谢邪屑械薪褌懈褉芯胁邪薪薪褘泄袨褌褔械褌小褌邪褌懈褋褌懈泻邪肖芯褉屑邪2孝袩袙芯蟹写褍褏	Reports/袪械谐谢邪屑械薪褌懈褉芯胁邪薪薪褘泄袨褌褔械褌小褌邪褌懈褋褌懈泻邪肖芯褉屑邪2孝袩袙芯蟹写褍褏/Forms/肖芯褉屑邪袨褌褔械褌邪2017袣胁1/Ext/Form/Module.bsl	肖芯褉屑邪.屑小褌褉褍泻褌褍褉邪袦薪芯谐芯褋褌褉芯褔薪褘褏袪邪蟹写械谢芯胁
Reports	袨褌褔械褌	袪械谐谢邪屑械薪褌懈褉芯胁邪薪薪褘泄袨褌褔械褌小褌邪褌懈褋褌懈泻邪肖芯褉屑邪2孝袩袙芯蟹写褍褏	Reports/袪械谐谢邪屑械薪褌懈褉芯胁邪薪薪褘泄袨褌褔械褌小褌邪褌懈褋褌懈泻邪肖芯褉屑邪2孝袩袙芯蟹写褍褏/Forms/肖芯褉屑邪袨褌褔械褌邪2017袣胁1/Ext/Form/Module.bsl	肖芯褉屑邪.屑孝邪斜谢懈褑邪小芯褋褌邪胁袩芯泻邪蟹邪褌械谢械泄
Reports	袨褌褔械褌	袪械谐谢邪屑械薪褌懈褉芯胁邪薪薪褘泄袨褌褔械褌小褌邪褌懈褋褌懈泻邪肖芯褉屑邪2孝袩袙芯蟹写褍褏	Reports/袪械谐谢邪屑械薪褌懈褉芯胁邪薪薪褘泄袨褌褔械褌小褌邪褌懈褋褌懈泻邪肖芯褉屑邪2孝袩袙芯蟹写褍褏/Forms/肖芯褉屑邪袨褌褔械褌邪2017袣胁1/Ext/Form/Module.bsl	协谢械屑械薪褌小褌褉褍泻褌褍褉褘.袟薪邪褔械薪懈械
Reports	袨褌褔械褌	袪械谐谢邪屑械薪褌懈褉芯胁邪薪薪褘泄袨褌褔械褌小褌邪褌懈褋褌懈泻邪肖芯褉屑邪2孝袩袙芯蟹写褍褏	Reports/袪械谐谢邪屑械薪褌懈褉芯胁邪薪薪褘泄袨褌褔械褌小褌邪褌懈褋褌懈泻邪肖芯褉屑邪2孝袩袙芯蟹写褍褏/Forms/肖芯褉屑邪袨褌褔械褌邪2018袣胁1/Ext/Form/Module.bsl	_袩褉懈谢芯卸械薪懈褟.袩芯谢褍褔懈褌褜协谢械屑械薪褌褘
Reports	袨褌褔械褌	袪械谐谢邪屑械薪褌懈褉芯胁邪薪薪褘泄袨褌褔械褌小褌邪褌懈褋褌懈泻邪肖芯褉屑邪2孝袩袙芯蟹写褍褏	Reports/袪械谐谢邪屑械薪褌懈褉芯胁邪薪薪褘泄袨褌褔械褌小褌邪褌懈褋褌懈泻邪肖芯褉屑邪2孝袩袙芯蟹写褍褏/Forms/肖芯褉屑邪袨褌褔械褌邪2018袣胁1/Ext/Form/Module.bsl	袥懈褋褌.袨斜谢邪褋褌懈
Reports	袨褌褔械褌	袪械谐谢邪屑械薪褌懈褉芯胁邪薪薪褘泄袨褌褔械褌小褌邪褌懈褋褌懈泻邪肖芯褉屑邪2孝袩袙芯蟹写褍褏	Reports/袪械谐谢邪屑械薪褌懈褉芯胁邪薪薪褘泄袨褌褔械褌小褌邪褌懈褋褌懈泻邪肖芯褉屑邪2孝袩袙芯蟹写褍褏/Forms/肖芯褉屑邪袨褌褔械褌邪2018袣胁1/Ext/Form/Module.bsl	袦邪泻械褌小芯褋褌邪胁邪袩芯泻邪蟹邪褌械谢械泄.袨斜谢邪褋褌懈
Reports	袨褌褔械褌	袪械谐谢邪屑械薪褌懈褉芯胁邪薪薪褘泄袨褌褔械褌小褌邪褌懈褋褌懈泻邪肖芯褉屑邪2孝袩袙芯蟹写褍褏	Reports/袪械谐谢邪屑械薪褌懈褉芯胁邪薪薪褘泄袨褌褔械褌小褌邪褌懈褋褌懈泻邪肖芯褉屑邪2孝袩袙芯蟹写褍褏/Forms/肖芯褉屑邪袨褌褔械褌邪2018袣胁1/Ext/Form/Module.bsl	小褌褉.袩芯谢褍褔懈褌褜协谢械屑械薪褌褘
Reports	袨褌褔械褌	袪械谐谢邪屑械薪褌懈褉芯胁邪薪薪褘泄袨褌褔械褌小褌邪褌懈褋褌懈泻邪肖芯褉屑邪2孝袩袙芯蟹写褍褏	Reports/袪械谐谢邪屑械薪褌懈褉芯胁邪薪薪褘泄袨褌褔械褌小褌邪褌懈褋褌懈泻邪肖芯褉屑邪2孝袩袙芯蟹写褍褏/Forms/肖芯褉屑邪袨褌褔械褌邪2018袣胁1/Ext/Form/Module.bsl	孝械泻褍褖懈械袛邪薪薪褘械.袩芯谢褍褔懈褌褜协谢械屑械薪褌褘
Reports	袨褌褔械褌	袪械谐谢邪屑械薪褌懈褉芯胁邪薪薪褘泄袨褌褔械褌小褌邪褌懈褋褌懈泻邪肖芯褉屑邪2孝袩袙芯蟹写褍褏	Reports/袪械谐谢邪屑械薪褌懈褉芯胁邪薪薪褘泄袨褌褔械褌小褌邪褌懈褋褌懈泻邪肖芯褉屑邪2孝袩袙芯蟹写褍褏/Forms/肖芯褉屑邪袨褌褔械褌邪2018袣胁1/Ext/Form/Module.bsl	校蟹械谢.小褌褉芯泻懈
Reports	袨褌褔械褌	袪械谐谢邪屑械薪褌懈褉芯胁邪薪薪褘泄袨褌褔械褌小褌邪褌懈褋褌懈泻邪肖芯褉屑邪2孝袩袙芯蟹写褍褏	Reports/袪械谐谢邪屑械薪褌懈褉芯胁邪薪薪褘泄袨褌褔械褌小褌邪褌懈褋褌懈泻邪肖芯褉屑邪2孝袩袙芯蟹写褍褏/Forms/肖芯褉屑邪袨褌褔械褌邪2018袣胁1/Ext/Form/Module.bsl	肖芯褉屑邪.屑小褌褉褍泻褌褍褉邪袦薪芯谐芯褋褌褉芯褔薪褘褏袪邪蟹写械谢芯胁
Reports	袨褌褔械褌	袪械谐谢邪屑械薪褌懈褉芯胁邪薪薪褘泄袨褌褔械褌小褌邪褌懈褋褌懈泻邪肖芯褉屑邪2孝袩袙芯蟹写褍褏	Reports/袪械谐谢邪屑械薪褌懈褉芯胁邪薪薪褘泄袨褌褔械褌小褌邪褌懈褋褌懈泻邪肖芯褉屑邪2孝袩袙芯蟹写褍褏/Forms/肖芯褉屑邪袨褌褔械褌邪2018袣胁1/Ext/Form/Module.bsl	肖芯褉屑邪.屑孝邪斜谢懈褑邪小芯褋褌邪胁袩芯泻邪蟹邪褌械谢械泄
Reports	袨褌褔械褌	袪械谐谢邪屑械薪褌懈褉芯胁邪薪薪褘泄袨褌褔械褌小褌邪褌懈褋褌懈泻邪肖芯褉屑邪2孝袩袙芯蟹写褍褏	Reports/袪械谐谢邪屑械薪褌懈褉芯胁邪薪薪褘泄袨褌褔械褌小褌邪褌懈褋褌懈泻邪肖芯褉屑邪2孝袩袙芯蟹写褍褏/Forms/肖芯褉屑邪袨褌褔械褌邪2018袣胁1/Ext/Form/Module.bsl	协谢械屑械薪褌小褌褉褍泻褌褍褉褘.袟薪邪褔械薪懈械
Reports	袨褌褔械褌	袪械谐谢邪屑械薪褌懈褉芯胁邪薪薪褘泄袨褌褔械褌小褌邪褌懈褋褌懈泻邪肖芯褉屑邪袦袩屑	Reports/袪械谐谢邪屑械薪褌懈褉芯胁邪薪薪褘泄袨褌褔械褌小褌邪褌懈褋褌懈泻邪肖芯褉屑邪袦袩屑/Forms/肖芯褉屑邪袨褌褔械褌邪2013袣胁1/Ext/Form/Module.bsl	袠褋褏芯写薪褘泄袦邪泻械褌.袨斜谢邪褋褌懈
Reports	袨褌褔械褌	袪械谐谢邪屑械薪褌懈褉芯胁邪薪薪褘泄袨褌褔械褌小褌邪褌懈褋褌懈泻邪肖芯褉屑邪袦袩屑	Reports/袪械谐谢邪屑械薪褌懈褉芯胁邪薪薪褘泄袨褌褔械褌小褌邪褌懈褋褌懈泻邪肖芯褉屑邪袦袩屑/Forms/肖芯褉屑邪袨褌褔械褌邪2013袣胁1/Ext/Form/Module.bsl	袥懈褋褌.袨斜谢邪褋褌懈
Reports	袨褌褔械褌	袪械谐谢邪屑械薪褌懈褉芯胁邪薪薪褘泄袨褌褔械褌小褌邪褌懈褋褌懈泻邪肖芯褉屑邪袦袩屑	Reports/袪械谐谢邪屑械薪褌懈褉芯胁邪薪薪褘泄袨褌褔械褌小褌邪褌懈褋褌懈泻邪肖芯褉屑邪袦袩屑/Forms/肖芯褉屑邪袨褌褔械褌邪2013袣胁1/Ext/Form/Module.bsl	袦邪泻械褌袩械褔邪褌薪芯泄肖芯褉屑褘.袩芯谢褍褔懈褌褜袨斜谢邪褋褌褜
Reports	袨褌褔械褌	袪械谐谢邪屑械薪褌懈褉芯胁邪薪薪褘泄袨褌褔械褌小褌邪褌懈褋褌懈泻邪肖芯褉屑邪袦袩屑	Reports/袪械谐谢邪屑械薪褌懈褉芯胁邪薪薪褘泄袨褌褔械褌小褌邪褌懈褋褌懈泻邪肖芯褉屑邪袦袩屑/Forms/肖芯褉屑邪袨褌褔械褌邪2013袣胁1/Ext/Form/Module.bsl	袦邪泻械褌小芯褋褌邪胁邪袩芯泻邪蟹邪褌械谢械泄.袨斜谢邪褋褌懈
Reports	袨褌褔械褌	袪械谐谢邪屑械薪褌懈褉芯胁邪薪薪褘泄袨褌褔械褌小褌邪褌懈褋褌懈泻邪肖芯褉屑邪袦袩屑	Reports/袪械谐谢邪屑械薪褌懈褉芯胁邪薪薪褘泄袨褌褔械褌小褌邪褌懈褋褌懈泻邪肖芯褉屑邪袦袩屑/Forms/肖芯褉屑邪袨褌褔械褌邪2013袣胁1/Ext/Form/Module.bsl	小褌褉芯泻邪孝邪斜谢袟薪邪褔.袛邪薪薪褘械袛芯锌小褌褉芯泻
Reports	袨褌褔械褌	袪械谐谢邪屑械薪褌懈褉芯胁邪薪薪褘泄袨褌褔械褌小褌邪褌懈褋褌懈泻邪肖芯褉屑邪袦袩屑	Reports/袪械谐谢邪屑械薪褌懈褉芯胁邪薪薪褘泄袨褌褔械褌小褌邪褌懈褋褌懈泻邪肖芯褉屑邪袦袩屑/Forms/肖芯褉屑邪袨褌褔械褌邪2013袣胁1/Ext/Form/Module.bsl	校蟹械谢.小褌褉芯泻懈
Reports	袨褌褔械褌	袪械谐谢邪屑械薪褌懈褉芯胁邪薪薪褘泄袨褌褔械褌小褌邪褌懈褋褌懈泻邪肖芯褉屑邪袦袩屑	Reports/袪械谐谢邪屑械薪褌懈褉芯胁邪薪薪褘泄袨褌褔械褌小褌邪褌懈褋褌懈泻邪肖芯褉屑邪袦袩屑/Forms/肖芯褉屑邪袨褌褔械褌邪2013袣胁1/Ext/Form/Module.bsl	肖芯褉屑邪.屑小褌褉褍泻褌褍褉邪袦薪芯谐芯褋褌褉芯褔薪褘褏袪邪蟹写械谢芯胁
Reports	袨褌褔械褌	袪械谐谢邪屑械薪褌懈褉芯胁邪薪薪褘泄袨褌褔械褌小褌邪褌懈褋褌懈泻邪肖芯褉屑邪袦袩屑	Reports/袪械谐谢邪屑械薪褌懈褉芯胁邪薪薪褘泄袨褌褔械褌小褌邪褌懈褋褌懈泻邪肖芯褉屑邪袦袩屑/Forms/肖芯褉屑邪袨褌褔械褌邪2013袣胁1/Ext/Form/Module.bsl	肖芯褉屑邪.屑孝邪斜谢懈褑邪小芯褋褌邪胁袩芯泻邪蟹邪褌械谢械泄
Reports	袨褌褔械褌	袪械谐谢邪屑械薪褌懈褉芯胁邪薪薪褘泄袨褌褔械褌小褌邪褌懈褋褌懈泻邪肖芯褉屑邪袦袩屑	Reports/袪械谐谢邪屑械薪褌懈褉芯胁邪薪薪褘泄袨褌褔械褌小褌邪褌懈褋褌懈泻邪肖芯褉屑邪袦袩屑/Forms/肖芯褉屑邪袨褌褔械褌邪2013袣胁1/Ext/Form/Module.bsl	协谢械屑械薪褌小褌褉褍泻褌褍褉褘.袟薪邪褔械薪懈械
Reports	袨褌褔械褌	袪械谐谢邪屑械薪褌懈褉芯胁邪薪薪褘泄袨褌褔械褌小褌邪褌懈褋褌懈泻邪肖芯褉屑邪袦袩屑	Reports/袪械谐谢邪屑械薪褌懈褉芯胁邪薪薪褘泄袨褌褔械褌小褌邪褌懈褋褌懈泻邪肖芯褉屑邪袦袩屑/Forms/肖芯褉屑邪袨褌褔械褌邪2013袣胁1/Ext/Form/Module.bsl	屑袛械褉械胁芯袙褘斜褉邪薪薪褘褏小褌褉邪薪懈褑.袩芯谢褍褔懈褌褜协谢械屑械薪褌褘
Reports	袨褌褔械褌	袪械谐谢邪屑械薪褌懈褉芯胁邪薪薪褘泄袨褌褔械褌小褌邪褌懈褋褌懈泻邪肖芯褉屑邪袦袩屑	Reports/袪械谐谢邪屑械薪褌懈褉芯胁邪薪薪褘泄袨褌褔械褌小褌邪褌懈褋褌懈泻邪肖芯褉屑邪袦袩屑/Forms/肖芯褉屑邪袨褌褔械褌邪2013袣胁1/Ext/Form/Module.bsl	屑小胁芯泄褋褌胁邪袪邪蟹写械谢芯胁袛械泻谢邪褉邪褑懈懈.袩芯谢褍褔懈褌褜协谢械屑械薪褌褘
Reports	袨褌褔械褌	袪械谐谢邪屑械薪褌懈褉芯胁邪薪薪褘泄袨褌褔械褌小褌邪褌懈褋褌懈泻邪肖芯褉屑邪袦袩屑	Reports/袪械谐谢邪屑械薪褌懈褉芯胁邪薪薪褘泄袨褌褔械褌小褌邪褌懈褋褌懈泻邪肖芯褉屑邪袦袩屑/Forms/肖芯褉屑邪袨褌褔械褌邪2014袣胁1/Ext/Form/Module.bsl	袠褋褏芯写薪褘泄袦邪泻械褌.袨斜谢邪褋褌懈
Reports	袨褌褔械褌	袪械谐谢邪屑械薪褌懈褉芯胁邪薪薪褘泄袨褌褔械褌小褌邪褌懈褋褌懈泻邪肖芯褉屑邪袦袩屑	Reports/袪械谐谢邪屑械薪褌懈褉芯胁邪薪薪褘泄袨褌褔械褌小褌邪褌懈褋褌懈泻邪肖芯褉屑邪袦袩屑/Forms/肖芯褉屑邪袨褌褔械褌邪2014袣胁1/Ext/Form/Module.bsl	袥懈褋褌.袨斜谢邪褋褌懈
Reports	袨褌褔械褌	袪械谐谢邪屑械薪褌懈褉芯胁邪薪薪褘泄袨褌褔械褌小褌邪褌懈褋褌懈泻邪肖芯褉屑邪袦袩屑	Reports/袪械谐谢邪屑械薪褌懈褉芯胁邪薪薪褘泄袨褌褔械褌小褌邪褌懈褋褌懈泻邪肖芯褉屑邪袦袩屑/Forms/肖芯褉屑邪袨褌褔械褌邪2014袣胁1/Ext/Form/Module.bsl	袦邪泻械褌袩械褔邪褌薪芯泄肖芯褉屑褘.袩芯谢褍褔懈褌褜袨斜谢邪褋褌褜
Reports	袨褌褔械褌	袪械谐谢邪屑械薪褌懈褉芯胁邪薪薪褘泄袨褌褔械褌小褌邪褌懈褋褌懈泻邪肖芯褉屑邪袦袩屑	Reports/袪械谐谢邪屑械薪褌懈褉芯胁邪薪薪褘泄袨褌褔械褌小褌邪褌懈褋褌懈泻邪肖芯褉屑邪袦袩屑/Forms/肖芯褉屑邪袨褌褔械褌邪2014袣胁1/Ext/Form/Module.bsl	袦邪泻械褌小芯褋褌邪胁邪袩芯泻邪蟹邪褌械谢械泄.袨斜谢邪褋褌懈
Reports	袨褌褔械褌	袪械谐谢邪屑械薪褌懈褉芯胁邪薪薪褘泄袨褌褔械褌小褌邪褌懈褋褌懈泻邪肖芯褉屑邪袦袩屑	Reports/袪械谐谢邪屑械薪褌懈褉芯胁邪薪薪褘泄袨褌褔械褌小褌邪褌懈褋褌懈泻邪肖芯褉屑邪袦袩屑/Forms/肖芯褉屑邪袨褌褔械褌邪2014袣胁1/Ext/Form/Module.bsl	小褌褉芯泻邪孝邪斜谢袟薪邪褔.袛邪薪薪褘械袛芯锌小褌褉芯泻
Reports	袨褌褔械褌	袪械谐谢邪屑械薪褌懈褉芯胁邪薪薪褘泄袨褌褔械褌小褌邪褌懈褋褌懈泻邪肖芯褉屑邪袦袩屑	Reports/袪械谐谢邪屑械薪褌懈褉芯胁邪薪薪褘泄袨褌褔械褌小褌邪褌懈褋褌懈泻邪肖芯褉屑邪袦袩屑/Forms/肖芯褉屑邪袨褌褔械褌邪2014袣胁1/Ext/Form/Module.bsl	校蟹械谢.小褌褉芯泻懈
Reports	袨褌褔械褌	袪械谐谢邪屑械薪褌懈褉芯胁邪薪薪褘泄袨褌褔械褌小褌邪褌懈褋褌懈泻邪肖芯褉屑邪袦袩屑	Reports/袪械谐谢邪屑械薪褌懈褉芯胁邪薪薪褘泄袨褌褔械褌小褌邪褌懈褋褌懈泻邪肖芯褉屑邪袦袩屑/Forms/肖芯褉屑邪袨褌褔械褌邪2014袣胁1/Ext/Form/Module.bsl	肖芯褉屑邪.屑小褌褉褍泻褌褍褉邪袦薪芯谐芯褋褌褉芯褔薪褘褏袪邪蟹写械谢芯胁
Reports	袨褌褔械褌	袪械谐谢邪屑械薪褌懈褉芯胁邪薪薪褘泄袨褌褔械褌小褌邪褌懈褋褌懈泻邪肖芯褉屑邪袦袩屑	Reports/袪械谐谢邪屑械薪褌懈褉芯胁邪薪薪褘泄袨褌褔械褌小褌邪褌懈褋褌懈泻邪肖芯褉屑邪袦袩屑/Forms/肖芯褉屑邪袨褌褔械褌邪2014袣胁1/Ext/Form/Module.bsl	肖芯褉屑邪.屑孝邪斜谢懈褑邪小芯褋褌邪胁袩芯泻邪蟹邪褌械谢械泄
Reports	袨褌褔械褌	袪械谐谢邪屑械薪褌懈褉芯胁邪薪薪褘泄袨褌褔械褌小褌邪褌懈褋褌懈泻邪肖芯褉屑邪袦袩屑	Reports/袪械谐谢邪屑械薪褌懈褉芯胁邪薪薪褘泄袨褌褔械褌小褌邪褌懈褋褌懈泻邪肖芯褉屑邪袦袩屑/Forms/肖芯褉屑邪袨褌褔械褌邪2014袣胁1/Ext/Form/Module.bsl	协谢械屑械薪褌小褌褉褍泻褌褍褉褘.袟薪邪褔械薪懈械
Reports	袨褌褔械褌	袪械谐谢邪屑械薪褌懈褉芯胁邪薪薪褘泄袨褌褔械褌小褌邪褌懈褋褌懈泻邪肖芯褉屑邪袦袩屑	Reports/袪械谐谢邪屑械薪褌懈褉芯胁邪薪薪褘泄袨褌褔械褌小褌邪褌懈褋褌懈泻邪肖芯褉屑邪袦袩屑/Forms/肖芯褉屑邪袨褌褔械褌邪2014袣胁1/Ext/Form/Module.bsl	屑袛械褉械胁芯袙褘斜褉邪薪薪褘褏小褌褉邪薪懈褑.袩芯谢褍褔懈褌褜协谢械屑械薪褌褘
Reports	袨褌褔械褌	袪械谐谢邪屑械薪褌懈褉芯胁邪薪薪褘泄袨褌褔械褌小褌邪褌懈褋褌懈泻邪肖芯褉屑邪袦袩屑	Reports/袪械谐谢邪屑械薪褌懈褉芯胁邪薪薪褘泄袨褌褔械褌小褌邪褌懈褋褌懈泻邪肖芯褉屑邪袦袩屑/Forms/肖芯褉屑邪袨褌褔械褌邪2014袣胁1/Ext/Form/Module.bsl	屑小胁芯泄褋褌胁邪袪邪蟹写械谢芯胁袛械泻谢邪褉邪褑懈懈.袩芯谢褍褔懈褌褜协谢械屑械薪褌褘
Reports	袨褌褔械褌	袪械谐谢邪屑械薪褌懈褉芯胁邪薪薪褘泄袨褌褔械褌小褌邪褌懈褋褌懈泻邪肖芯褉屑邪袦袩屑褋褏	Reports/袪械谐谢邪屑械薪褌懈褉芯胁邪薪薪褘泄袨褌褔械褌小褌邪褌懈褋褌懈泻邪肖芯褉屑邪袦袩屑褋褏/Forms/肖芯褉屑邪袨褌褔械褌邪2013袣胁1/Ext/Form/Module.bsl	袠褋褏芯写薪褘泄袦邪泻械褌.袨斜谢邪褋褌懈
Reports	袨褌褔械褌	袪械谐谢邪屑械薪褌懈褉芯胁邪薪薪褘泄袨褌褔械褌小褌邪褌懈褋褌懈泻邪肖芯褉屑邪袦袩屑褋褏	Reports/袪械谐谢邪屑械薪褌懈褉芯胁邪薪薪褘泄袨褌褔械褌小褌邪褌懈褋褌懈泻邪肖芯褉屑邪袦袩屑褋褏/Forms/肖芯褉屑邪袨褌褔械褌邪2013袣胁1/Ext/Form/Module.bsl	袥懈褋褌.袨斜谢邪褋褌懈
Reports	袨褌褔械褌	袪械谐谢邪屑械薪褌懈褉芯胁邪薪薪褘泄袨褌褔械褌小褌邪褌懈褋褌懈泻邪肖芯褉屑邪袦袩屑褋褏	Reports/袪械谐谢邪屑械薪褌懈褉芯胁邪薪薪褘泄袨褌褔械褌小褌邪褌懈褋褌懈泻邪肖芯褉屑邪袦袩屑褋褏/Forms/肖芯褉屑邪袨褌褔械褌邪2013袣胁1/Ext/Form/Module.bsl	袦邪泻械褌袩械褔邪褌薪芯泄肖芯褉屑褘.袩芯谢褍褔懈褌褜袨斜谢邪褋褌褜
Reports	袨褌褔械褌	袪械谐谢邪屑械薪褌懈褉芯胁邪薪薪褘泄袨褌褔械褌小褌邪褌懈褋褌懈泻邪肖芯褉屑邪袦袩屑褋褏	Reports/袪械谐谢邪屑械薪褌懈褉芯胁邪薪薪褘泄袨褌褔械褌小褌邪褌懈褋褌懈泻邪肖芯褉屑邪袦袩屑褋褏/Forms/肖芯褉屑邪袨褌褔械褌邪2013袣胁1/Ext/Form/Module.bsl	袦邪泻械褌小芯褋褌邪胁邪袩芯泻邪蟹邪褌械谢械泄.袨斜谢邪褋褌懈
Reports	袨褌褔械褌	袪械谐谢邪屑械薪褌懈褉芯胁邪薪薪褘泄袨褌褔械褌小褌邪褌懈褋褌懈泻邪肖芯褉屑邪袦袩屑褋褏	Reports/袪械谐谢邪屑械薪褌懈褉芯胁邪薪薪褘泄袨褌褔械褌小褌邪褌懈褋褌懈泻邪肖芯褉屑邪袦袩屑褋褏/Forms/肖芯褉屑邪袨褌褔械褌邪2013袣胁1/Ext/Form/Module.bsl	小褌褉芯泻邪孝邪斜谢袟薪邪褔.袛邪薪薪褘械袛芯锌小褌褉芯泻
Reports	袨褌褔械褌	袪械谐谢邪屑械薪褌懈褉芯胁邪薪薪褘泄袨褌褔械褌小褌邪褌懈褋褌懈泻邪肖芯褉屑邪袦袩屑褋褏	Reports/袪械谐谢邪屑械薪褌懈褉芯胁邪薪薪褘泄袨褌褔械褌小褌邪褌懈褋褌懈泻邪肖芯褉屑邪袦袩屑褋褏/Forms/肖芯褉屑邪袨褌褔械褌邪2013袣胁1/Ext/Form/Module.bsl	校蟹械谢.小褌褉芯泻懈
Reports	袨褌褔械褌	袪械谐谢邪屑械薪褌懈褉芯胁邪薪薪褘泄袨褌褔械褌小褌邪褌懈褋褌懈泻邪肖芯褉屑邪袦袩屑褋褏	Reports/袪械谐谢邪屑械薪褌懈褉芯胁邪薪薪褘泄袨褌褔械褌小褌邪褌懈褋褌懈泻邪肖芯褉屑邪袦袩屑褋褏/Forms/肖芯褉屑邪袨褌褔械褌邪2013袣胁1/Ext/Form/Module.bsl	肖芯褉屑邪.屑小褌褉褍泻褌褍褉邪袦薪芯谐芯褋褌褉芯褔薪褘褏袪邪蟹写械谢芯胁
Reports	袨褌褔械褌	袪械谐谢邪屑械薪褌懈褉芯胁邪薪薪褘泄袨褌褔械褌小褌邪褌懈褋褌懈泻邪肖芯褉屑邪袦袩屑褋褏	Reports/袪械谐谢邪屑械薪褌懈褉芯胁邪薪薪褘泄袨褌褔械褌小褌邪褌懈褋褌懈泻邪肖芯褉屑邪袦袩屑褋褏/Forms/肖芯褉屑邪袨褌褔械褌邪2013袣胁1/Ext/Form/Module.bsl	肖芯褉屑邪.屑孝邪斜谢懈褑邪小芯褋褌邪胁袩芯泻邪蟹邪褌械谢械泄
Reports	袨褌褔械褌	袪械谐谢邪屑械薪褌懈褉芯胁邪薪薪褘泄袨褌褔械褌小褌邪褌懈褋褌懈泻邪肖芯褉屑邪袦袩屑褋褏	Reports/袪械谐谢邪屑械薪褌懈褉芯胁邪薪薪褘泄袨褌褔械褌小褌邪褌懈褋褌懈泻邪肖芯褉屑邪袦袩屑褋褏/Forms/肖芯褉屑邪袨褌褔械褌邪2013袣胁1/Ext/Form/Module.bsl	协谢械屑械薪褌小褌褉褍泻褌褍褉褘.袟薪邪褔械薪懈械
Reports	袨褌褔械褌	袪械谐谢邪屑械薪褌懈褉芯胁邪薪薪褘泄袨褌褔械褌小褌邪褌懈褋褌懈泻邪肖芯褉屑邪袦袩屑褋褏	Reports/袪械谐谢邪屑械薪褌懈褉芯胁邪薪薪褘泄袨褌褔械褌小褌邪褌懈褋褌懈泻邪肖芯褉屑邪袦袩屑褋褏/Forms/肖芯褉屑邪袨褌褔械褌邪2013袣胁1/Ext/Form/Module.bsl	屑袛械褉械胁芯袙褘斜褉邪薪薪褘褏小褌褉邪薪懈褑.袩芯谢褍褔懈褌褜协谢械屑械薪褌褘
Reports	袨褌褔械褌	袪械谐谢邪屑械薪褌懈褉芯胁邪薪薪褘泄袨褌褔械褌小褌邪褌懈褋褌懈泻邪肖芯褉屑邪袦袩屑褋褏	Reports/袪械谐谢邪屑械薪褌懈褉芯胁邪薪薪褘泄袨褌褔械褌小褌邪褌懈褋褌懈泻邪肖芯褉屑邪袦袩屑褋褏/Forms/肖芯褉屑邪袨褌褔械褌邪2013袣胁1/Ext/Form/Module.bsl	屑小胁芯泄褋褌胁邪袪邪蟹写械谢芯胁袛械泻谢邪褉邪褑懈懈.袩芯谢褍褔懈褌褜协谢械屑械薪褌褘
Reports	袨褌褔械褌	袪械谐谢邪屑械薪褌懈褉芯胁邪薪薪褘泄袨褌褔械褌小褌邪褌懈褋褌懈泻邪肖芯褉屑邪袩1	Reports/袪械谐谢邪屑械薪褌懈褉芯胁邪薪薪褘泄袨褌褔械褌小褌邪褌懈褋褌懈泻邪肖芯褉屑邪袩1/Forms/肖芯褉屑邪袨褌褔械褌邪2010袣胁1/Ext/Form/Module.bsl	袦邪泻械褌小芯褋褌邪胁邪袩芯泻邪蟹邪褌械谢械泄.袨斜谢邪褋褌懈
Reports	袨褌褔械褌	袪械谐谢邪屑械薪褌懈褉芯胁邪薪薪褘泄袨褌褔械褌小褌邪褌懈褋褌懈泻邪肖芯褉屑邪袩1	Reports/袪械谐谢邪屑械薪褌懈褉芯胁邪薪薪褘泄袨褌褔械褌小褌邪褌懈褋褌懈泻邪肖芯褉屑邪袩1/Forms/肖芯褉屑邪袨褌褔械褌邪2010袣胁1/Ext/Form/Module.bsl	校蟹械谢.小褌褉芯泻懈
Reports	袨褌褔械褌	袪械谐谢邪屑械薪褌懈褉芯胁邪薪薪褘泄袨褌褔械褌小褌邪褌懈褋褌懈泻邪肖芯褉屑邪袩1	Reports/袪械谐谢邪屑械薪褌懈褉芯胁邪薪薪褘泄袨褌褔械褌小褌邪褌懈褋褌懈泻邪肖芯褉屑邪袩1/Forms/肖芯褉屑邪袨褌褔械褌邪2010袣胁1/Ext/Form/Module.bsl	肖芯褉屑邪.屑小褌褉褍泻褌褍褉邪袦薪芯谐芯褋褌褉芯褔薪褘褏袪邪蟹写械谢芯胁
Reports	袨褌褔械褌	袪械谐谢邪屑械薪褌懈褉芯胁邪薪薪褘泄袨褌褔械褌小褌邪褌懈褋褌懈泻邪肖芯褉屑邪袩1	Reports/袪械谐谢邪屑械薪褌懈褉芯胁邪薪薪褘泄袨褌褔械褌小褌邪褌懈褋褌懈泻邪肖芯褉屑邪袩1/Forms/肖芯褉屑邪袨褌褔械褌邪2010袣胁1/Ext/Form/Module.bsl	肖芯褉屑邪.屑孝邪斜谢懈褑邪小芯褋褌邪胁袩芯泻邪蟹邪褌械谢械泄
Reports	袨褌褔械褌	袪械谐谢邪屑械薪褌懈褉芯胁邪薪薪褘泄袨褌褔械褌小褌邪褌懈褋褌懈泻邪肖芯褉屑邪袩1	Reports/袪械谐谢邪屑械薪褌懈褉芯胁邪薪薪褘泄袨褌褔械褌小褌邪褌懈褋褌懈泻邪肖芯褉屑邪袩1/Forms/肖芯褉屑邪袨褌褔械褌邪2010袣胁1/Ext/Form/Module.bsl	协谢械屑械薪褌小褌褉褍泻褌褍褉褘.袟薪邪褔械薪懈械
Reports	袨褌褔械褌	袪械谐谢邪屑械薪褌懈褉芯胁邪薪薪褘泄袨褌褔械褌小褌邪褌懈褋褌懈泻邪肖芯褉屑邪袩1	Reports/袪械谐谢邪屑械薪褌懈褉芯胁邪薪薪褘泄袨褌褔械褌小褌邪褌懈褋褌懈泻邪肖芯褉屑邪袩1/Forms/肖芯褉屑邪袨褌褔械褌邪2014袣胁1/Ext/Form/Module.bsl	袦邪泻械褌小芯褋褌邪胁邪袩芯泻邪蟹邪褌械谢械泄.袨斜谢邪褋褌懈
Reports	袨褌褔械褌	袪械谐谢邪屑械薪褌懈褉芯胁邪薪薪褘泄袨褌褔械褌小褌邪褌懈褋褌懈泻邪肖芯褉屑邪袩1	Reports/袪械谐谢邪屑械薪褌懈褉芯胁邪薪薪褘泄袨褌褔械褌小褌邪褌懈褋褌懈泻邪肖芯褉屑邪袩1/Forms/肖芯褉屑邪袨褌褔械褌邪2014袣胁1/Ext/Form/Module.bsl	校蟹械谢.小褌褉芯泻懈
Reports	袨褌褔械褌	袪械谐谢邪屑械薪褌懈褉芯胁邪薪薪褘泄袨褌褔械褌小褌邪褌懈褋褌懈泻邪肖芯褉屑邪袩1	Reports/袪械谐谢邪屑械薪褌懈褉芯胁邪薪薪褘泄袨褌褔械褌小褌邪褌懈褋褌懈泻邪肖芯褉屑邪袩1/Forms/肖芯褉屑邪袨褌褔械褌邪2014袣胁1/Ext/Form/Module.bsl	肖芯褉屑邪.屑小褌褉褍泻褌褍褉邪袦薪芯谐芯褋褌褉芯褔薪褘褏袪邪蟹写械谢芯胁
Reports	袨褌褔械褌	袪械谐谢邪屑械薪褌懈褉芯胁邪薪薪褘泄袨褌褔械褌小褌邪褌懈褋褌懈泻邪肖芯褉屑邪袩1	Reports/袪械谐谢邪屑械薪褌懈褉芯胁邪薪薪褘泄袨褌褔械褌小褌邪褌懈褋褌懈泻邪肖芯褉屑邪袩1/Forms/肖芯褉屑邪袨褌褔械褌邪2014袣胁1/Ext/Form/Module.bsl	肖芯褉屑邪.屑孝邪斜谢懈褑邪小芯褋褌邪胁袩芯泻邪蟹邪褌械谢械泄
Reports	袨褌褔械褌	袪械谐谢邪屑械薪褌懈褉芯胁邪薪薪褘泄袨褌褔械褌小褌邪褌懈褋褌懈泻邪肖芯褉屑邪袩1	Reports/袪械谐谢邪屑械薪褌懈褉芯胁邪薪薪褘泄袨褌褔械褌小褌邪褌懈褋褌懈泻邪肖芯褉屑邪袩1/Forms/肖芯褉屑邪袨褌褔械褌邪2014袣胁1/Ext/Form/Module.bsl	协谢械屑械薪褌小褌褉褍泻褌褍褉褘.袟薪邪褔械薪懈械
Reports	袨褌褔械褌	袪械谐谢邪屑械薪褌懈褉芯胁邪薪薪褘泄袨褌褔械褌小褌邪褌懈褋褌懈泻邪肖芯褉屑邪袩1	Reports/袪械谐谢邪屑械薪褌懈褉芯胁邪薪薪褘泄袨褌褔械褌小褌邪褌懈褋褌懈泻邪肖芯褉屑邪袩1/Forms/肖芯褉屑邪袨褌褔械褌邪2015袣胁1/Ext/Form/Module.bsl	袦邪泻械褌小芯褋褌邪胁邪袩芯泻邪蟹邪褌械谢械泄.袨斜谢邪褋褌懈
Reports	袨褌褔械褌	袪械谐谢邪屑械薪褌懈褉芯胁邪薪薪褘泄袨褌褔械褌小褌邪褌懈褋褌懈泻邪肖芯褉屑邪袩1	Reports/袪械谐谢邪屑械薪褌懈褉芯胁邪薪薪褘泄袨褌褔械褌小褌邪褌懈褋褌懈泻邪肖芯褉屑邪袩1/Forms/肖芯褉屑邪袨褌褔械褌邪2015袣胁1/Ext/Form/Module.bsl	校蟹械谢.小褌褉芯泻懈
Reports	袨褌褔械褌	袪械谐谢邪屑械薪褌懈褉芯胁邪薪薪褘泄袨褌褔械褌小褌邪褌懈褋褌懈泻邪肖芯褉屑邪袩1	Reports/袪械谐谢邪屑械薪褌懈褉芯胁邪薪薪褘泄袨褌褔械褌小褌邪褌懈褋褌懈泻邪肖芯褉屑邪袩1/Forms/肖芯褉屑邪袨褌褔械褌邪2015袣胁1/Ext/Form/Module.bsl	肖芯褉屑邪.屑小褌褉褍泻褌褍褉邪袦薪芯谐芯褋褌褉芯褔薪褘褏袪邪蟹写械谢芯胁
Reports	袨褌褔械褌	袪械谐谢邪屑械薪褌懈褉芯胁邪薪薪褘泄袨褌褔械褌小褌邪褌懈褋褌懈泻邪肖芯褉屑邪袩1	Reports/袪械谐谢邪屑械薪褌懈褉芯胁邪薪薪褘泄袨褌褔械褌小褌邪褌懈褋褌懈泻邪肖芯褉屑邪袩1/Forms/肖芯褉屑邪袨褌褔械褌邪2015袣胁1/Ext/Form/Module.bsl	肖芯褉屑邪.屑孝邪斜谢懈褑邪小芯褋褌邪胁袩芯泻邪蟹邪褌械谢械泄
Reports	袨褌褔械褌	袪械谐谢邪屑械薪褌懈褉芯胁邪薪薪褘泄袨褌褔械褌小褌邪褌懈褋褌懈泻邪肖芯褉屑邪袩1	Reports/袪械谐谢邪屑械薪褌懈褉芯胁邪薪薪褘泄袨褌褔械褌小褌邪褌懈褋褌懈泻邪肖芯褉屑邪袩1/Forms/肖芯褉屑邪袨褌褔械褌邪2015袣胁1/Ext/Form/Module.bsl	协谢械屑械薪褌小褌褉褍泻褌褍褉褘.袟薪邪褔械薪懈械
Reports	袨褌褔械褌	袪械谐谢邪屑械薪褌懈褉芯胁邪薪薪褘泄袨褌褔械褌小褌邪褌懈褋褌懈泻邪肖芯褉屑邪袩1	Reports/袪械谐谢邪屑械薪褌懈褉芯胁邪薪薪褘泄袨褌褔械褌小褌邪褌懈褋褌懈泻邪肖芯褉屑邪袩1/Forms/肖芯褉屑邪袨褌褔械褌邪2016袣胁1/Ext/Form/Module.bsl	袦邪泻械褌小芯褋褌邪胁邪袩芯泻邪蟹邪褌械谢械泄.袨斜谢邪褋褌懈
Reports	袨褌褔械褌	袪械谐谢邪屑械薪褌懈褉芯胁邪薪薪褘泄袨褌褔械褌小褌邪褌懈褋褌懈泻邪肖芯褉屑邪袩1	Reports/袪械谐谢邪屑械薪褌懈褉芯胁邪薪薪褘泄袨褌褔械褌小褌邪褌懈褋褌懈泻邪肖芯褉屑邪袩1/Forms/肖芯褉屑邪袨褌褔械褌邪2016袣胁1/Ext/Form/Module.bsl	校蟹械谢.小褌褉芯泻懈
Reports	袨褌褔械褌	袪械谐谢邪屑械薪褌懈褉芯胁邪薪薪褘泄袨褌褔械褌小褌邪褌懈褋褌懈泻邪肖芯褉屑邪袩1	Reports/袪械谐谢邪屑械薪褌懈褉芯胁邪薪薪褘泄袨褌褔械褌小褌邪褌懈褋褌懈泻邪肖芯褉屑邪袩1/Forms/肖芯褉屑邪袨褌褔械褌邪2016袣胁1/Ext/Form/Module.bsl	肖芯褉屑邪.屑小褌褉褍泻褌褍褉邪袦薪芯谐芯褋褌褉芯褔薪褘褏袪邪蟹写械谢芯胁
Reports	袨褌褔械褌	袪械谐谢邪屑械薪褌懈褉芯胁邪薪薪褘泄袨褌褔械褌小褌邪褌懈褋褌懈泻邪肖芯褉屑邪袩1	Reports/袪械谐谢邪屑械薪褌懈褉芯胁邪薪薪褘泄袨褌褔械褌小褌邪褌懈褋褌懈泻邪肖芯褉屑邪袩1/Forms/肖芯褉屑邪袨褌褔械褌邪2016袣胁1/Ext/Form/Module.bsl	肖芯褉屑邪.屑孝邪斜谢懈褑邪小芯褋褌邪胁袩芯泻邪蟹邪褌械谢械泄
Reports	袨褌褔械褌	袪械谐谢邪屑械薪褌懈褉芯胁邪薪薪褘泄袨褌褔械褌小褌邪褌懈褋褌懈泻邪肖芯褉屑邪袩1	Reports/袪械谐谢邪屑械薪褌懈褉芯胁邪薪薪褘泄袨褌褔械褌小褌邪褌懈褋褌懈泻邪肖芯褉屑邪袩1/Forms/肖芯褉屑邪袨褌褔械褌邪2016袣胁1/Ext/Form/Module.bsl	协谢械屑械薪褌小褌褉褍泻褌褍褉褘.袟薪邪褔械薪懈械
Reports	袨褌褔械褌	袪械谐谢邪屑械薪褌懈褉芯胁邪薪薪褘泄袨褌褔械褌小褌邪褌懈褋褌懈泻邪肖芯褉屑邪袩1	Reports/袪械谐谢邪屑械薪褌懈褉芯胁邪薪薪褘泄袨褌褔械褌小褌邪褌懈褋褌懈泻邪肖芯褉屑邪袩1/Forms/肖芯褉屑邪袨褌褔械褌邪2017袣胁1/Ext/Form/Module.bsl	袦邪泻械褌小芯褋褌邪胁邪袩芯泻邪蟹邪褌械谢械泄.袨斜谢邪褋褌懈
Reports	袨褌褔械褌	袪械谐谢邪屑械薪褌懈褉芯胁邪薪薪褘泄袨褌褔械褌小褌邪褌懈褋褌懈泻邪肖芯褉屑邪袩1	Reports/袪械谐谢邪屑械薪褌懈褉芯胁邪薪薪褘泄袨褌褔械褌小褌邪褌懈褋褌懈泻邪肖芯褉屑邪袩1/Forms/肖芯褉屑邪袨褌褔械褌邪2017袣胁1/Ext/Form/Module.bsl	校蟹械谢.小褌褉芯泻懈
Reports	袨褌褔械褌	袪械谐谢邪屑械薪褌懈褉芯胁邪薪薪褘泄袨褌褔械褌小褌邪褌懈褋褌懈泻邪肖芯褉屑邪袩1	Reports/袪械谐谢邪屑械薪褌懈褉芯胁邪薪薪褘泄袨褌褔械褌小褌邪褌懈褋褌懈泻邪肖芯褉屑邪袩1/Forms/肖芯褉屑邪袨褌褔械褌邪2017袣胁1/Ext/Form/Module.bsl	肖芯褉屑邪.屑小褌褉褍泻褌褍褉邪袦薪芯谐芯褋褌褉芯褔薪褘褏袪邪蟹写械谢芯胁
Reports	袨褌褔械褌	袪械谐谢邪屑械薪褌懈褉芯胁邪薪薪褘泄袨褌褔械褌小褌邪褌懈褋褌懈泻邪肖芯褉屑邪袩1	Reports/袪械谐谢邪屑械薪褌懈褉芯胁邪薪薪褘泄袨褌褔械褌小褌邪褌懈褋褌懈泻邪肖芯褉屑邪袩1/Forms/肖芯褉屑邪袨褌褔械褌邪2017袣胁1/Ext/Form/Module.bsl	肖芯褉屑邪.屑孝邪斜谢懈褑邪小芯褋褌邪胁袩芯泻邪蟹邪褌械谢械泄
Reports	袨褌褔械褌	袪械谐谢邪屑械薪褌懈褉芯胁邪薪薪褘泄袨褌褔械褌小褌邪褌懈褋褌懈泻邪肖芯褉屑邪袩1	Reports/袪械谐谢邪屑械薪褌懈褉芯胁邪薪薪褘泄袨褌褔械褌小褌邪褌懈褋褌懈泻邪肖芯褉屑邪袩1/Forms/肖芯褉屑邪袨褌褔械褌邪2017袣胁1/Ext/Form/Module.bsl	协谢械屑械薪褌小褌褉褍泻褌褍褉褘.袟薪邪褔械薪懈械
Reports	袨褌褔械褌	袪械谐谢邪屑械薪褌懈褉芯胁邪薪薪褘泄袨褌褔械褌小褌邪褌懈褋褌懈泻邪肖芯褉屑邪袩1	Reports/袪械谐谢邪屑械薪褌懈褉芯胁邪薪薪褘泄袨褌褔械褌小褌邪褌懈褋褌懈泻邪肖芯褉屑邪袩1/Forms/肖芯褉屑邪袨褌褔械褌邪2018袣胁1/Ext/Form/Module.bsl	袦邪泻械褌小芯褋褌邪胁邪袩芯泻邪蟹邪褌械谢械泄.袨斜谢邪褋褌懈
Reports	袨褌褔械褌	袪械谐谢邪屑械薪褌懈褉芯胁邪薪薪褘泄袨褌褔械褌小褌邪褌懈褋褌懈泻邪肖芯褉屑邪袩1	Reports/袪械谐谢邪屑械薪褌懈褉芯胁邪薪薪褘泄袨褌褔械褌小褌邪褌懈褋褌懈泻邪肖芯褉屑邪袩1/Forms/肖芯褉屑邪袨褌褔械褌邪2018袣胁1/Ext/Form/Module.bsl	校蟹械谢.小褌褉芯泻懈
Reports	袨褌褔械褌	袪械谐谢邪屑械薪褌懈褉芯胁邪薪薪褘泄袨褌褔械褌小褌邪褌懈褋褌懈泻邪肖芯褉屑邪袩1	Reports/袪械谐谢邪屑械薪褌懈褉芯胁邪薪薪褘泄袨褌褔械褌小褌邪褌懈褋褌懈泻邪肖芯褉屑邪袩1/Forms/肖芯褉屑邪袨褌褔械褌邪2018袣胁1/Ext/Form/Module.bsl	肖芯褉屑邪.屑小褌褉褍泻褌褍褉邪袦薪芯谐芯褋褌褉芯褔薪褘褏袪邪蟹写械谢芯胁
Reports	袨褌褔械褌	袪械谐谢邪屑械薪褌懈褉芯胁邪薪薪褘泄袨褌褔械褌小褌邪褌懈褋褌懈泻邪肖芯褉屑邪袩1	Reports/袪械谐谢邪屑械薪褌懈褉芯胁邪薪薪褘泄袨褌褔械褌小褌邪褌懈褋褌懈泻邪肖芯褉屑邪袩1/Forms/肖芯褉屑邪袨褌褔械褌邪2018袣胁1/Ext/Form/Module.bsl	肖芯褉屑邪.屑孝邪斜谢懈褑邪小芯褋褌邪胁袩芯泻邪蟹邪褌械谢械泄
Reports	袨褌褔械褌	袪械谐谢邪屑械薪褌懈褉芯胁邪薪薪褘泄袨褌褔械褌小褌邪褌懈褋褌懈泻邪肖芯褉屑邪袩1	Reports/袪械谐谢邪屑械薪褌懈褉芯胁邪薪薪褘泄袨褌褔械褌小褌邪褌懈褋褌懈泻邪肖芯褉屑邪袩1/Forms/肖芯褉屑邪袨褌褔械褌邪2018袣胁1/Ext/Form/Module.bsl	协谢械屑械薪褌小褌褉褍泻褌褍褉褘.袟薪邪褔械薪懈械
Reports	袨褌褔械褌	袪械谐谢邪屑械薪褌懈褉芯胁邪薪薪褘泄袨褌褔械褌小褌邪褌懈褋褌懈泻邪肖芯褉屑邪袩1	Reports/袪械谐谢邪屑械薪褌懈褉芯胁邪薪薪褘泄袨褌褔械褌小褌邪褌懈褋褌懈泻邪肖芯褉屑邪袩1/Forms/肖芯褉屑邪袨褌褔械褌邪2019袣胁1/Ext/Form/Module.bsl	袦邪泻械褌小芯褋褌邪胁邪袩芯泻邪蟹邪褌械谢械泄.袨斜谢邪褋褌懈
Reports	袨褌褔械褌	袪械谐谢邪屑械薪褌懈褉芯胁邪薪薪褘泄袨褌褔械褌小褌邪褌懈褋褌懈泻邪肖芯褉屑邪袩1	Reports/袪械谐谢邪屑械薪褌懈褉芯胁邪薪薪褘泄袨褌褔械褌小褌邪褌懈褋褌懈泻邪肖芯褉屑邪袩1/Forms/肖芯褉屑邪袨褌褔械褌邪2019袣胁1/Ext/Form/Module.bsl	校蟹械谢.小褌褉芯泻懈
Reports	袨褌褔械褌	袪械谐谢邪屑械薪褌懈褉芯胁邪薪薪褘泄袨褌褔械褌小褌邪褌懈褋褌懈泻邪肖芯褉屑邪袩1	Reports/袪械谐谢邪屑械薪褌懈褉芯胁邪薪薪褘泄袨褌褔械褌小褌邪褌懈褋褌懈泻邪肖芯褉屑邪袩1/Forms/肖芯褉屑邪袨褌褔械褌邪2019袣胁1/Ext/Form/Module.bsl	肖芯褉屑邪.屑小褌褉褍泻褌褍褉邪袦薪芯谐芯褋褌褉芯褔薪褘褏袪邪蟹写械谢芯胁
Reports	袨褌褔械褌	袪械谐谢邪屑械薪褌懈褉芯胁邪薪薪褘泄袨褌褔械褌小褌邪褌懈褋褌懈泻邪肖芯褉屑邪袩1	Reports/袪械谐谢邪屑械薪褌懈褉芯胁邪薪薪褘泄袨褌褔械褌小褌邪褌懈褋褌懈泻邪肖芯褉屑邪袩1/Forms/肖芯褉屑邪袨褌褔械褌邪2019袣胁1/Ext/Form/Module.bsl	肖芯褉屑邪.屑孝邪斜谢懈褑邪小芯褋褌邪胁袩芯泻邪蟹邪褌械谢械泄
Reports	袨褌褔械褌	袪械谐谢邪屑械薪褌懈褉芯胁邪薪薪褘泄袨褌褔械褌小褌邪褌懈褋褌懈泻邪肖芯褉屑邪袩1	Reports/袪械谐谢邪屑械薪褌懈褉芯胁邪薪薪褘泄袨褌褔械褌小褌邪褌懈褋褌懈泻邪肖芯褉屑邪袩1/Forms/肖芯褉屑邪袨褌褔械褌邪2019袣胁1/Ext/Form/Module.bsl	协谢械屑械薪褌小褌褉褍泻褌褍褉褘.袟薪邪褔械薪懈械
Reports	袨褌褔械褌	袪械谐谢邪屑械薪褌懈褉芯胁邪薪薪褘泄袨褌褔械褌小褌邪褌懈褋褌懈泻邪肖芯褉屑邪袩1	Reports/袪械谐谢邪屑械薪褌懈褉芯胁邪薪薪褘泄袨褌褔械褌小褌邪褌懈褋褌懈泻邪肖芯褉屑邪袩1/Forms/肖芯褉屑邪袨褌褔械褌邪2020袣胁1/Ext/Form/Module.bsl	袦邪泻械褌小芯褋褌邪胁邪袩芯泻邪蟹邪褌械谢械泄.袨斜谢邪褋褌懈
Reports	袨褌褔械褌	袪械谐谢邪屑械薪褌懈褉芯胁邪薪薪褘泄袨褌褔械褌小褌邪褌懈褋褌懈泻邪肖芯褉屑邪袩1	Reports/袪械谐谢邪屑械薪褌懈褉芯胁邪薪薪褘泄袨褌褔械褌小褌邪褌懈褋褌懈泻邪肖芯褉屑邪袩1/Forms/肖芯褉屑邪袨褌褔械褌邪2020袣胁1/Ext/Form/Module.bsl	校蟹械谢.小褌褉芯泻懈
Reports	袨褌褔械褌	袪械谐谢邪屑械薪褌懈褉芯胁邪薪薪褘泄袨褌褔械褌小褌邪褌懈褋褌懈泻邪肖芯褉屑邪袩1	Reports/袪械谐谢邪屑械薪褌懈褉芯胁邪薪薪褘泄袨褌褔械褌小褌邪褌懈褋褌懈泻邪肖芯褉屑邪袩1/Forms/肖芯褉屑邪袨褌褔械褌邪2020袣胁1/Ext/Form/Module.bsl	肖芯褉屑邪.屑小褌褉褍泻褌褍褉邪袦薪芯谐芯褋褌褉芯褔薪褘褏袪邪蟹写械谢芯胁
Reports	袨褌褔械褌	袪械谐谢邪屑械薪褌懈褉芯胁邪薪薪褘泄袨褌褔械褌小褌邪褌懈褋褌懈泻邪肖芯褉屑邪袩1	Reports/袪械谐谢邪屑械薪褌懈褉芯胁邪薪薪褘泄袨褌褔械褌小褌邪褌懈褋褌懈泻邪肖芯褉屑邪袩1/Forms/肖芯褉屑邪袨褌褔械褌邪2020袣胁1/Ext/Form/Module.bsl	肖芯褉屑邪.屑孝邪斜谢懈褑邪小芯褋褌邪胁袩芯泻邪蟹邪褌械谢械泄
Reports	袨褌褔械褌	袪械谐谢邪屑械薪褌懈褉芯胁邪薪薪褘泄袨褌褔械褌小褌邪褌懈褋褌懈泻邪肖芯褉屑邪袩1	Reports/袪械谐谢邪屑械薪褌懈褉芯胁邪薪薪褘泄袨褌褔械褌小褌邪褌懈褋褌懈泻邪肖芯褉屑邪袩1/Forms/肖芯褉屑邪袨褌褔械褌邪2020袣胁1/Ext/Form/Module.bsl	协谢械屑械薪褌小褌褉褍泻褌褍褉褘.袟薪邪褔械薪懈械
Reports	袨褌褔械褌	袪械谐谢邪屑械薪褌懈褉芯胁邪薪薪褘泄袨褌褔械褌小褌邪褌懈褋褌懈泻邪肖芯褉屑邪袩1	Reports/袪械谐谢邪屑械薪褌懈褉芯胁邪薪薪褘泄袨褌褔械褌小褌邪褌懈褋褌懈泻邪肖芯褉屑邪袩1/Forms/肖芯褉屑邪袨褌褔械褌邪2021袣胁1/Ext/Form/Module.bsl	袦邪泻械褌小芯褋褌邪胁邪袩芯泻邪蟹邪褌械谢械泄.袨斜谢邪褋褌懈
Reports	袨褌褔械褌	袪械谐谢邪屑械薪褌懈褉芯胁邪薪薪褘泄袨褌褔械褌小褌邪褌懈褋褌懈泻邪肖芯褉屑邪袩1	Reports/袪械谐谢邪屑械薪褌懈褉芯胁邪薪薪褘泄袨褌褔械褌小褌邪褌懈褋褌懈泻邪肖芯褉屑邪袩1/Forms/肖芯褉屑邪袨褌褔械褌邪2021袣胁1/Ext/Form/Module.bsl	校蟹械谢.小褌褉芯泻懈
Reports	袨褌褔械褌	袪械谐谢邪屑械薪褌懈褉芯胁邪薪薪褘泄袨褌褔械褌小褌邪褌懈褋褌懈泻邪肖芯褉屑邪袩1	Reports/袪械谐谢邪屑械薪褌懈褉芯胁邪薪薪褘泄袨褌褔械褌小褌邪褌懈褋褌懈泻邪肖芯褉屑邪袩1/Forms/肖芯褉屑邪袨褌褔械褌邪2021袣胁1/Ext/Form/Module.bsl	肖芯褉屑邪.屑小褌褉褍泻褌褍褉邪袦薪芯谐芯褋褌褉芯褔薪褘褏袪邪蟹写械谢芯胁
Reports	袨褌褔械褌	袪械谐谢邪屑械薪褌懈褉芯胁邪薪薪褘泄袨褌褔械褌小褌邪褌懈褋褌懈泻邪肖芯褉屑邪袩1	Reports/袪械谐谢邪屑械薪褌懈褉芯胁邪薪薪褘泄袨褌褔械褌小褌邪褌懈褋褌懈泻邪肖芯褉屑邪袩1/Forms/肖芯褉屑邪袨褌褔械褌邪2021袣胁1/Ext/Form/Module.bsl	肖芯褉屑邪.屑孝邪斜谢懈褑邪小芯褋褌邪胁袩芯泻邪蟹邪褌械谢械泄
Reports	袨褌褔械褌	袪械谐谢邪屑械薪褌懈褉芯胁邪薪薪褘泄袨褌褔械褌小褌邪褌懈褋褌懈泻邪肖芯褉屑邪袩1	Reports/袪械谐谢邪屑械薪褌懈褉芯胁邪薪薪褘泄袨褌褔械褌小褌邪褌懈褋褌懈泻邪肖芯褉屑邪袩1/Forms/肖芯褉屑邪袨褌褔械褌邪2021袣胁1/Ext/Form/Module.bsl	协谢械屑械薪褌小褌褉褍泻褌褍褉褘.袟薪邪褔械薪懈械
Reports	袨褌褔械褌	袪械谐谢邪屑械薪褌懈褉芯胁邪薪薪褘泄袨褌褔械褌小褌邪褌懈褋褌懈泻邪肖芯褉屑邪袩1	Reports/袪械谐谢邪屑械薪褌懈褉芯胁邪薪薪褘泄袨褌褔械褌小褌邪褌懈褋褌懈泻邪肖芯褉屑邪袩1/Forms/肖芯褉屑邪袨褌褔械褌邪2022袣胁1/Ext/Form/Module.bsl	袦邪泻械褌小芯褋褌邪胁邪袩芯泻邪蟹邪褌械谢械泄.袨斜谢邪褋褌懈
Reports	袨褌褔械褌	袪械谐谢邪屑械薪褌懈褉芯胁邪薪薪褘泄袨褌褔械褌小褌邪褌懈褋褌懈泻邪肖芯褉屑邪袩1	Reports/袪械谐谢邪屑械薪褌懈褉芯胁邪薪薪褘泄袨褌褔械褌小褌邪褌懈褋褌懈泻邪肖芯褉屑邪袩1/Forms/肖芯褉屑邪袨褌褔械褌邪2022袣胁1/Ext/Form/Module.bsl	校蟹械谢.小褌褉芯泻懈
Reports	袨褌褔械褌	袪械谐谢邪屑械薪褌懈褉芯胁邪薪薪褘泄袨褌褔械褌小褌邪褌懈褋褌懈泻邪肖芯褉屑邪袩1	Reports/袪械谐谢邪屑械薪褌懈褉芯胁邪薪薪褘泄袨褌褔械褌小褌邪褌懈褋褌懈泻邪肖芯褉屑邪袩1/Forms/肖芯褉屑邪袨褌褔械褌邪2022袣胁1/Ext/Form/Module.bsl	肖芯褉屑邪.屑小褌褉褍泻褌褍褉邪袦薪芯谐芯褋褌褉芯褔薪褘褏袪邪蟹写械谢芯胁
Reports	袨褌褔械褌	袪械谐谢邪屑械薪褌懈褉芯胁邪薪薪褘泄袨褌褔械褌小褌邪褌懈褋褌懈泻邪肖芯褉屑邪袩1	Reports/袪械谐谢邪屑械薪褌懈褉芯胁邪薪薪褘泄袨褌褔械褌小褌邪褌懈褋褌懈泻邪肖芯褉屑邪袩1/Forms/肖芯褉屑邪袨褌褔械褌邪2022袣胁1/Ext/Form/Module.bsl	肖芯褉屑邪.屑孝邪斜谢懈褑邪小芯褋褌邪胁袩芯泻邪蟹邪褌械谢械泄
Reports	袨褌褔械褌	袪械谐谢邪屑械薪褌懈褉芯胁邪薪薪褘泄袨褌褔械褌小褌邪褌懈褋褌懈泻邪肖芯褉屑邪袩1	Reports/袪械谐谢邪屑械薪褌懈褉芯胁邪薪薪褘泄袨褌褔械褌小褌邪褌懈褋褌懈泻邪肖芯褉屑邪袩1/Forms/肖芯褉屑邪袨褌褔械褌邪2022袣胁1/Ext/Form/Module.bsl	协谢械屑械薪褌小褌褉褍泻褌褍褉褘.袟薪邪褔械薪懈械
Reports	袨褌褔械褌	袪械谐谢邪屑械薪褌懈褉芯胁邪薪薪褘泄袨褌褔械褌小褌邪褌懈褋褌懈泻邪肖芯褉屑邪袩2	Reports/袪械谐谢邪屑械薪褌懈褉芯胁邪薪薪褘泄袨褌褔械褌小褌邪褌懈褋褌懈泻邪肖芯褉屑邪袩2/Forms/肖芯褉屑邪袨褌褔械褌邪2014袣胁1/Ext/Form/Module.bsl	袥懈褋褌.袨斜谢邪褋褌懈
Reports	袨褌褔械褌	袪械谐谢邪屑械薪褌懈褉芯胁邪薪薪褘泄袨褌褔械褌小褌邪褌懈褋褌懈泻邪肖芯褉屑邪袩2	Reports/袪械谐谢邪屑械薪褌懈褉芯胁邪薪薪褘泄袨褌褔械褌小褌邪褌懈褋褌懈泻邪肖芯褉屑邪袩2/Forms/肖芯褉屑邪袨褌褔械褌邪2014袣胁1/Ext/Form/Module.bsl	袦邪泻械褌小芯褋褌邪胁邪袩芯泻邪蟹邪褌械谢械泄.袨斜谢邪褋褌懈
Reports	袨褌褔械褌	袪械谐谢邪屑械薪褌懈褉芯胁邪薪薪褘泄袨褌褔械褌小褌邪褌懈褋褌懈泻邪肖芯褉屑邪袩2	Reports/袪械谐谢邪屑械薪褌懈褉芯胁邪薪薪褘泄袨褌褔械褌小褌邪褌懈褋褌懈泻邪肖芯褉屑邪袩2/Forms/肖芯褉屑邪袨褌褔械褌邪2014袣胁1/Ext/Form/Module.bsl	袨斜谢邪褋褌褜袛芯锌小褌褉芯泻懈.袨斜谢邪褋褌懈
Reports	袨褌褔械褌	袪械谐谢邪屑械薪褌懈褉芯胁邪薪薪褘泄袨褌褔械褌小褌邪褌懈褋褌懈泻邪肖芯褉屑邪袩2	Reports/袪械谐谢邪屑械薪褌懈褉芯胁邪薪薪褘泄袨褌褔械褌小褌邪褌懈褋褌懈泻邪肖芯褉屑邪袩2/Forms/肖芯褉屑邪袨褌褔械褌邪2014袣胁1/Ext/Form/Module.bsl	校蟹械谢.小褌褉芯泻懈
Reports	袨褌褔械褌	袪械谐谢邪屑械薪褌懈褉芯胁邪薪薪褘泄袨褌褔械褌小褌邪褌懈褋褌懈泻邪肖芯褉屑邪袩2	Reports/袪械谐谢邪屑械薪褌懈褉芯胁邪薪薪褘泄袨褌褔械褌小褌邪褌懈褋褌懈泻邪肖芯褉屑邪袩2/Forms/肖芯褉屑邪袨褌褔械褌邪2014袣胁1/Ext/Form/Module.bsl	肖芯褉屑邪.屑小褌褉褍泻褌褍褉邪袦薪芯谐芯褋褌褉芯褔薪褘褏袪邪蟹写械谢芯胁
Reports	袨褌褔械褌	袪械谐谢邪屑械薪褌懈褉芯胁邪薪薪褘泄袨褌褔械褌小褌邪褌懈褋褌懈泻邪肖芯褉屑邪袩2	Reports/袪械谐谢邪屑械薪褌懈褉芯胁邪薪薪褘泄袨褌褔械褌小褌邪褌懈褋褌懈泻邪肖芯褉屑邪袩2/Forms/肖芯褉屑邪袨褌褔械褌邪2014袣胁1/Ext/Form/Module.bsl	肖芯褉屑邪.屑孝邪斜谢懈褑邪小芯褋褌邪胁袩芯泻邪蟹邪褌械谢械泄
Reports	袨褌褔械褌	袪械谐谢邪屑械薪褌懈褉芯胁邪薪薪褘泄袨褌褔械褌小褌邪褌懈褋褌懈泻邪肖芯褉屑邪袩2	Reports/袪械谐谢邪屑械薪褌懈褉芯胁邪薪薪褘泄袨褌褔械褌小褌邪褌懈褋褌懈泻邪肖芯褉屑邪袩2/Forms/肖芯褉屑邪袨褌褔械褌邪2014袣胁1/Ext/Form/Module.bsl	协谢械屑械薪褌小褌褉褍泻褌褍褉褘.袟薪邪褔械薪懈械
Reports	袨褌褔械褌	袪械谐谢邪屑械薪褌懈褉芯胁邪薪薪褘泄袨褌褔械褌小褌邪褌懈褋褌懈泻邪肖芯褉屑邪袩2	Reports/袪械谐谢邪屑械薪褌懈褉芯胁邪薪薪褘泄袨褌褔械褌小褌邪褌懈褋褌懈泻邪肖芯褉屑邪袩2/Forms/肖芯褉屑邪袨褌褔械褌邪2015袣胁1/Ext/Form/Module.bsl	袥懈褋褌.袨斜谢邪褋褌懈
Reports	袨褌褔械褌	袪械谐谢邪屑械薪褌懈褉芯胁邪薪薪褘泄袨褌褔械褌小褌邪褌懈褋褌懈泻邪肖芯褉屑邪袩2	Reports/袪械谐谢邪屑械薪褌懈褉芯胁邪薪薪褘泄袨褌褔械褌小褌邪褌懈褋褌懈泻邪肖芯褉屑邪袩2/Forms/肖芯褉屑邪袨褌褔械褌邪2015袣胁1/Ext/Form/Module.bsl	袦邪泻械褌小芯褋褌邪胁邪袩芯泻邪蟹邪褌械谢械泄.袨斜谢邪褋褌懈
Reports	袨褌褔械褌	袪械谐谢邪屑械薪褌懈褉芯胁邪薪薪褘泄袨褌褔械褌小褌邪褌懈褋褌懈泻邪肖芯褉屑邪袩2	Reports/袪械谐谢邪屑械薪褌懈褉芯胁邪薪薪褘泄袨褌褔械褌小褌邪褌懈褋褌懈泻邪肖芯褉屑邪袩2/Forms/肖芯褉屑邪袨褌褔械褌邪2015袣胁1/Ext/Form/Module.bsl	袨斜谢邪褋褌褜袛芯锌小褌褉芯泻懈.袨斜谢邪褋褌懈
Reports	袨褌褔械褌	袪械谐谢邪屑械薪褌懈褉芯胁邪薪薪褘泄袨褌褔械褌小褌邪褌懈褋褌懈泻邪肖芯褉屑邪袩2	Reports/袪械谐谢邪屑械薪褌懈褉芯胁邪薪薪褘泄袨褌褔械褌小褌邪褌懈褋褌懈泻邪肖芯褉屑邪袩2/Forms/肖芯褉屑邪袨褌褔械褌邪2015袣胁1/Ext/Form/Module.bsl	校蟹械谢.小褌褉芯泻懈
Reports	袨褌褔械褌	袪械谐谢邪屑械薪褌懈褉芯胁邪薪薪褘泄袨褌褔械褌小褌邪褌懈褋褌懈泻邪肖芯褉屑邪袩2	Reports/袪械谐谢邪屑械薪褌懈褉芯胁邪薪薪褘泄袨褌褔械褌小褌邪褌懈褋褌懈泻邪肖芯褉屑邪袩2/Forms/肖芯褉屑邪袨褌褔械褌邪2015袣胁1/Ext/Form/Module.bsl	肖芯褉屑邪.屑小褌褉褍泻褌褍褉邪袦薪芯谐芯褋褌褉芯褔薪褘褏袪邪蟹写械谢芯胁
Reports	袨褌褔械褌	袪械谐谢邪屑械薪褌懈褉芯胁邪薪薪褘泄袨褌褔械褌小褌邪褌懈褋褌懈泻邪肖芯褉屑邪袩2	Reports/袪械谐谢邪屑械薪褌懈褉芯胁邪薪薪褘泄袨褌褔械褌小褌邪褌懈褋褌懈泻邪肖芯褉屑邪袩2/Forms/肖芯褉屑邪袨褌褔械褌邪2015袣胁1/Ext/Form/Module.bsl	肖芯褉屑邪.屑孝邪斜谢懈褑邪小芯褋褌邪胁袩芯泻邪蟹邪褌械谢械泄
Reports	袨褌褔械褌	袪械谐谢邪屑械薪褌懈褉芯胁邪薪薪褘泄袨褌褔械褌小褌邪褌懈褋褌懈泻邪肖芯褉屑邪袩2	Reports/袪械谐谢邪屑械薪褌懈褉芯胁邪薪薪褘泄袨褌褔械褌小褌邪褌懈褋褌懈泻邪肖芯褉屑邪袩2/Forms/肖芯褉屑邪袨褌褔械褌邪2015袣胁1/Ext/Form/Module.bsl	协谢械屑械薪褌小褌褉褍泻褌褍褉褘.袟薪邪褔械薪懈械
Reports	袨褌褔械褌	袪械谐谢邪屑械薪褌懈褉芯胁邪薪薪褘泄袨褌褔械褌小褌邪褌懈褋褌懈泻邪肖芯褉屑邪袩2	Reports/袪械谐谢邪屑械薪褌懈褉芯胁邪薪薪褘泄袨褌褔械褌小褌邪褌懈褋褌懈泻邪肖芯褉屑邪袩2/Forms/肖芯褉屑邪袨褌褔械褌邪2016袣胁1/Ext/Form/Module.bsl	袥懈褋褌.袨斜谢邪褋褌懈
Reports	袨褌褔械褌	袪械谐谢邪屑械薪褌懈褉芯胁邪薪薪褘泄袨褌褔械褌小褌邪褌懈褋褌懈泻邪肖芯褉屑邪袩2	Reports/袪械谐谢邪屑械薪褌懈褉芯胁邪薪薪褘泄袨褌褔械褌小褌邪褌懈褋褌懈泻邪肖芯褉屑邪袩2/Forms/肖芯褉屑邪袨褌褔械褌邪2016袣胁1/Ext/Form/Module.bsl	袦邪泻械褌小芯褋褌邪胁邪袩芯泻邪蟹邪褌械谢械泄.袨斜谢邪褋褌懈
Reports	袨褌褔械褌	袪械谐谢邪屑械薪褌懈褉芯胁邪薪薪褘泄袨褌褔械褌小褌邪褌懈褋褌懈泻邪肖芯褉屑邪袩2	Reports/袪械谐谢邪屑械薪褌懈褉芯胁邪薪薪褘泄袨褌褔械褌小褌邪褌懈褋褌懈泻邪肖芯褉屑邪袩2/Forms/肖芯褉屑邪袨褌褔械褌邪2016袣胁1/Ext/Form/Module.bsl	袨斜谢邪褋褌褜袛芯锌小褌褉芯泻懈.袨斜谢邪褋褌懈
Reports	袨褌褔械褌	袪械谐谢邪屑械薪褌懈褉芯胁邪薪薪褘泄袨褌褔械褌小褌邪褌懈褋褌懈泻邪肖芯褉屑邪袩2	Reports/袪械谐谢邪屑械薪褌懈褉芯胁邪薪薪褘泄袨褌褔械褌小褌邪褌懈褋褌懈泻邪肖芯褉屑邪袩2/Forms/肖芯褉屑邪袨褌褔械褌邪2016袣胁1/Ext/Form/Module.bsl	校蟹械谢.小褌褉芯泻懈
Reports	袨褌褔械褌	袪械谐谢邪屑械薪褌懈褉芯胁邪薪薪褘泄袨褌褔械褌小褌邪褌懈褋褌懈泻邪肖芯褉屑邪袩2	Reports/袪械谐谢邪屑械薪褌懈褉芯胁邪薪薪褘泄袨褌褔械褌小褌邪褌懈褋褌懈泻邪肖芯褉屑邪袩2/Forms/肖芯褉屑邪袨褌褔械褌邪2016袣胁1/Ext/Form/Module.bsl	肖芯褉屑邪.屑小褌褉褍泻褌褍褉邪袦薪芯谐芯褋褌褉芯褔薪褘褏袪邪蟹写械谢芯胁
Reports	袨褌褔械褌	袪械谐谢邪屑械薪褌懈褉芯胁邪薪薪褘泄袨褌褔械褌小褌邪褌懈褋褌懈泻邪肖芯褉屑邪袩2	Reports/袪械谐谢邪屑械薪褌懈褉芯胁邪薪薪褘泄袨褌褔械褌小褌邪褌懈褋褌懈泻邪肖芯褉屑邪袩2/Forms/肖芯褉屑邪袨褌褔械褌邪2016袣胁1/Ext/Form/Module.bsl	肖芯褉屑邪.屑孝邪斜谢懈褑邪小芯褋褌邪胁袩芯泻邪蟹邪褌械谢械泄
Reports	袨褌褔械褌	袪械谐谢邪屑械薪褌懈褉芯胁邪薪薪褘泄袨褌褔械褌小褌邪褌懈褋褌懈泻邪肖芯褉屑邪袩2	Reports/袪械谐谢邪屑械薪褌懈褉芯胁邪薪薪褘泄袨褌褔械褌小褌邪褌懈褋褌懈泻邪肖芯褉屑邪袩2/Forms/肖芯褉屑邪袨褌褔械褌邪2016袣胁1/Ext/Form/Module.bsl	协谢械屑械薪褌小褌褉褍泻褌褍褉褘.袟薪邪褔械薪懈械
Reports	袨褌褔械褌	袪械谐谢邪屑械薪褌懈褉芯胁邪薪薪褘泄袨褌褔械褌小褌邪褌懈褋褌懈泻邪肖芯褉屑邪袩2	Reports/袪械谐谢邪屑械薪褌懈褉芯胁邪薪薪褘泄袨褌褔械褌小褌邪褌懈褋褌懈泻邪肖芯褉屑邪袩2/Forms/肖芯褉屑邪袨褌褔械褌邪2017袣胁1/Ext/Form/Module.bsl	袥懈褋褌.袨斜谢邪褋褌懈
Reports	袨褌褔械褌	袪械谐谢邪屑械薪褌懈褉芯胁邪薪薪褘泄袨褌褔械褌小褌邪褌懈褋褌懈泻邪肖芯褉屑邪袩2	Reports/袪械谐谢邪屑械薪褌懈褉芯胁邪薪薪褘泄袨褌褔械褌小褌邪褌懈褋褌懈泻邪肖芯褉屑邪袩2/Forms/肖芯褉屑邪袨褌褔械褌邪2017袣胁1/Ext/Form/Module.bsl	袦邪泻械褌小芯褋褌邪胁邪袩芯泻邪蟹邪褌械谢械泄.袨斜谢邪褋褌懈
Reports	袨褌褔械褌	袪械谐谢邪屑械薪褌懈褉芯胁邪薪薪褘泄袨褌褔械褌小褌邪褌懈褋褌懈泻邪肖芯褉屑邪袩2	Reports/袪械谐谢邪屑械薪褌懈褉芯胁邪薪薪褘泄袨褌褔械褌小褌邪褌懈褋褌懈泻邪肖芯褉屑邪袩2/Forms/肖芯褉屑邪袨褌褔械褌邪2017袣胁1/Ext/Form/Module.bsl	袨斜谢邪褋褌褜袛芯锌小褌褉芯泻懈.袨斜谢邪褋褌懈
Reports	袨褌褔械褌	袪械谐谢邪屑械薪褌懈褉芯胁邪薪薪褘泄袨褌褔械褌小褌邪褌懈褋褌懈泻邪肖芯褉屑邪袩2	Reports/袪械谐谢邪屑械薪褌懈褉芯胁邪薪薪褘泄袨褌褔械褌小褌邪褌懈褋褌懈泻邪肖芯褉屑邪袩2/Forms/肖芯褉屑邪袨褌褔械褌邪2017袣胁1/Ext/Form/Module.bsl	校蟹械谢.小褌褉芯泻懈
Reports	袨褌褔械褌	袪械谐谢邪屑械薪褌懈褉芯胁邪薪薪褘泄袨褌褔械褌小褌邪褌懈褋褌懈泻邪肖芯褉屑邪袩2	Reports/袪械谐谢邪屑械薪褌懈褉芯胁邪薪薪褘泄袨褌褔械褌小褌邪褌懈褋褌懈泻邪肖芯褉屑邪袩2/Forms/肖芯褉屑邪袨褌褔械褌邪2017袣胁1/Ext/Form/Module.bsl	肖芯褉屑邪.屑小褌褉褍泻褌褍褉邪袦薪芯谐芯褋褌褉芯褔薪褘褏袪邪蟹写械谢芯胁
Reports	袨褌褔械褌	袪械谐谢邪屑械薪褌懈褉芯胁邪薪薪褘泄袨褌褔械褌小褌邪褌懈褋褌懈泻邪肖芯褉屑邪袩2	Reports/袪械谐谢邪屑械薪褌懈褉芯胁邪薪薪褘泄袨褌褔械褌小褌邪褌懈褋褌懈泻邪肖芯褉屑邪袩2/Forms/肖芯褉屑邪袨褌褔械褌邪2017袣胁1/Ext/Form/Module.bsl	肖芯褉屑邪.屑孝邪斜谢懈褑邪小芯褋褌邪胁袩芯泻邪蟹邪褌械谢械泄
Reports	袨褌褔械褌	袪械谐谢邪屑械薪褌懈褉芯胁邪薪薪褘泄袨褌褔械褌小褌邪褌懈褋褌懈泻邪肖芯褉屑邪袩2	Reports/袪械谐谢邪屑械薪褌懈褉芯胁邪薪薪褘泄袨褌褔械褌小褌邪褌懈褋褌懈泻邪肖芯褉屑邪袩2/Forms/肖芯褉屑邪袨褌褔械褌邪2017袣胁1/Ext/Form/Module.bsl	协谢械屑械薪褌小褌褉褍泻褌褍褉褘.袟薪邪褔械薪懈械
Reports	袨褌褔械褌	袪械谐谢邪屑械薪褌懈褉芯胁邪薪薪褘泄袨褌褔械褌小褌邪褌懈褋褌懈泻邪肖芯褉屑邪袩2	Reports/袪械谐谢邪屑械薪褌懈褉芯胁邪薪薪褘泄袨褌褔械褌小褌邪褌懈褋褌懈泻邪肖芯褉屑邪袩2/Forms/肖芯褉屑邪袨褌褔械褌邪2018袣胁1/Ext/Form/Module.bsl	袥懈褋褌.袨斜谢邪褋褌懈
Reports	袨褌褔械褌	袪械谐谢邪屑械薪褌懈褉芯胁邪薪薪褘泄袨褌褔械褌小褌邪褌懈褋褌懈泻邪肖芯褉屑邪袩2	Reports/袪械谐谢邪屑械薪褌懈褉芯胁邪薪薪褘泄袨褌褔械褌小褌邪褌懈褋褌懈泻邪肖芯褉屑邪袩2/Forms/肖芯褉屑邪袨褌褔械褌邪2018袣胁1/Ext/Form/Module.bsl	袦邪泻械褌小芯褋褌邪胁邪袩芯泻邪蟹邪褌械谢械泄.袨斜谢邪褋褌懈
Reports	袨褌褔械褌	袪械谐谢邪屑械薪褌懈褉芯胁邪薪薪褘泄袨褌褔械褌小褌邪褌懈褋褌懈泻邪肖芯褉屑邪袩2	Reports/袪械谐谢邪屑械薪褌懈褉芯胁邪薪薪褘泄袨褌褔械褌小褌邪褌懈褋褌懈泻邪肖芯褉屑邪袩2/Forms/肖芯褉屑邪袨褌褔械褌邪2018袣胁1/Ext/Form/Module.bsl	袨斜谢邪褋褌褜袛芯锌小褌褉芯泻懈.袨斜谢邪褋褌懈
Reports	袨褌褔械褌	袪械谐谢邪屑械薪褌懈褉芯胁邪薪薪褘泄袨褌褔械褌小褌邪褌懈褋褌懈泻邪肖芯褉屑邪袩2	Reports/袪械谐谢邪屑械薪褌懈褉芯胁邪薪薪褘泄袨褌褔械褌小褌邪褌懈褋褌懈泻邪肖芯褉屑邪袩2/Forms/肖芯褉屑邪袨褌褔械褌邪2018袣胁1/Ext/Form/Module.bsl	校蟹械谢.小褌褉芯泻懈
Reports	袨褌褔械褌	袪械谐谢邪屑械薪褌懈褉芯胁邪薪薪褘泄袨褌褔械褌小褌邪褌懈褋褌懈泻邪肖芯褉屑邪袩2	Reports/袪械谐谢邪屑械薪褌懈褉芯胁邪薪薪褘泄袨褌褔械褌小褌邪褌懈褋褌懈泻邪肖芯褉屑邪袩2/Forms/肖芯褉屑邪袨褌褔械褌邪2018袣胁1/Ext/Form/Module.bsl	肖芯褉屑邪.屑小褌褉褍泻褌褍褉邪袦薪芯谐芯褋褌褉芯褔薪褘褏袪邪蟹写械谢芯胁
Reports	袨褌褔械褌	袪械谐谢邪屑械薪褌懈褉芯胁邪薪薪褘泄袨褌褔械褌小褌邪褌懈褋褌懈泻邪肖芯褉屑邪袩2	Reports/袪械谐谢邪屑械薪褌懈褉芯胁邪薪薪褘泄袨褌褔械褌小褌邪褌懈褋褌懈泻邪肖芯褉屑邪袩2/Forms/肖芯褉屑邪袨褌褔械褌邪2018袣胁1/Ext/Form/Module.bsl	肖芯褉屑邪.屑孝邪斜谢懈褑邪小芯褋褌邪胁袩芯泻邪蟹邪褌械谢械泄
Reports	袨褌褔械褌	袪械谐谢邪屑械薪褌懈褉芯胁邪薪薪褘泄袨褌褔械褌小褌邪褌懈褋褌懈泻邪肖芯褉屑邪袩2	Reports/袪械谐谢邪屑械薪褌懈褉芯胁邪薪薪褘泄袨褌褔械褌小褌邪褌懈褋褌懈泻邪肖芯褉屑邪袩2/Forms/肖芯褉屑邪袨褌褔械褌邪2018袣胁1/Ext/Form/Module.bsl	协谢械屑械薪褌小褌褉褍泻褌褍褉褘.袟薪邪褔械薪懈械
Reports	袨褌褔械褌	袪械谐谢邪屑械薪褌懈褉芯胁邪薪薪褘泄袨褌褔械褌小褌邪褌懈褋褌懈泻邪肖芯褉屑邪袩2	Reports/袪械谐谢邪屑械薪褌懈褉芯胁邪薪薪褘泄袨褌褔械褌小褌邪褌懈褋褌懈泻邪肖芯褉屑邪袩2/Forms/肖芯褉屑邪袨褌褔械褌邪2019袣胁1/Ext/Form/Module.bsl	袥懈褋褌.袨斜谢邪褋褌懈
Reports	袨褌褔械褌	袪械谐谢邪屑械薪褌懈褉芯胁邪薪薪褘泄袨褌褔械褌小褌邪褌懈褋褌懈泻邪肖芯褉屑邪袩2	Reports/袪械谐谢邪屑械薪褌懈褉芯胁邪薪薪褘泄袨褌褔械褌小褌邪褌懈褋褌懈泻邪肖芯褉屑邪袩2/Forms/肖芯褉屑邪袨褌褔械褌邪2019袣胁1/Ext/Form/Module.bsl	袦邪泻械褌小芯褋褌邪胁邪袩芯泻邪蟹邪褌械谢械泄.袨斜谢邪褋褌懈
Reports	袨褌褔械褌	袪械谐谢邪屑械薪褌懈褉芯胁邪薪薪褘泄袨褌褔械褌小褌邪褌懈褋褌懈泻邪肖芯褉屑邪袩2	Reports/袪械谐谢邪屑械薪褌懈褉芯胁邪薪薪褘泄袨褌褔械褌小褌邪褌懈褋褌懈泻邪肖芯褉屑邪袩2/Forms/肖芯褉屑邪袨褌褔械褌邪2019袣胁1/Ext/Form/Module.bsl	袨斜谢邪褋褌褜袛芯锌小褌褉芯泻懈.袨斜谢邪褋褌懈
Reports	袨褌褔械褌	袪械谐谢邪屑械薪褌懈褉芯胁邪薪薪褘泄袨褌褔械褌小褌邪褌懈褋褌懈泻邪肖芯褉屑邪袩2	Reports/袪械谐谢邪屑械薪褌懈褉芯胁邪薪薪褘泄袨褌褔械褌小褌邪褌懈褋褌懈泻邪肖芯褉屑邪袩2/Forms/肖芯褉屑邪袨褌褔械褌邪2019袣胁1/Ext/Form/Module.bsl	校蟹械谢.小褌褉芯泻懈
Reports	袨褌褔械褌	袪械谐谢邪屑械薪褌懈褉芯胁邪薪薪褘泄袨褌褔械褌小褌邪褌懈褋褌懈泻邪肖芯褉屑邪袩2	Reports/袪械谐谢邪屑械薪褌懈褉芯胁邪薪薪褘泄袨褌褔械褌小褌邪褌懈褋褌懈泻邪肖芯褉屑邪袩2/Forms/肖芯褉屑邪袨褌褔械褌邪2019袣胁1/Ext/Form/Module.bsl	肖芯褉屑邪.屑小褌褉褍泻褌褍褉邪袦薪芯谐芯褋褌褉芯褔薪褘褏袪邪蟹写械谢芯胁
Reports	袨褌褔械褌	袪械谐谢邪屑械薪褌懈褉芯胁邪薪薪褘泄袨褌褔械褌小褌邪褌懈褋褌懈泻邪肖芯褉屑邪袩2	Reports/袪械谐谢邪屑械薪褌懈褉芯胁邪薪薪褘泄袨褌褔械褌小褌邪褌懈褋褌懈泻邪肖芯褉屑邪袩2/Forms/肖芯褉屑邪袨褌褔械褌邪2019袣胁1/Ext/Form/Module.bsl	肖芯褉屑邪.屑孝邪斜谢懈褑邪小芯褋褌邪胁袩芯泻邪蟹邪褌械谢械泄
Reports	袨褌褔械褌	袪械谐谢邪屑械薪褌懈褉芯胁邪薪薪褘泄袨褌褔械褌小褌邪褌懈褋褌懈泻邪肖芯褉屑邪袩2	Reports/袪械谐谢邪屑械薪褌懈褉芯胁邪薪薪褘泄袨褌褔械褌小褌邪褌懈褋褌懈泻邪肖芯褉屑邪袩2/Forms/肖芯褉屑邪袨褌褔械褌邪2019袣胁1/Ext/Form/Module.bsl	协谢械屑械薪褌小褌褉褍泻褌褍褉褘.袟薪邪褔械薪懈械
Reports	袨褌褔械褌	袪械谐谢邪屑械薪褌懈褉芯胁邪薪薪褘泄袨褌褔械褌小褌邪褌懈褋褌懈泻邪肖芯褉屑邪袩2	Reports/袪械谐谢邪屑械薪褌懈褉芯胁邪薪薪褘泄袨褌褔械褌小褌邪褌懈褋褌懈泻邪肖芯褉屑邪袩2/Forms/肖芯褉屑邪袨褌褔械褌邪2020袣胁1/Ext/Form/Module.bsl	袦邪泻械褌小芯褋褌邪胁邪袩芯泻邪蟹邪褌械谢械泄.袨斜谢邪褋褌懈
Reports	袨褌褔械褌	袪械谐谢邪屑械薪褌懈褉芯胁邪薪薪褘泄袨褌褔械褌小褌邪褌懈褋褌懈泻邪肖芯褉屑邪袩2	Reports/袪械谐谢邪屑械薪褌懈褉芯胁邪薪薪褘泄袨褌褔械褌小褌邪褌懈褋褌懈泻邪肖芯褉屑邪袩2/Forms/肖芯褉屑邪袨褌褔械褌邪2020袣胁1/Ext/Form/Module.bsl	袨斜谢邪褋褌褜袛芯锌小褌褉芯泻懈.袨斜谢邪褋褌懈
Reports	袨褌褔械褌	袪械谐谢邪屑械薪褌懈褉芯胁邪薪薪褘泄袨褌褔械褌小褌邪褌懈褋褌懈泻邪肖芯褉屑邪袩2	Reports/袪械谐谢邪屑械薪褌懈褉芯胁邪薪薪褘泄袨褌褔械褌小褌邪褌懈褋褌懈泻邪肖芯褉屑邪袩2/Forms/肖芯褉屑邪袨褌褔械褌邪2020袣胁1/Ext/Form/Module.bsl	校蟹械谢.小褌褉芯泻懈
Reports	袨褌褔械褌	袪械谐谢邪屑械薪褌懈褉芯胁邪薪薪褘泄袨褌褔械褌小褌邪褌懈褋褌懈泻邪肖芯褉屑邪袩2	Reports/袪械谐谢邪屑械薪褌懈褉芯胁邪薪薪褘泄袨褌褔械褌小褌邪褌懈褋褌懈泻邪肖芯褉屑邪袩2/Forms/肖芯褉屑邪袨褌褔械褌邪2020袣胁1/Ext/Form/Module.bsl	肖芯褉屑邪.屑小褌褉褍泻褌褍褉邪袦薪芯谐芯褋褌褉芯褔薪褘褏袪邪蟹写械谢芯胁
Reports	袨褌褔械褌	袪械谐谢邪屑械薪褌懈褉芯胁邪薪薪褘泄袨褌褔械褌小褌邪褌懈褋褌懈泻邪肖芯褉屑邪袩2	Reports/袪械谐谢邪屑械薪褌懈褉芯胁邪薪薪褘泄袨褌褔械褌小褌邪褌懈褋褌懈泻邪肖芯褉屑邪袩2/Forms/肖芯褉屑邪袨褌褔械褌邪2020袣胁1/Ext/Form/Module.bsl	肖芯褉屑邪.屑孝邪斜谢懈褑邪小芯褋褌邪胁袩芯泻邪蟹邪褌械谢械泄
Reports	袨褌褔械褌	袪械谐谢邪屑械薪褌懈褉芯胁邪薪薪褘泄袨褌褔械褌小褌邪褌懈褋褌懈泻邪肖芯褉屑邪袩2	Reports/袪械谐谢邪屑械薪褌懈褉芯胁邪薪薪褘泄袨褌褔械褌小褌邪褌懈褋褌懈泻邪肖芯褉屑邪袩2/Forms/肖芯褉屑邪袨褌褔械褌邪2020袣胁1/Ext/Form/Module.bsl	协谢械屑械薪褌小褌褉褍泻褌褍褉褘.袟薪邪褔械薪懈械
Reports	袨褌褔械褌	袪械谐谢邪屑械薪褌懈褉芯胁邪薪薪褘泄袨褌褔械褌小褌邪褌懈褋褌懈泻邪肖芯褉屑邪袩2	Reports/袪械谐谢邪屑械薪褌懈褉芯胁邪薪薪褘泄袨褌褔械褌小褌邪褌懈褋褌懈泻邪肖芯褉屑邪袩2/Forms/肖芯褉屑邪袨褌褔械褌邪2022袣胁1/Ext/Form/Module.bsl	袦邪泻械褌小芯褋褌邪胁邪袩芯泻邪蟹邪褌械谢械泄.袨斜谢邪褋褌懈
Reports	袨褌褔械褌	袪械谐谢邪屑械薪褌懈褉芯胁邪薪薪褘泄袨褌褔械褌小褌邪褌懈褋褌懈泻邪肖芯褉屑邪袩2	Reports/袪械谐谢邪屑械薪褌懈褉芯胁邪薪薪褘泄袨褌褔械褌小褌邪褌懈褋褌懈泻邪肖芯褉屑邪袩2/Forms/肖芯褉屑邪袨褌褔械褌邪2022袣胁1/Ext/Form/Module.bsl	袨斜谢邪褋褌褜袛芯锌小褌褉芯泻懈.袨斜谢邪褋褌懈
Reports	袨褌褔械褌	袪械谐谢邪屑械薪褌懈褉芯胁邪薪薪褘泄袨褌褔械褌小褌邪褌懈褋褌懈泻邪肖芯褉屑邪袩2	Reports/袪械谐谢邪屑械薪褌懈褉芯胁邪薪薪褘泄袨褌褔械褌小褌邪褌懈褋褌懈泻邪肖芯褉屑邪袩2/Forms/肖芯褉屑邪袨褌褔械褌邪2022袣胁1/Ext/Form/Module.bsl	校蟹械谢.小褌褉芯泻懈
Reports	袨褌褔械褌	袪械谐谢邪屑械薪褌懈褉芯胁邪薪薪褘泄袨褌褔械褌小褌邪褌懈褋褌懈泻邪肖芯褉屑邪袩2	Reports/袪械谐谢邪屑械薪褌懈褉芯胁邪薪薪褘泄袨褌褔械褌小褌邪褌懈褋褌懈泻邪肖芯褉屑邪袩2/Forms/肖芯褉屑邪袨褌褔械褌邪2022袣胁1/Ext/Form/Module.bsl	肖芯褉屑邪.屑小褌褉褍泻褌褍褉邪袦薪芯谐芯褋褌褉芯褔薪褘褏袪邪蟹写械谢芯胁
Reports	袨褌褔械褌	袪械谐谢邪屑械薪褌懈褉芯胁邪薪薪褘泄袨褌褔械褌小褌邪褌懈褋褌懈泻邪肖芯褉屑邪袩2	Reports/袪械谐谢邪屑械薪褌懈褉芯胁邪薪薪褘泄袨褌褔械褌小褌邪褌懈褋褌懈泻邪肖芯褉屑邪袩2/Forms/肖芯褉屑邪袨褌褔械褌邪2022袣胁1/Ext/Form/Module.bsl	肖芯褉屑邪.屑孝邪斜谢懈褑邪小芯褋褌邪胁袩芯泻邪蟹邪褌械谢械泄
Reports	袨褌褔械褌	袪械谐谢邪屑械薪褌懈褉芯胁邪薪薪褘泄袨褌褔械褌小褌邪褌懈褋褌懈泻邪肖芯褉屑邪袩2	Reports/袪械谐谢邪屑械薪褌懈褉芯胁邪薪薪褘泄袨褌褔械褌小褌邪褌懈褋褌懈泻邪肖芯褉屑邪袩2/Forms/肖芯褉屑邪袨褌褔械褌邪2022袣胁1/Ext/Form/Module.bsl	协谢械屑械薪褌小褌褉褍泻褌褍褉褘.袟薪邪褔械薪懈械
Reports	袨褌褔械褌	袪械谐谢邪屑械薪褌懈褉芯胁邪薪薪褘泄袨褌褔械褌小褌邪褌懈褋褌懈泻邪肖芯褉屑邪袩2懈薪胁	Reports/袪械谐谢邪屑械薪褌懈褉芯胁邪薪薪褘泄袨褌褔械褌小褌邪褌懈褋褌懈泻邪肖芯褉屑邪袩2懈薪胁/Forms/肖芯褉屑邪袨褌褔械褌邪2013袣胁1/Ext/Form/Module.bsl	袥懈褋褌.袨斜谢邪褋褌懈
Reports	袨褌褔械褌	袪械谐谢邪屑械薪褌懈褉芯胁邪薪薪褘泄袨褌褔械褌小褌邪褌懈褋褌懈泻邪肖芯褉屑邪袩2懈薪胁	Reports/袪械谐谢邪屑械薪褌懈褉芯胁邪薪薪褘泄袨褌褔械褌小褌邪褌懈褋褌懈泻邪肖芯褉屑邪袩2懈薪胁/Forms/肖芯褉屑邪袨褌褔械褌邪2013袣胁1/Ext/Form/Module.bsl	袦邪泻械褌小芯褋褌邪胁邪袩芯泻邪蟹邪褌械谢械泄.袨斜谢邪褋褌懈
Reports	袨褌褔械褌	袪械谐谢邪屑械薪褌懈褉芯胁邪薪薪褘泄袨褌褔械褌小褌邪褌懈褋褌懈泻邪肖芯褉屑邪袩2懈薪胁	Reports/袪械谐谢邪屑械薪褌懈褉芯胁邪薪薪褘泄袨褌褔械褌小褌邪褌懈褋褌懈泻邪肖芯褉屑邪袩2懈薪胁/Forms/肖芯褉屑邪袨褌褔械褌邪2013袣胁1/Ext/Form/Module.bsl	校蟹械谢.小褌褉芯泻懈
Reports	袨褌褔械褌	袪械谐谢邪屑械薪褌懈褉芯胁邪薪薪褘泄袨褌褔械褌小褌邪褌懈褋褌懈泻邪肖芯褉屑邪袩2懈薪胁	Reports/袪械谐谢邪屑械薪褌懈褉芯胁邪薪薪褘泄袨褌褔械褌小褌邪褌懈褋褌懈泻邪肖芯褉屑邪袩2懈薪胁/Forms/肖芯褉屑邪袨褌褔械褌邪2013袣胁1/Ext/Form/Module.bsl	肖芯褉屑邪.屑小褌褉褍泻褌褍褉邪袦薪芯谐芯褋褌褉芯褔薪褘褏袪邪蟹写械谢芯胁
Reports	袨褌褔械褌	袪械谐谢邪屑械薪褌懈褉芯胁邪薪薪褘泄袨褌褔械褌小褌邪褌懈褋褌懈泻邪肖芯褉屑邪袩2懈薪胁	Reports/袪械谐谢邪屑械薪褌懈褉芯胁邪薪薪褘泄袨褌褔械褌小褌邪褌懈褋褌懈泻邪肖芯褉屑邪袩2懈薪胁/Forms/肖芯褉屑邪袨褌褔械褌邪2013袣胁1/Ext/Form/Module.bsl	肖芯褉屑邪.屑孝邪斜谢懈褑邪小芯褋褌邪胁袩芯泻邪蟹邪褌械谢械泄
Reports	袨褌褔械褌	袪械谐谢邪屑械薪褌懈褉芯胁邪薪薪褘泄袨褌褔械褌小褌邪褌懈褋褌懈泻邪肖芯褉屑邪袩2懈薪胁	Reports/袪械谐谢邪屑械薪褌懈褉芯胁邪薪薪褘泄袨褌褔械褌小褌邪褌懈褋褌懈泻邪肖芯褉屑邪袩2懈薪胁/Forms/肖芯褉屑邪袨褌褔械褌邪2013袣胁1/Ext/Form/Module.bsl	协谢械屑械薪褌小褌褉褍泻褌褍褉褘.袟薪邪褔械薪懈械
Reports	袨褌褔械褌	袪械谐谢邪屑械薪褌懈褉芯胁邪薪薪褘泄袨褌褔械褌小褌邪褌懈褋褌懈泻邪肖芯褉屑邪袩2懈薪胁	Reports/袪械谐谢邪屑械薪褌懈褉芯胁邪薪薪褘泄袨褌褔械褌小褌邪褌懈褋褌懈泻邪肖芯褉屑邪袩2懈薪胁/Forms/肖芯褉屑邪袨褌褔械褌邪2014袣胁1/Ext/Form/Module.bsl	袥懈褋褌.袨斜谢邪褋褌懈
Reports	袨褌褔械褌	袪械谐谢邪屑械薪褌懈褉芯胁邪薪薪褘泄袨褌褔械褌小褌邪褌懈褋褌懈泻邪肖芯褉屑邪袩2懈薪胁	Reports/袪械谐谢邪屑械薪褌懈褉芯胁邪薪薪褘泄袨褌褔械褌小褌邪褌懈褋褌懈泻邪肖芯褉屑邪袩2懈薪胁/Forms/肖芯褉屑邪袨褌褔械褌邪2014袣胁1/Ext/Form/Module.bsl	袦邪泻械褌小芯褋褌邪胁邪袩芯泻邪蟹邪褌械谢械泄.袨斜谢邪褋褌懈
Reports	袨褌褔械褌	袪械谐谢邪屑械薪褌懈褉芯胁邪薪薪褘泄袨褌褔械褌小褌邪褌懈褋褌懈泻邪肖芯褉屑邪袩2懈薪胁	Reports/袪械谐谢邪屑械薪褌懈褉芯胁邪薪薪褘泄袨褌褔械褌小褌邪褌懈褋褌懈泻邪肖芯褉屑邪袩2懈薪胁/Forms/肖芯褉屑邪袨褌褔械褌邪2014袣胁1/Ext/Form/Module.bsl	校蟹械谢.小褌褉芯泻懈
Reports	袨褌褔械褌	袪械谐谢邪屑械薪褌懈褉芯胁邪薪薪褘泄袨褌褔械褌小褌邪褌懈褋褌懈泻邪肖芯褉屑邪袩2懈薪胁	Reports/袪械谐谢邪屑械薪褌懈褉芯胁邪薪薪褘泄袨褌褔械褌小褌邪褌懈褋褌懈泻邪肖芯褉屑邪袩2懈薪胁/Forms/肖芯褉屑邪袨褌褔械褌邪2014袣胁1/Ext/Form/Module.bsl	肖芯褉屑邪.屑小褌褉褍泻褌褍褉邪袦薪芯谐芯褋褌褉芯褔薪褘褏袪邪蟹写械谢芯胁
Reports	袨褌褔械褌	袪械谐谢邪屑械薪褌懈褉芯胁邪薪薪褘泄袨褌褔械褌小褌邪褌懈褋褌懈泻邪肖芯褉屑邪袩2懈薪胁	Reports/袪械谐谢邪屑械薪褌懈褉芯胁邪薪薪褘泄袨褌褔械褌小褌邪褌懈褋褌懈泻邪肖芯褉屑邪袩2懈薪胁/Forms/肖芯褉屑邪袨褌褔械褌邪2014袣胁1/Ext/Form/Module.bsl	肖芯褉屑邪.屑孝邪斜谢懈褑邪小芯褋褌邪胁袩芯泻邪蟹邪褌械谢械泄
Reports	袨褌褔械褌	袪械谐谢邪屑械薪褌懈褉芯胁邪薪薪褘泄袨褌褔械褌小褌邪褌懈褋褌懈泻邪肖芯褉屑邪袩2懈薪胁	Reports/袪械谐谢邪屑械薪褌懈褉芯胁邪薪薪褘泄袨褌褔械褌小褌邪褌懈褋褌懈泻邪肖芯褉屑邪袩2懈薪胁/Forms/肖芯褉屑邪袨褌褔械褌邪2014袣胁1/Ext/Form/Module.bsl	协谢械屑械薪褌小褌褉褍泻褌褍褉褘.袟薪邪褔械薪懈械
Reports	袨褌褔械褌	袪械谐谢邪屑械薪褌懈褉芯胁邪薪薪褘泄袨褌褔械褌小褌邪褌懈褋褌懈泻邪肖芯褉屑邪袩2懈薪胁	Reports/袪械谐谢邪屑械薪褌懈褉芯胁邪薪薪褘泄袨褌褔械褌小褌邪褌懈褋褌懈泻邪肖芯褉屑邪袩2懈薪胁/Forms/肖芯褉屑邪袨褌褔械褌邪2015袣胁1/Ext/Form/Module.bsl	袥懈褋褌.袨斜谢邪褋褌懈
Reports	袨褌褔械褌	袪械谐谢邪屑械薪褌懈褉芯胁邪薪薪褘泄袨褌褔械褌小褌邪褌懈褋褌懈泻邪肖芯褉屑邪袩2懈薪胁	Reports/袪械谐谢邪屑械薪褌懈褉芯胁邪薪薪褘泄袨褌褔械褌小褌邪褌懈褋褌懈泻邪肖芯褉屑邪袩2懈薪胁/Forms/肖芯褉屑邪袨褌褔械褌邪2015袣胁1/Ext/Form/Module.bsl	袦邪泻械褌小芯褋褌邪胁邪袩芯泻邪蟹邪褌械谢械泄.袨斜谢邪褋褌懈
Reports	袨褌褔械褌	袪械谐谢邪屑械薪褌懈褉芯胁邪薪薪褘泄袨褌褔械褌小褌邪褌懈褋褌懈泻邪肖芯褉屑邪袩2懈薪胁	Reports/袪械谐谢邪屑械薪褌懈褉芯胁邪薪薪褘泄袨褌褔械褌小褌邪褌懈褋褌懈泻邪肖芯褉屑邪袩2懈薪胁/Forms/肖芯褉屑邪袨褌褔械褌邪2015袣胁1/Ext/Form/Module.bsl	校蟹械谢.小褌褉芯泻懈
Reports	袨褌褔械褌	袪械谐谢邪屑械薪褌懈褉芯胁邪薪薪褘泄袨褌褔械褌小褌邪褌懈褋褌懈泻邪肖芯褉屑邪袩2懈薪胁	Reports/袪械谐谢邪屑械薪褌懈褉芯胁邪薪薪褘泄袨褌褔械褌小褌邪褌懈褋褌懈泻邪肖芯褉屑邪袩2懈薪胁/Forms/肖芯褉屑邪袨褌褔械褌邪2015袣胁1/Ext/Form/Module.bsl	肖芯褉屑邪.屑小褌褉褍泻褌褍褉邪袦薪芯谐芯褋褌褉芯褔薪褘褏袪邪蟹写械谢芯胁
Reports	袨褌褔械褌	袪械谐谢邪屑械薪褌懈褉芯胁邪薪薪褘泄袨褌褔械褌小褌邪褌懈褋褌懈泻邪肖芯褉屑邪袩2懈薪胁	Reports/袪械谐谢邪屑械薪褌懈褉芯胁邪薪薪褘泄袨褌褔械褌小褌邪褌懈褋褌懈泻邪肖芯褉屑邪袩2懈薪胁/Forms/肖芯褉屑邪袨褌褔械褌邪2015袣胁1/Ext/Form/Module.bsl	肖芯褉屑邪.屑孝邪斜谢懈褑邪小芯褋褌邪胁袩芯泻邪蟹邪褌械谢械泄
Reports	袨褌褔械褌	袪械谐谢邪屑械薪褌懈褉芯胁邪薪薪褘泄袨褌褔械褌小褌邪褌懈褋褌懈泻邪肖芯褉屑邪袩2懈薪胁	Reports/袪械谐谢邪屑械薪褌懈褉芯胁邪薪薪褘泄袨褌褔械褌小褌邪褌懈褋褌懈泻邪肖芯褉屑邪袩2懈薪胁/Forms/肖芯褉屑邪袨褌褔械褌邪2015袣胁1/Ext/Form/Module.bsl	协谢械屑械薪褌小褌褉褍泻褌褍褉褘.袟薪邪褔械薪懈械
Reports	袨褌褔械褌	袪械谐谢邪屑械薪褌懈褉芯胁邪薪薪褘泄袨褌褔械褌小褌邪褌懈褋褌懈泻邪肖芯褉屑邪袩2懈薪胁	Reports/袪械谐谢邪屑械薪褌懈褉芯胁邪薪薪褘泄袨褌褔械褌小褌邪褌懈褋褌懈泻邪肖芯褉屑邪袩2懈薪胁/Forms/肖芯褉屑邪袨褌褔械褌邪2016袣胁1/Ext/Form/Module.bsl	袥懈褋褌.袨斜谢邪褋褌懈
Reports	袨褌褔械褌	袪械谐谢邪屑械薪褌懈褉芯胁邪薪薪褘泄袨褌褔械褌小褌邪褌懈褋褌懈泻邪肖芯褉屑邪袩2懈薪胁	Reports/袪械谐谢邪屑械薪褌懈褉芯胁邪薪薪褘泄袨褌褔械褌小褌邪褌懈褋褌懈泻邪肖芯褉屑邪袩2懈薪胁/Forms/肖芯褉屑邪袨褌褔械褌邪2016袣胁1/Ext/Form/Module.bsl	袦邪泻械褌小芯褋褌邪胁邪袩芯泻邪蟹邪褌械谢械泄.袨斜谢邪褋褌懈
Reports	袨褌褔械褌	袪械谐谢邪屑械薪褌懈褉芯胁邪薪薪褘泄袨褌褔械褌小褌邪褌懈褋褌懈泻邪肖芯褉屑邪袩2懈薪胁	Reports/袪械谐谢邪屑械薪褌懈褉芯胁邪薪薪褘泄袨褌褔械褌小褌邪褌懈褋褌懈泻邪肖芯褉屑邪袩2懈薪胁/Forms/肖芯褉屑邪袨褌褔械褌邪2016袣胁1/Ext/Form/Module.bsl	校蟹械谢.小褌褉芯泻懈
Reports	袨褌褔械褌	袪械谐谢邪屑械薪褌懈褉芯胁邪薪薪褘泄袨褌褔械褌小褌邪褌懈褋褌懈泻邪肖芯褉屑邪袩2懈薪胁	Reports/袪械谐谢邪屑械薪褌懈褉芯胁邪薪薪褘泄袨褌褔械褌小褌邪褌懈褋褌懈泻邪肖芯褉屑邪袩2懈薪胁/Forms/肖芯褉屑邪袨褌褔械褌邪2016袣胁1/Ext/Form/Module.bsl	肖芯褉屑邪.屑小褌褉褍泻褌褍褉邪袦薪芯谐芯褋褌褉芯褔薪褘褏袪邪蟹写械谢芯胁
Reports	袨褌褔械褌	袪械谐谢邪屑械薪褌懈褉芯胁邪薪薪褘泄袨褌褔械褌小褌邪褌懈褋褌懈泻邪肖芯褉屑邪袩2懈薪胁	Reports/袪械谐谢邪屑械薪褌懈褉芯胁邪薪薪褘泄袨褌褔械褌小褌邪褌懈褋褌懈泻邪肖芯褉屑邪袩2懈薪胁/Forms/肖芯褉屑邪袨褌褔械褌邪2016袣胁1/Ext/Form/Module.bsl	肖芯褉屑邪.屑孝邪斜谢懈褑邪小芯褋褌邪胁袩芯泻邪蟹邪褌械谢械泄
Reports	袨褌褔械褌	袪械谐谢邪屑械薪褌懈褉芯胁邪薪薪褘泄袨褌褔械褌小褌邪褌懈褋褌懈泻邪肖芯褉屑邪袩2懈薪胁	Reports/袪械谐谢邪屑械薪褌懈褉芯胁邪薪薪褘泄袨褌褔械褌小褌邪褌懈褋褌懈泻邪肖芯褉屑邪袩2懈薪胁/Forms/肖芯褉屑邪袨褌褔械褌邪2016袣胁1/Ext/Form/Module.bsl	协谢械屑械薪褌小褌褉褍泻褌褍褉褘.袟薪邪褔械薪懈械
Reports	袨褌褔械褌	袪械谐谢邪屑械薪褌懈褉芯胁邪薪薪褘泄袨褌褔械褌小褌邪褌懈褋褌懈泻邪肖芯褉屑邪袩2懈薪胁	Reports/袪械谐谢邪屑械薪褌懈褉芯胁邪薪薪褘泄袨褌褔械褌小褌邪褌懈褋褌懈泻邪肖芯褉屑邪袩2懈薪胁/Forms/肖芯褉屑邪袨褌褔械褌邪2017袣胁1/Ext/Form/Module.bsl	袥懈褋褌.袨斜谢邪褋褌懈
Reports	袨褌褔械褌	袪械谐谢邪屑械薪褌懈褉芯胁邪薪薪褘泄袨褌褔械褌小褌邪褌懈褋褌懈泻邪肖芯褉屑邪袩2懈薪胁	Reports/袪械谐谢邪屑械薪褌懈褉芯胁邪薪薪褘泄袨褌褔械褌小褌邪褌懈褋褌懈泻邪肖芯褉屑邪袩2懈薪胁/Forms/肖芯褉屑邪袨褌褔械褌邪2017袣胁1/Ext/Form/Module.bsl	袦邪泻械褌小芯褋褌邪胁邪袩芯泻邪蟹邪褌械谢械泄.袨斜谢邪褋褌懈
Reports	袨褌褔械褌	袪械谐谢邪屑械薪褌懈褉芯胁邪薪薪褘泄袨褌褔械褌小褌邪褌懈褋褌懈泻邪肖芯褉屑邪袩2懈薪胁	Reports/袪械谐谢邪屑械薪褌懈褉芯胁邪薪薪褘泄袨褌褔械褌小褌邪褌懈褋褌懈泻邪肖芯褉屑邪袩2懈薪胁/Forms/肖芯褉屑邪袨褌褔械褌邪2017袣胁1/Ext/Form/Module.bsl	校蟹械谢.小褌褉芯泻懈
Reports	袨褌褔械褌	袪械谐谢邪屑械薪褌懈褉芯胁邪薪薪褘泄袨褌褔械褌小褌邪褌懈褋褌懈泻邪肖芯褉屑邪袩2懈薪胁	Reports/袪械谐谢邪屑械薪褌懈褉芯胁邪薪薪褘泄袨褌褔械褌小褌邪褌懈褋褌懈泻邪肖芯褉屑邪袩2懈薪胁/Forms/肖芯褉屑邪袨褌褔械褌邪2017袣胁1/Ext/Form/Module.bsl	肖芯褉屑邪.屑小褌褉褍泻褌褍褉邪袦薪芯谐芯褋褌褉芯褔薪褘褏袪邪蟹写械谢芯胁
Reports	袨褌褔械褌	袪械谐谢邪屑械薪褌懈褉芯胁邪薪薪褘泄袨褌褔械褌小褌邪褌懈褋褌懈泻邪肖芯褉屑邪袩2懈薪胁	Reports/袪械谐谢邪屑械薪褌懈褉芯胁邪薪薪褘泄袨褌褔械褌小褌邪褌懈褋褌懈泻邪肖芯褉屑邪袩2懈薪胁/Forms/肖芯褉屑邪袨褌褔械褌邪2017袣胁1/Ext/Form/Module.bsl	肖芯褉屑邪.屑孝邪斜谢懈褑邪小芯褋褌邪胁袩芯泻邪蟹邪褌械谢械泄
Reports	袨褌褔械褌	袪械谐谢邪屑械薪褌懈褉芯胁邪薪薪褘泄袨褌褔械褌小褌邪褌懈褋褌懈泻邪肖芯褉屑邪袩2懈薪胁	Reports/袪械谐谢邪屑械薪褌懈褉芯胁邪薪薪褘泄袨褌褔械褌小褌邪褌懈褋褌懈泻邪肖芯褉屑邪袩2懈薪胁/Forms/肖芯褉屑邪袨褌褔械褌邪2017袣胁1/Ext/Form/Module.bsl	协谢械屑械薪褌小褌褉褍泻褌褍褉褘.袟薪邪褔械薪懈械
Reports	袨褌褔械褌	袪械谐谢邪屑械薪褌懈褉芯胁邪薪薪褘泄袨褌褔械褌小褌邪褌懈褋褌懈泻邪肖芯褉屑邪袩2懈薪胁	Reports/袪械谐谢邪屑械薪褌懈褉芯胁邪薪薪褘泄袨褌褔械褌小褌邪褌懈褋褌懈泻邪肖芯褉屑邪袩2懈薪胁/Forms/肖芯褉屑邪袨褌褔械褌邪2018袣胁1/Ext/Form/Module.bsl	袥懈褋褌.袨斜谢邪褋褌懈
Reports	袨褌褔械褌	袪械谐谢邪屑械薪褌懈褉芯胁邪薪薪褘泄袨褌褔械褌小褌邪褌懈褋褌懈泻邪肖芯褉屑邪袩2懈薪胁	Reports/袪械谐谢邪屑械薪褌懈褉芯胁邪薪薪褘泄袨褌褔械褌小褌邪褌懈褋褌懈泻邪肖芯褉屑邪袩2懈薪胁/Forms/肖芯褉屑邪袨褌褔械褌邪2018袣胁1/Ext/Form/Module.bsl	袦邪泻械褌小芯褋褌邪胁邪袩芯泻邪蟹邪褌械谢械泄.袨斜谢邪褋褌懈
Reports	袨褌褔械褌	袪械谐谢邪屑械薪褌懈褉芯胁邪薪薪褘泄袨褌褔械褌小褌邪褌懈褋褌懈泻邪肖芯褉屑邪袩2懈薪胁	Reports/袪械谐谢邪屑械薪褌懈褉芯胁邪薪薪褘泄袨褌褔械褌小褌邪褌懈褋褌懈泻邪肖芯褉屑邪袩2懈薪胁/Forms/肖芯褉屑邪袨褌褔械褌邪2018袣胁1/Ext/Form/Module.bsl	校蟹械谢.小褌褉芯泻懈
Reports	袨褌褔械褌	袪械谐谢邪屑械薪褌懈褉芯胁邪薪薪褘泄袨褌褔械褌小褌邪褌懈褋褌懈泻邪肖芯褉屑邪袩2懈薪胁	Reports/袪械谐谢邪屑械薪褌懈褉芯胁邪薪薪褘泄袨褌褔械褌小褌邪褌懈褋褌懈泻邪肖芯褉屑邪袩2懈薪胁/Forms/肖芯褉屑邪袨褌褔械褌邪2018袣胁1/Ext/Form/Module.bsl	肖芯褉屑邪.屑小褌褉褍泻褌褍褉邪袦薪芯谐芯褋褌褉芯褔薪褘褏袪邪蟹写械谢芯胁
Reports	袨褌褔械褌	袪械谐谢邪屑械薪褌懈褉芯胁邪薪薪褘泄袨褌褔械褌小褌邪褌懈褋褌懈泻邪肖芯褉屑邪袩2懈薪胁	Reports/袪械谐谢邪屑械薪褌懈褉芯胁邪薪薪褘泄袨褌褔械褌小褌邪褌懈褋褌懈泻邪肖芯褉屑邪袩2懈薪胁/Forms/肖芯褉屑邪袨褌褔械褌邪2018袣胁1/Ext/Form/Module.bsl	肖芯褉屑邪.屑孝邪斜谢懈褑邪小芯褋褌邪胁袩芯泻邪蟹邪褌械谢械泄
Reports	袨褌褔械褌	袪械谐谢邪屑械薪褌懈褉芯胁邪薪薪褘泄袨褌褔械褌小褌邪褌懈褋褌懈泻邪肖芯褉屑邪袩2懈薪胁	Reports/袪械谐谢邪屑械薪褌懈褉芯胁邪薪薪褘泄袨褌褔械褌小褌邪褌懈褋褌懈泻邪肖芯褉屑邪袩2懈薪胁/Forms/肖芯褉屑邪袨褌褔械褌邪2018袣胁1/Ext/Form/Module.bsl	协谢械屑械薪褌小褌褉褍泻褌褍褉褘.袟薪邪褔械薪懈械
Reports	袨褌褔械褌	袪械谐谢邪屑械薪褌懈褉芯胁邪薪薪褘泄袨褌褔械褌小褌邪褌懈褋褌懈泻邪肖芯褉屑邪袩2懈薪胁	Reports/袪械谐谢邪屑械薪褌懈褉芯胁邪薪薪褘泄袨褌褔械褌小褌邪褌懈褋褌懈泻邪肖芯褉屑邪袩2懈薪胁/Forms/肖芯褉屑邪袨褌褔械褌邪2019袣胁1/Ext/Form/Module.bsl	袥懈褋褌.袨斜谢邪褋褌懈
Reports	袨褌褔械褌	袪械谐谢邪屑械薪褌懈褉芯胁邪薪薪褘泄袨褌褔械褌小褌邪褌懈褋褌懈泻邪肖芯褉屑邪袩2懈薪胁	Reports/袪械谐谢邪屑械薪褌懈褉芯胁邪薪薪褘泄袨褌褔械褌小褌邪褌懈褋褌懈泻邪肖芯褉屑邪袩2懈薪胁/Forms/肖芯褉屑邪袨褌褔械褌邪2019袣胁1/Ext/Form/Module.bsl	袦邪泻械褌小芯褋褌邪胁邪袩芯泻邪蟹邪褌械谢械泄.袨斜谢邪褋褌懈
Reports	袨褌褔械褌	袪械谐谢邪屑械薪褌懈褉芯胁邪薪薪褘泄袨褌褔械褌小褌邪褌懈褋褌懈泻邪肖芯褉屑邪袩2懈薪胁	Reports/袪械谐谢邪屑械薪褌懈褉芯胁邪薪薪褘泄袨褌褔械褌小褌邪褌懈褋褌懈泻邪肖芯褉屑邪袩2懈薪胁/Forms/肖芯褉屑邪袨褌褔械褌邪2019袣胁1/Ext/Form/Module.bsl	校蟹械谢.小褌褉芯泻懈
Reports	袨褌褔械褌	袪械谐谢邪屑械薪褌懈褉芯胁邪薪薪褘泄袨褌褔械褌小褌邪褌懈褋褌懈泻邪肖芯褉屑邪袩2懈薪胁	Reports/袪械谐谢邪屑械薪褌懈褉芯胁邪薪薪褘泄袨褌褔械褌小褌邪褌懈褋褌懈泻邪肖芯褉屑邪袩2懈薪胁/Forms/肖芯褉屑邪袨褌褔械褌邪2019袣胁1/Ext/Form/Module.bsl	肖芯褉屑邪.屑小褌褉褍泻褌褍褉邪袦薪芯谐芯褋褌褉芯褔薪褘褏袪邪蟹写械谢芯胁
Reports	袨褌褔械褌	袪械谐谢邪屑械薪褌懈褉芯胁邪薪薪褘泄袨褌褔械褌小褌邪褌懈褋褌懈泻邪肖芯褉屑邪袩2懈薪胁	Reports/袪械谐谢邪屑械薪褌懈褉芯胁邪薪薪褘泄袨褌褔械褌小褌邪褌懈褋褌懈泻邪肖芯褉屑邪袩2懈薪胁/Forms/肖芯褉屑邪袨褌褔械褌邪2019袣胁1/Ext/Form/Module.bsl	肖芯褉屑邪.屑孝邪斜谢懈褑邪小芯褋褌邪胁袩芯泻邪蟹邪褌械谢械泄
Reports	袨褌褔械褌	袪械谐谢邪屑械薪褌懈褉芯胁邪薪薪褘泄袨褌褔械褌小褌邪褌懈褋褌懈泻邪肖芯褉屑邪袩2懈薪胁	Reports/袪械谐谢邪屑械薪褌懈褉芯胁邪薪薪褘泄袨褌褔械褌小褌邪褌懈褋褌懈泻邪肖芯褉屑邪袩2懈薪胁/Forms/肖芯褉屑邪袨褌褔械褌邪2019袣胁1/Ext/Form/Module.bsl	协谢械屑械薪褌小褌褉褍泻褌褍褉褘.袟薪邪褔械薪懈械
Reports	袨褌褔械褌	袪械谐谢邪屑械薪褌懈褉芯胁邪薪薪褘泄袨褌褔械褌小褌邪褌懈褋褌懈泻邪肖芯褉屑邪袩2懈薪胁	Reports/袪械谐谢邪屑械薪褌懈褉芯胁邪薪薪褘泄袨褌褔械褌小褌邪褌懈褋褌懈泻邪肖芯褉屑邪袩2懈薪胁/Forms/肖芯褉屑邪袨褌褔械褌邪2021袣胁1/Ext/Form/Module.bsl	袦邪泻械褌小芯褋褌邪胁邪袩芯泻邪蟹邪褌械谢械泄.袨斜谢邪褋褌懈
Reports	袨褌褔械褌	袪械谐谢邪屑械薪褌懈褉芯胁邪薪薪褘泄袨褌褔械褌小褌邪褌懈褋褌懈泻邪肖芯褉屑邪袩2懈薪胁	Reports/袪械谐谢邪屑械薪褌懈褉芯胁邪薪薪褘泄袨褌褔械褌小褌邪褌懈褋褌懈泻邪肖芯褉屑邪袩2懈薪胁/Forms/肖芯褉屑邪袨褌褔械褌邪2021袣胁1/Ext/Form/Module.bsl	校蟹械谢.小褌褉芯泻懈
Reports	袨褌褔械褌	袪械谐谢邪屑械薪褌懈褉芯胁邪薪薪褘泄袨褌褔械褌小褌邪褌懈褋褌懈泻邪肖芯褉屑邪袩2懈薪胁	Reports/袪械谐谢邪屑械薪褌懈褉芯胁邪薪薪褘泄袨褌褔械褌小褌邪褌懈褋褌懈泻邪肖芯褉屑邪袩2懈薪胁/Forms/肖芯褉屑邪袨褌褔械褌邪2021袣胁1/Ext/Form/Module.bsl	肖芯褉屑邪.屑小褌褉褍泻褌褍褉邪袦薪芯谐芯褋褌褉芯褔薪褘褏袪邪蟹写械谢芯胁
Reports	袨褌褔械褌	袪械谐谢邪屑械薪褌懈褉芯胁邪薪薪褘泄袨褌褔械褌小褌邪褌懈褋褌懈泻邪肖芯褉屑邪袩2懈薪胁	Reports/袪械谐谢邪屑械薪褌懈褉芯胁邪薪薪褘泄袨褌褔械褌小褌邪褌懈褋褌懈泻邪肖芯褉屑邪袩2懈薪胁/Forms/肖芯褉屑邪袨褌褔械褌邪2021袣胁1/Ext/Form/Module.bsl	肖芯褉屑邪.屑孝邪斜谢懈褑邪小芯褋褌邪胁袩芯泻邪蟹邪褌械谢械泄
Reports	袨褌褔械褌	袪械谐谢邪屑械薪褌懈褉芯胁邪薪薪褘泄袨褌褔械褌小褌邪褌懈褋褌懈泻邪肖芯褉屑邪袩2懈薪胁	Reports/袪械谐谢邪屑械薪褌懈褉芯胁邪薪薪褘泄袨褌褔械褌小褌邪褌懈褋褌懈泻邪肖芯褉屑邪袩2懈薪胁/Forms/肖芯褉屑邪袨褌褔械褌邪2021袣胁1/Ext/Form/Module.bsl	协谢械屑械薪褌小褌褉褍泻褌褍褉褘.袟薪邪褔械薪懈械
Reports	袨褌褔械褌	袪械谐谢邪屑械薪褌懈褉芯胁邪薪薪褘泄袨褌褔械褌小褌邪褌懈褋褌懈泻邪肖芯褉屑邪袩2懈薪胁	Reports/袪械谐谢邪屑械薪褌懈褉芯胁邪薪薪褘泄袨褌褔械褌小褌邪褌懈褋褌懈泻邪肖芯褉屑邪袩2懈薪胁/Forms/肖芯褉屑邪袨褌褔械褌邪2022袣胁1/Ext/Form/Module.bsl	袦邪泻械褌小芯褋褌邪胁邪袩芯泻邪蟹邪褌械谢械泄.袨斜谢邪褋褌懈
Reports	袨褌褔械褌	袪械谐谢邪屑械薪褌懈褉芯胁邪薪薪褘泄袨褌褔械褌小褌邪褌懈褋褌懈泻邪肖芯褉屑邪袩2懈薪胁	Reports/袪械谐谢邪屑械薪褌懈褉芯胁邪薪薪褘泄袨褌褔械褌小褌邪褌懈褋褌懈泻邪肖芯褉屑邪袩2懈薪胁/Forms/肖芯褉屑邪袨褌褔械褌邪2022袣胁1/Ext/Form/Module.bsl	校蟹械谢.小褌褉芯泻懈
Reports	袨褌褔械褌	袪械谐谢邪屑械薪褌懈褉芯胁邪薪薪褘泄袨褌褔械褌小褌邪褌懈褋褌懈泻邪肖芯褉屑邪袩2懈薪胁	Reports/袪械谐谢邪屑械薪褌懈褉芯胁邪薪薪褘泄袨褌褔械褌小褌邪褌懈褋褌懈泻邪肖芯褉屑邪袩2懈薪胁/Forms/肖芯褉屑邪袨褌褔械褌邪2022袣胁1/Ext/Form/Module.bsl	肖芯褉屑邪.屑小褌褉褍泻褌褍褉邪袦薪芯谐芯褋褌褉芯褔薪褘褏袪邪蟹写械谢芯胁
Reports	袨褌褔械褌	袪械谐谢邪屑械薪褌懈褉芯胁邪薪薪褘泄袨褌褔械褌小褌邪褌懈褋褌懈泻邪肖芯褉屑邪袩2懈薪胁	Reports/袪械谐谢邪屑械薪褌懈褉芯胁邪薪薪褘泄袨褌褔械褌小褌邪褌懈褋褌懈泻邪肖芯褉屑邪袩2懈薪胁/Forms/肖芯褉屑邪袨褌褔械褌邪2022袣胁1/Ext/Form/Module.bsl	肖芯褉屑邪.屑孝邪斜谢懈褑邪小芯褋褌邪胁袩芯泻邪蟹邪褌械谢械泄
Reports	袨褌褔械褌	袪械谐谢邪屑械薪褌懈褉芯胁邪薪薪褘泄袨褌褔械褌小褌邪褌懈褋褌懈泻邪肖芯褉屑邪袩2懈薪胁	Reports/袪械谐谢邪屑械薪褌懈褉芯胁邪薪薪褘泄袨褌褔械褌小褌邪褌懈褋褌懈泻邪肖芯褉屑邪袩2懈薪胁/Forms/肖芯褉屑邪袨褌褔械褌邪2022袣胁1/Ext/Form/Module.bsl	协谢械屑械薪褌小褌褉褍泻褌褍褉褘.袟薪邪褔械薪懈械
Reports	袨褌褔械褌	袪械谐谢邪屑械薪褌懈褉芯胁邪薪薪褘泄袨褌褔械褌小褌邪褌懈褋褌懈泻邪肖芯褉屑邪袩2懈薪胁	Reports/袪械谐谢邪屑械薪褌懈褉芯胁邪薪薪褘泄袨褌褔械褌小褌邪褌懈褋褌懈泻邪肖芯褉屑邪袩2懈薪胁/Forms/肖芯褉屑邪袨褌褔械褌邪2023袣胁1/Ext/Form/Module.bsl	袦邪泻械褌小芯褋褌邪胁邪袩芯泻邪蟹邪褌械谢械泄.袨斜谢邪褋褌懈
Reports	袨褌褔械褌	袪械谐谢邪屑械薪褌懈褉芯胁邪薪薪褘泄袨褌褔械褌小褌邪褌懈褋褌懈泻邪肖芯褉屑邪袩2懈薪胁	Reports/袪械谐谢邪屑械薪褌懈褉芯胁邪薪薪褘泄袨褌褔械褌小褌邪褌懈褋褌懈泻邪肖芯褉屑邪袩2懈薪胁/Forms/肖芯褉屑邪袨褌褔械褌邪2023袣胁1/Ext/Form/Module.bsl	校蟹械谢.小褌褉芯泻懈
Reports	袨褌褔械褌	袪械谐谢邪屑械薪褌懈褉芯胁邪薪薪褘泄袨褌褔械褌小褌邪褌懈褋褌懈泻邪肖芯褉屑邪袩2懈薪胁	Reports/袪械谐谢邪屑械薪褌懈褉芯胁邪薪薪褘泄袨褌褔械褌小褌邪褌懈褋褌懈泻邪肖芯褉屑邪袩2懈薪胁/Forms/肖芯褉屑邪袨褌褔械褌邪2023袣胁1/Ext/Form/Module.bsl	肖芯褉屑邪.屑小褌褉褍泻褌褍褉邪袦薪芯谐芯褋褌褉芯褔薪褘褏袪邪蟹写械谢芯胁
Reports	袨褌褔械褌	袪械谐谢邪屑械薪褌懈褉芯胁邪薪薪褘泄袨褌褔械褌小褌邪褌懈褋褌懈泻邪肖芯褉屑邪袩2懈薪胁	Reports/袪械谐谢邪屑械薪褌懈褉芯胁邪薪薪褘泄袨褌褔械褌小褌邪褌懈褋褌懈泻邪肖芯褉屑邪袩2懈薪胁/Forms/肖芯褉屑邪袨褌褔械褌邪2023袣胁1/Ext/Form/Module.bsl	肖芯褉屑邪.屑孝邪斜谢懈褑邪小芯褋褌邪胁袩芯泻邪蟹邪褌械谢械泄
Reports	袨褌褔械褌	袪械谐谢邪屑械薪褌懈褉芯胁邪薪薪褘泄袨褌褔械褌小褌邪褌懈褋褌懈泻邪肖芯褉屑邪袩2懈薪胁	Reports/袪械谐谢邪屑械薪褌懈褉芯胁邪薪薪褘泄袨褌褔械褌小褌邪褌懈褋褌懈泻邪肖芯褉屑邪袩2懈薪胁/Forms/肖芯褉屑邪袨褌褔械褌邪2023袣胁1/Ext/Form/Module.bsl	协谢械屑械薪褌小褌褉褍泻褌褍褉褘.袟薪邪褔械薪懈械
Reports	袨褌褔械褌	袪械谐谢邪屑械薪褌懈褉芯胁邪薪薪褘泄袨褌褔械褌小褌邪褌懈褋褌懈泻邪肖芯褉屑邪袩4	Reports/袪械谐谢邪屑械薪褌懈褉芯胁邪薪薪褘泄袨褌褔械褌小褌邪褌懈褋褌懈泻邪肖芯褉屑邪袩4/Forms/肖芯褉屑邪袨褌褔械褌邪2017袣胁1/Ext/Form/Module.bsl	袦邪泻械褌小芯褋褌邪胁邪袩芯泻邪蟹邪褌械谢械泄.袨斜谢邪褋褌懈
Reports	袨褌褔械褌	袪械谐谢邪屑械薪褌懈褉芯胁邪薪薪褘泄袨褌褔械褌小褌邪褌懈褋褌懈泻邪肖芯褉屑邪袩4	Reports/袪械谐谢邪屑械薪褌懈褉芯胁邪薪薪褘泄袨褌褔械褌小褌邪褌懈褋褌懈泻邪肖芯褉屑邪袩4/Forms/肖芯褉屑邪袨褌褔械褌邪2017袣胁1/Ext/Form/Module.bsl	袩芯谢械孝邪斜谢懈褔薪芯谐芯袛芯泻褍屑械薪褌邪肖芯褉屑邪袨褌褔械褌邪.袨斜谢邪褋褌懈
Reports	袨褌褔械褌	袪械谐谢邪屑械薪褌懈褉芯胁邪薪薪褘泄袨褌褔械褌小褌邪褌懈褋褌懈泻邪肖芯褉屑邪袩4	Reports/袪械谐谢邪屑械薪褌懈褉芯胁邪薪薪褘泄袨褌褔械褌小褌邪褌懈褋褌懈泻邪肖芯褉屑邪袩4/Forms/肖芯褉屑邪袨褌褔械褌邪2017袣胁1/Ext/Form/Module.bsl	校蟹械谢.小褌褉芯泻懈
Reports	袨褌褔械褌	袪械谐谢邪屑械薪褌懈褉芯胁邪薪薪褘泄袨褌褔械褌小褌邪褌懈褋褌懈泻邪肖芯褉屑邪袩4	Reports/袪械谐谢邪屑械薪褌懈褉芯胁邪薪薪褘泄袨褌褔械褌小褌邪褌懈褋褌懈泻邪肖芯褉屑邪袩4/Forms/肖芯褉屑邪袨褌褔械褌邪2017袣胁1/Ext/Form/Module.bsl	肖芯褉屑邪.屑孝邪斜谢懈褑邪小芯褋褌邪胁袩芯泻邪蟹邪褌械谢械泄
Reports	袨褌褔械褌	袪械谐谢邪屑械薪褌懈褉芯胁邪薪薪褘泄袨褌褔械褌小褌邪褌懈褋褌懈泻邪肖芯褉屑邪袩4	Reports/袪械谐谢邪屑械薪褌懈褉芯胁邪薪薪褘泄袨褌褔械褌小褌邪褌懈褋褌懈泻邪肖芯褉屑邪袩4/Forms/肖芯褉屑邪袨褌褔械褌邪2017袣胁1/Ext/Form/Module.bsl	协谢械屑械薪褌小褌褉褍泻褌褍褉褘.袟薪邪褔械薪懈械
Reports	袨褌褔械褌	袪械谐谢邪屑械薪褌懈褉芯胁邪薪薪褘泄袨褌褔械褌小褌邪褌懈褋褌懈泻邪肖芯褉屑邪袩4	Reports/袪械谐谢邪屑械薪褌懈褉芯胁邪薪薪褘泄袨褌褔械褌小褌邪褌懈褋褌懈泻邪肖芯褉屑邪袩4/Forms/肖芯褉屑邪袨褌褔械褌邪2018袣胁1/Ext/Form/Module.bsl	袦邪泻械褌小芯褋褌邪胁邪袩芯泻邪蟹邪褌械谢械泄.袨斜谢邪褋褌懈
Reports	袨褌褔械褌	袪械谐谢邪屑械薪褌懈褉芯胁邪薪薪褘泄袨褌褔械褌小褌邪褌懈褋褌懈泻邪肖芯褉屑邪袩4	Reports/袪械谐谢邪屑械薪褌懈褉芯胁邪薪薪褘泄袨褌褔械褌小褌邪褌懈褋褌懈泻邪肖芯褉屑邪袩4/Forms/肖芯褉屑邪袨褌褔械褌邪2018袣胁1/Ext/Form/Module.bsl	袩芯谢械孝邪斜谢懈褔薪芯谐芯袛芯泻褍屑械薪褌邪肖芯褉屑邪袨褌褔械褌邪.袨斜谢邪褋褌懈
Reports	袨褌褔械褌	袪械谐谢邪屑械薪褌懈褉芯胁邪薪薪褘泄袨褌褔械褌小褌邪褌懈褋褌懈泻邪肖芯褉屑邪袩4	Reports/袪械谐谢邪屑械薪褌懈褉芯胁邪薪薪褘泄袨褌褔械褌小褌邪褌懈褋褌懈泻邪肖芯褉屑邪袩4/Forms/肖芯褉屑邪袨褌褔械褌邪2018袣胁1/Ext/Form/Module.bsl	校蟹械谢.小褌褉芯泻懈
Reports	袨褌褔械褌	袪械谐谢邪屑械薪褌懈褉芯胁邪薪薪褘泄袨褌褔械褌小褌邪褌懈褋褌懈泻邪肖芯褉屑邪袩4	Reports/袪械谐谢邪屑械薪褌懈褉芯胁邪薪薪褘泄袨褌褔械褌小褌邪褌懈褋褌懈泻邪肖芯褉屑邪袩4/Forms/肖芯褉屑邪袨褌褔械褌邪2018袣胁1/Ext/Form/Module.bsl	肖芯褉屑邪.屑孝邪斜谢懈褑邪小芯褋褌邪胁袩芯泻邪蟹邪褌械谢械泄
Reports	袨褌褔械褌	袪械谐谢邪屑械薪褌懈褉芯胁邪薪薪褘泄袨褌褔械褌小褌邪褌懈褋褌懈泻邪肖芯褉屑邪袩4	Reports/袪械谐谢邪屑械薪褌懈褉芯胁邪薪薪褘泄袨褌褔械褌小褌邪褌懈褋褌懈泻邪肖芯褉屑邪袩4/Forms/肖芯褉屑邪袨褌褔械褌邪2018袣胁1/Ext/Form/Module.bsl	协谢械屑械薪褌小褌褉褍泻褌褍褉褘.袟薪邪褔械薪懈械
Reports	袨褌褔械褌	袪械谐谢邪屑械薪褌懈褉芯胁邪薪薪褘泄袨褌褔械褌小褌邪褌懈褋褌懈泻邪肖芯褉屑邪袩4	Reports/袪械谐谢邪屑械薪褌懈褉芯胁邪薪薪褘泄袨褌褔械褌小褌邪褌懈褋褌懈泻邪肖芯褉屑邪袩4/Forms/肖芯褉屑邪袨褌褔械褌邪2019袣胁1/Ext/Form/Module.bsl	袦邪泻械褌小芯褋褌邪胁邪袩芯泻邪蟹邪褌械谢械泄.袨斜谢邪褋褌懈
Reports	袨褌褔械褌	袪械谐谢邪屑械薪褌懈褉芯胁邪薪薪褘泄袨褌褔械褌小褌邪褌懈褋褌懈泻邪肖芯褉屑邪袩4	Reports/袪械谐谢邪屑械薪褌懈褉芯胁邪薪薪褘泄袨褌褔械褌小褌邪褌懈褋褌懈泻邪肖芯褉屑邪袩4/Forms/肖芯褉屑邪袨褌褔械褌邪2019袣胁1/Ext/Form/Module.bsl	袩芯谢械孝邪斜谢懈褔薪芯谐芯袛芯泻褍屑械薪褌邪肖芯褉屑邪袨褌褔械褌邪.袨斜谢邪褋褌懈
Reports	袨褌褔械褌	袪械谐谢邪屑械薪褌懈褉芯胁邪薪薪褘泄袨褌褔械褌小褌邪褌懈褋褌懈泻邪肖芯褉屑邪袩4	Reports/袪械谐谢邪屑械薪褌懈褉芯胁邪薪薪褘泄袨褌褔械褌小褌邪褌懈褋褌懈泻邪肖芯褉屑邪袩4/Forms/肖芯褉屑邪袨褌褔械褌邪2019袣胁1/Ext/Form/Module.bsl	校蟹械谢.小褌褉芯泻懈
Reports	袨褌褔械褌	袪械谐谢邪屑械薪褌懈褉芯胁邪薪薪褘泄袨褌褔械褌小褌邪褌懈褋褌懈泻邪肖芯褉屑邪袩4	Reports/袪械谐谢邪屑械薪褌懈褉芯胁邪薪薪褘泄袨褌褔械褌小褌邪褌懈褋褌懈泻邪肖芯褉屑邪袩4/Forms/肖芯褉屑邪袨褌褔械褌邪2019袣胁1/Ext/Form/Module.bsl	肖芯褉屑邪.屑孝邪斜谢懈褑邪小芯褋褌邪胁袩芯泻邪蟹邪褌械谢械泄
Reports	袨褌褔械褌	袪械谐谢邪屑械薪褌懈褉芯胁邪薪薪褘泄袨褌褔械褌小褌邪褌懈褋褌懈泻邪肖芯褉屑邪袩4	Reports/袪械谐谢邪屑械薪褌懈褉芯胁邪薪薪褘泄袨褌褔械褌小褌邪褌懈褋褌懈泻邪肖芯褉屑邪袩4/Forms/肖芯褉屑邪袨褌褔械褌邪2019袣胁1/Ext/Form/Module.bsl	协谢械屑械薪褌小褌褉褍泻褌褍褉褘.袟薪邪褔械薪懈械
Reports	袨褌褔械褌	袪械谐谢邪屑械薪褌懈褉芯胁邪薪薪褘泄袨褌褔械褌小褌邪褌懈褋褌懈泻邪肖芯褉屑邪袩4	Reports/袪械谐谢邪屑械薪褌懈褉芯胁邪薪薪褘泄袨褌褔械褌小褌邪褌懈褋褌懈泻邪肖芯褉屑邪袩4/Forms/肖芯褉屑邪袨褌褔械褌邪2020袣胁1/Ext/Form/Module.bsl	袦邪泻械褌小芯褋褌邪胁邪袩芯泻邪蟹邪褌械谢械泄.袨斜谢邪褋褌懈
Reports	袨褌褔械褌	袪械谐谢邪屑械薪褌懈褉芯胁邪薪薪褘泄袨褌褔械褌小褌邪褌懈褋褌懈泻邪肖芯褉屑邪袩4	Reports/袪械谐谢邪屑械薪褌懈褉芯胁邪薪薪褘泄袨褌褔械褌小褌邪褌懈褋褌懈泻邪肖芯褉屑邪袩4/Forms/肖芯褉屑邪袨褌褔械褌邪2020袣胁1/Ext/Form/Module.bsl	袩芯谢械孝邪斜谢懈褔薪芯谐芯袛芯泻褍屑械薪褌邪肖芯褉屑邪袨褌褔械褌邪.袨斜谢邪褋褌懈
Reports	袨褌褔械褌	袪械谐谢邪屑械薪褌懈褉芯胁邪薪薪褘泄袨褌褔械褌小褌邪褌懈褋褌懈泻邪肖芯褉屑邪袩4	Reports/袪械谐谢邪屑械薪褌懈褉芯胁邪薪薪褘泄袨褌褔械褌小褌邪褌懈褋褌懈泻邪肖芯褉屑邪袩4/Forms/肖芯褉屑邪袨褌褔械褌邪2020袣胁1/Ext/Form/Module.bsl	校蟹械谢.小褌褉芯泻懈
Reports	袨褌褔械褌	袪械谐谢邪屑械薪褌懈褉芯胁邪薪薪褘泄袨褌褔械褌小褌邪褌懈褋褌懈泻邪肖芯褉屑邪袩4	Reports/袪械谐谢邪屑械薪褌懈褉芯胁邪薪薪褘泄袨褌褔械褌小褌邪褌懈褋褌懈泻邪肖芯褉屑邪袩4/Forms/肖芯褉屑邪袨褌褔械褌邪2020袣胁1/Ext/Form/Module.bsl	肖芯褉屑邪.屑孝邪斜谢懈褑邪小芯褋褌邪胁袩芯泻邪蟹邪褌械谢械泄
Reports	袨褌褔械褌	袪械谐谢邪屑械薪褌懈褉芯胁邪薪薪褘泄袨褌褔械褌小褌邪褌懈褋褌懈泻邪肖芯褉屑邪袩4	Reports/袪械谐谢邪屑械薪褌懈褉芯胁邪薪薪褘泄袨褌褔械褌小褌邪褌懈褋褌懈泻邪肖芯褉屑邪袩4/Forms/肖芯褉屑邪袨褌褔械褌邪2020袣胁1/Ext/Form/Module.bsl	协谢械屑械薪褌小褌褉褍泻褌褍褉褘.袟薪邪褔械薪懈械
Reports	袨褌褔械褌	袪械谐谢邪屑械薪褌懈褉芯胁邪薪薪褘泄袨褌褔械褌小褌邪褌懈褋褌懈泻邪肖芯褉屑邪袩4	Reports/袪械谐谢邪屑械薪褌懈褉芯胁邪薪薪褘泄袨褌褔械褌小褌邪褌懈褋褌懈泻邪肖芯褉屑邪袩4/Forms/肖芯褉屑邪袨褌褔械褌邪2021袣胁1/Ext/Form/Module.bsl	袦邪泻械褌小芯褋褌邪胁邪袩芯泻邪蟹邪褌械谢械泄.袨斜谢邪褋褌懈
Reports	袨褌褔械褌	袪械谐谢邪屑械薪褌懈褉芯胁邪薪薪褘泄袨褌褔械褌小褌邪褌懈褋褌懈泻邪肖芯褉屑邪袩4	Reports/袪械谐谢邪屑械薪褌懈褉芯胁邪薪薪褘泄袨褌褔械褌小褌邪褌懈褋褌懈泻邪肖芯褉屑邪袩4/Forms/肖芯褉屑邪袨褌褔械褌邪2021袣胁1/Ext/Form/Module.bsl	袩芯谢械孝邪斜谢懈褔薪芯谐芯袛芯泻褍屑械薪褌邪肖芯褉屑邪袨褌褔械褌邪.袨斜谢邪褋褌懈
Reports	袨褌褔械褌	袪械谐谢邪屑械薪褌懈褉芯胁邪薪薪褘泄袨褌褔械褌小褌邪褌懈褋褌懈泻邪肖芯褉屑邪袩4	Reports/袪械谐谢邪屑械薪褌懈褉芯胁邪薪薪褘泄袨褌褔械褌小褌邪褌懈褋褌懈泻邪肖芯褉屑邪袩4/Forms/肖芯褉屑邪袨褌褔械褌邪2021袣胁1/Ext/Form/Module.bsl	校蟹械谢.小褌褉芯泻懈
Reports	袨褌褔械褌	袪械谐谢邪屑械薪褌懈褉芯胁邪薪薪褘泄袨褌褔械褌小褌邪褌懈褋褌懈泻邪肖芯褉屑邪袩4	Reports/袪械谐谢邪屑械薪褌懈褉芯胁邪薪薪褘泄袨褌褔械褌小褌邪褌懈褋褌懈泻邪肖芯褉屑邪袩4/Forms/肖芯褉屑邪袨褌褔械褌邪2021袣胁1/Ext/Form/Module.bsl	肖芯褉屑邪.屑孝邪斜谢懈褑邪小芯褋褌邪胁袩芯泻邪蟹邪褌械谢械泄
Reports	袨褌褔械褌	袪械谐谢邪屑械薪褌懈褉芯胁邪薪薪褘泄袨褌褔械褌小褌邪褌懈褋褌懈泻邪肖芯褉屑邪袩4	Reports/袪械谐谢邪屑械薪褌懈褉芯胁邪薪薪褘泄袨褌褔械褌小褌邪褌懈褋褌懈泻邪肖芯褉屑邪袩4/Forms/肖芯褉屑邪袨褌褔械褌邪2021袣胁1/Ext/Form/Module.bsl	协谢械屑械薪褌小褌褉褍泻褌褍褉褘.袟薪邪褔械薪懈械
Reports	袨褌褔械褌	袪械谐谢邪屑械薪褌懈褉芯胁邪薪薪褘泄袨褌褔械褌小褌邪褌懈褋褌懈泻邪肖芯褉屑邪袩4	Reports/袪械谐谢邪屑械薪褌懈褉芯胁邪薪薪褘泄袨褌褔械褌小褌邪褌懈褋褌懈泻邪肖芯褉屑邪袩4/Forms/肖芯褉屑邪袨褌褔械褌邪2022袣胁1/Ext/Form/Module.bsl	袦邪泻械褌小芯褋褌邪胁邪袩芯泻邪蟹邪褌械谢械泄.袨斜谢邪褋褌懈
Reports	袨褌褔械褌	袪械谐谢邪屑械薪褌懈褉芯胁邪薪薪褘泄袨褌褔械褌小褌邪褌懈褋褌懈泻邪肖芯褉屑邪袩4	Reports/袪械谐谢邪屑械薪褌懈褉芯胁邪薪薪褘泄袨褌褔械褌小褌邪褌懈褋褌懈泻邪肖芯褉屑邪袩4/Forms/肖芯褉屑邪袨褌褔械褌邪2022袣胁1/Ext/Form/Module.bsl	袩芯谢械孝邪斜谢懈褔薪芯谐芯袛芯泻褍屑械薪褌邪肖芯褉屑邪袨褌褔械褌邪.袨斜谢邪褋褌懈
Reports	袨褌褔械褌	袪械谐谢邪屑械薪褌懈褉芯胁邪薪薪褘泄袨褌褔械褌小褌邪褌懈褋褌懈泻邪肖芯褉屑邪袩4	Reports/袪械谐谢邪屑械薪褌懈褉芯胁邪薪薪褘泄袨褌褔械褌小褌邪褌懈褋褌懈泻邪肖芯褉屑邪袩4/Forms/肖芯褉屑邪袨褌褔械褌邪2022袣胁1/Ext/Form/Module.bsl	校蟹械谢.小褌褉芯泻懈
Reports	袨褌褔械褌	袪械谐谢邪屑械薪褌懈褉芯胁邪薪薪褘泄袨褌褔械褌小褌邪褌懈褋褌懈泻邪肖芯褉屑邪袩4	Reports/袪械谐谢邪屑械薪褌懈褉芯胁邪薪薪褘泄袨褌褔械褌小褌邪褌懈褋褌懈泻邪肖芯褉屑邪袩4/Forms/肖芯褉屑邪袨褌褔械褌邪2022袣胁1/Ext/Form/Module.bsl	肖芯褉屑邪.屑孝邪斜谢懈褑邪小芯褋褌邪胁袩芯泻邪蟹邪褌械谢械泄
Reports	袨褌褔械褌	袪械谐谢邪屑械薪褌懈褉芯胁邪薪薪褘泄袨褌褔械褌小褌邪褌懈褋褌懈泻邪肖芯褉屑邪袩4	Reports/袪械谐谢邪屑械薪褌懈褉芯胁邪薪薪褘泄袨褌褔械褌小褌邪褌懈褋褌懈泻邪肖芯褉屑邪袩4/Forms/肖芯褉屑邪袨褌褔械褌邪2022袣胁1/Ext/Form/Module.bsl	协谢械屑械薪褌小褌褉褍泻褌褍褉褘.袟薪邪褔械薪懈械
Reports	袨褌褔械褌	袪械谐谢邪屑械薪褌懈褉芯胁邪薪薪褘泄袨褌褔械褌小褌邪褌懈褋褌懈泻邪肖芯褉屑邪袩4	Reports/袪械谐谢邪屑械薪褌懈褉芯胁邪薪薪褘泄袨褌褔械褌小褌邪褌懈褋褌懈泻邪肖芯褉屑邪袩4/Forms/肖芯褉屑邪袨褌褔械褌邪2023袣胁1/Ext/Form/Module.bsl	袦邪泻械褌小芯褋褌邪胁邪袩芯泻邪蟹邪褌械谢械泄.袨斜谢邪褋褌懈
Reports	袨褌褔械褌	袪械谐谢邪屑械薪褌懈褉芯胁邪薪薪褘泄袨褌褔械褌小褌邪褌懈褋褌懈泻邪肖芯褉屑邪袩4	Reports/袪械谐谢邪屑械薪褌懈褉芯胁邪薪薪褘泄袨褌褔械褌小褌邪褌懈褋褌懈泻邪肖芯褉屑邪袩4/Forms/肖芯褉屑邪袨褌褔械褌邪2023袣胁1/Ext/Form/Module.bsl	袩芯谢械孝邪斜谢懈褔薪芯谐芯袛芯泻褍屑械薪褌邪肖芯褉屑邪袨褌褔械褌邪.袨斜谢邪褋褌懈
Reports	袨褌褔械褌	袪械谐谢邪屑械薪褌懈褉芯胁邪薪薪褘泄袨褌褔械褌小褌邪褌懈褋褌懈泻邪肖芯褉屑邪袩4	Reports/袪械谐谢邪屑械薪褌懈褉芯胁邪薪薪褘泄袨褌褔械褌小褌邪褌懈褋褌懈泻邪肖芯褉屑邪袩4/Forms/肖芯褉屑邪袨褌褔械褌邪2023袣胁1/Ext/Form/Module.bsl	校蟹械谢.小褌褉芯泻懈
Reports	袨褌褔械褌	袪械谐谢邪屑械薪褌懈褉芯胁邪薪薪褘泄袨褌褔械褌小褌邪褌懈褋褌懈泻邪肖芯褉屑邪袩4	Reports/袪械谐谢邪屑械薪褌懈褉芯胁邪薪薪褘泄袨褌褔械褌小褌邪褌懈褋褌懈泻邪肖芯褉屑邪袩4/Forms/肖芯褉屑邪袨褌褔械褌邪2023袣胁1/Ext/Form/Module.bsl	肖芯褉屑邪.屑孝邪斜谢懈褑邪小芯褋褌邪胁袩芯泻邪蟹邪褌械谢械泄
Reports	袨褌褔械褌	袪械谐谢邪屑械薪褌懈褉芯胁邪薪薪褘泄袨褌褔械褌小褌邪褌懈褋褌懈泻邪肖芯褉屑邪袩4	Reports/袪械谐谢邪屑械薪褌懈褉芯胁邪薪薪褘泄袨褌褔械褌小褌邪褌懈褋褌懈泻邪肖芯褉屑邪袩4/Forms/肖芯褉屑邪袨褌褔械褌邪2023袣胁1/Ext/Form/Module.bsl	协谢械屑械薪褌小褌褉褍泻褌褍褉褘.袟薪邪褔械薪懈械
Reports	袨褌褔械褌	袪械谐谢邪屑械薪褌懈褉芯胁邪薪薪褘泄袨褌褔械褌小褌邪褌懈褋褌懈泻邪肖芯褉屑邪袩4	Reports/袪械谐谢邪屑械薪褌懈褉芯胁邪薪薪褘泄袨褌褔械褌小褌邪褌懈褋褌懈泻邪肖芯褉屑邪袩4/Forms/肖芯褉屑邪袨褌褔械褌邪2025袣胁1/Ext/Form/Module.bsl	袦邪泻械褌小芯褋褌邪胁邪袩芯泻邪蟹邪褌械谢械泄.袨斜谢邪褋褌懈
Reports	袨褌褔械褌	袪械谐谢邪屑械薪褌懈褉芯胁邪薪薪褘泄袨褌褔械褌小褌邪褌懈褋褌懈泻邪肖芯褉屑邪袩4	Reports/袪械谐谢邪屑械薪褌懈褉芯胁邪薪薪褘泄袨褌褔械褌小褌邪褌懈褋褌懈泻邪肖芯褉屑邪袩4/Forms/肖芯褉屑邪袨褌褔械褌邪2025袣胁1/Ext/Form/Module.bsl	校蟹械谢.小褌褉芯泻懈
Reports	袨褌褔械褌	袪械谐谢邪屑械薪褌懈褉芯胁邪薪薪褘泄袨褌褔械褌小褌邪褌懈褋褌懈泻邪肖芯褉屑邪袩4	Reports/袪械谐谢邪屑械薪褌懈褉芯胁邪薪薪褘泄袨褌褔械褌小褌邪褌懈褋褌懈泻邪肖芯褉屑邪袩4/Forms/肖芯褉屑邪袨褌褔械褌邪2025袣胁1/Ext/Form/Module.bsl	肖芯褉屑邪.屑小褌褉褍泻褌褍褉邪袦薪芯谐芯褋褌褉芯褔薪褘褏袪邪蟹写械谢芯胁
Reports	袨褌褔械褌	袪械谐谢邪屑械薪褌懈褉芯胁邪薪薪褘泄袨褌褔械褌小褌邪褌懈褋褌懈泻邪肖芯褉屑邪袩4	Reports/袪械谐谢邪屑械薪褌懈褉芯胁邪薪薪褘泄袨褌褔械褌小褌邪褌懈褋褌懈泻邪肖芯褉屑邪袩4/Forms/肖芯褉屑邪袨褌褔械褌邪2025袣胁1/Ext/Form/Module.bsl	肖芯褉屑邪.屑孝邪斜谢懈褑邪小芯褋褌邪胁袩芯泻邪蟹邪褌械谢械泄
Reports	袨褌褔械褌	袪械谐谢邪屑械薪褌懈褉芯胁邪薪薪褘泄袨褌褔械褌小褌邪褌懈褋褌懈泻邪肖芯褉屑邪袩4	Reports/袪械谐谢邪屑械薪褌懈褉芯胁邪薪薪褘泄袨褌褔械褌小褌邪褌懈褋褌懈泻邪肖芯褉屑邪袩4/Forms/肖芯褉屑邪袨褌褔械褌邪2025袣胁1/Ext/Form/Module.bsl	协谢械屑械薪褌小褌褉褍泻褌褍褉褘.袟薪邪褔械薪懈械
Reports	袨褌褔械褌	袪械谐谢邪屑械薪褌懈褉芯胁邪薪薪褘泄袨褌褔械褌小褌邪褌懈褋褌懈泻邪肖芯褉屑邪袩5袦	Reports/袪械谐谢邪屑械薪褌懈褉芯胁邪薪薪褘泄袨褌褔械褌小褌邪褌懈褋褌懈泻邪肖芯褉屑邪袩5袦/Forms/肖芯褉屑邪袨褌褔械褌邪2013袣胁4/Ext/Form/Module.bsl	袥懈褋褌.袨斜谢邪褋褌懈
Reports	袨褌褔械褌	袪械谐谢邪屑械薪褌懈褉芯胁邪薪薪褘泄袨褌褔械褌小褌邪褌懈褋褌懈泻邪肖芯褉屑邪袩5袦	Reports/袪械谐谢邪屑械薪褌懈褉芯胁邪薪薪褘泄袨褌褔械褌小褌邪褌懈褋褌懈泻邪肖芯褉屑邪袩5袦/Forms/肖芯褉屑邪袨褌褔械褌邪2013袣胁4/Ext/Form/Module.bsl	袦邪泻械褌小芯褋褌邪胁邪袩芯泻邪蟹邪褌械谢械泄.袨斜谢邪褋褌懈
Reports	袨褌褔械褌	袪械谐谢邪屑械薪褌懈褉芯胁邪薪薪褘泄袨褌褔械褌小褌邪褌懈褋褌懈泻邪肖芯褉屑邪袩5袦	Reports/袪械谐谢邪屑械薪褌懈褉芯胁邪薪薪褘泄袨褌褔械褌小褌邪褌懈褋褌懈泻邪肖芯褉屑邪袩5袦/Forms/肖芯褉屑邪袨褌褔械褌邪2013袣胁4/Ext/Form/Module.bsl	校蟹械谢.小褌褉芯泻懈
Reports	袨褌褔械褌	袪械谐谢邪屑械薪褌懈褉芯胁邪薪薪褘泄袨褌褔械褌小褌邪褌懈褋褌懈泻邪肖芯褉屑邪袩5袦	Reports/袪械谐谢邪屑械薪褌懈褉芯胁邪薪薪褘泄袨褌褔械褌小褌邪褌懈褋褌懈泻邪肖芯褉屑邪袩5袦/Forms/肖芯褉屑邪袨褌褔械褌邪2013袣胁4/Ext/Form/Module.bsl	肖芯褉屑邪.屑小褌褉褍泻褌褍褉邪袦薪芯谐芯褋褌褉芯褔薪褘褏袪邪蟹写械谢芯胁
Reports	袨褌褔械褌	袪械谐谢邪屑械薪褌懈褉芯胁邪薪薪褘泄袨褌褔械褌小褌邪褌懈褋褌懈泻邪肖芯褉屑邪袩5袦	Reports/袪械谐谢邪屑械薪褌懈褉芯胁邪薪薪褘泄袨褌褔械褌小褌邪褌懈褋褌懈泻邪肖芯褉屑邪袩5袦/Forms/肖芯褉屑邪袨褌褔械褌邪2013袣胁4/Ext/Form/Module.bsl	肖芯褉屑邪.屑孝邪斜谢懈褑邪小芯褋褌邪胁袩芯泻邪蟹邪褌械谢械泄
Reports	袨褌褔械褌	袪械谐谢邪屑械薪褌懈褉芯胁邪薪薪褘泄袨褌褔械褌小褌邪褌懈褋褌懈泻邪肖芯褉屑邪袩5袦	Reports/袪械谐谢邪屑械薪褌懈褉芯胁邪薪薪褘泄袨褌褔械褌小褌邪褌懈褋褌懈泻邪肖芯褉屑邪袩5袦/Forms/肖芯褉屑邪袨褌褔械褌邪2013袣胁4/Ext/Form/Module.bsl	协谢械屑械薪褌小褌褉褍泻褌褍褉褘.袟薪邪褔械薪懈械
Reports	袨褌褔械褌	袪械谐谢邪屑械薪褌懈褉芯胁邪薪薪褘泄袨褌褔械褌小褌邪褌懈褋褌懈泻邪肖芯褉屑邪袩5袦	Reports/袪械谐谢邪屑械薪褌懈褉芯胁邪薪薪褘泄袨褌褔械褌小褌邪褌懈褋褌懈泻邪肖芯褉屑邪袩5袦/Forms/肖芯褉屑邪袨褌褔械褌邪2014袣胁1/Ext/Form/Module.bsl	袥懈褋褌.袨斜谢邪褋褌懈
Reports	袨褌褔械褌	袪械谐谢邪屑械薪褌懈褉芯胁邪薪薪褘泄袨褌褔械褌小褌邪褌懈褋褌懈泻邪肖芯褉屑邪袩5袦	Reports/袪械谐谢邪屑械薪褌懈褉芯胁邪薪薪褘泄袨褌褔械褌小褌邪褌懈褋褌懈泻邪肖芯褉屑邪袩5袦/Forms/肖芯褉屑邪袨褌褔械褌邪2014袣胁1/Ext/Form/Module.bsl	袦邪泻械褌小芯褋褌邪胁邪袩芯泻邪蟹邪褌械谢械泄.袨斜谢邪褋褌懈
Reports	袨褌褔械褌	袪械谐谢邪屑械薪褌懈褉芯胁邪薪薪褘泄袨褌褔械褌小褌邪褌懈褋褌懈泻邪肖芯褉屑邪袩5袦	Reports/袪械谐谢邪屑械薪褌懈褉芯胁邪薪薪褘泄袨褌褔械褌小褌邪褌懈褋褌懈泻邪肖芯褉屑邪袩5袦/Forms/肖芯褉屑邪袨褌褔械褌邪2014袣胁1/Ext/Form/Module.bsl	校蟹械谢.小褌褉芯泻懈
Reports	袨褌褔械褌	袪械谐谢邪屑械薪褌懈褉芯胁邪薪薪褘泄袨褌褔械褌小褌邪褌懈褋褌懈泻邪肖芯褉屑邪袩5袦	Reports/袪械谐谢邪屑械薪褌懈褉芯胁邪薪薪褘泄袨褌褔械褌小褌邪褌懈褋褌懈泻邪肖芯褉屑邪袩5袦/Forms/肖芯褉屑邪袨褌褔械褌邪2014袣胁1/Ext/Form/Module.bsl	肖芯褉屑邪.屑小褌褉褍泻褌褍褉邪袦薪芯谐芯褋褌褉芯褔薪褘褏袪邪蟹写械谢芯胁
Reports	袨褌褔械褌	袪械谐谢邪屑械薪褌懈褉芯胁邪薪薪褘泄袨褌褔械褌小褌邪褌懈褋褌懈泻邪肖芯褉屑邪袩5袦	Reports/袪械谐谢邪屑械薪褌懈褉芯胁邪薪薪褘泄袨褌褔械褌小褌邪褌懈褋褌懈泻邪肖芯褉屑邪袩5袦/Forms/肖芯褉屑邪袨褌褔械褌邪2014袣胁1/Ext/Form/Module.bsl	肖芯褉屑邪.屑孝邪斜谢懈褑邪小芯褋褌邪胁袩芯泻邪蟹邪褌械谢械泄
Reports	袨褌褔械褌	袪械谐谢邪屑械薪褌懈褉芯胁邪薪薪褘泄袨褌褔械褌小褌邪褌懈褋褌懈泻邪肖芯褉屑邪袩5袦	Reports/袪械谐谢邪屑械薪褌懈褉芯胁邪薪薪褘泄袨褌褔械褌小褌邪褌懈褋褌懈泻邪肖芯褉屑邪袩5袦/Forms/肖芯褉屑邪袨褌褔械褌邪2014袣胁1/Ext/Form/Module.bsl	协谢械屑械薪褌小褌褉褍泻褌褍褉褘.袟薪邪褔械薪懈械
Reports	袨褌褔械褌	袪械谐谢邪屑械薪褌懈褉芯胁邪薪薪褘泄袨褌褔械褌小褌邪褌懈褋褌懈泻邪肖芯褉屑邪袩5袦	Reports/袪械谐谢邪屑械薪褌懈褉芯胁邪薪薪褘泄袨褌褔械褌小褌邪褌懈褋褌懈泻邪肖芯褉屑邪袩5袦/Forms/肖芯褉屑邪袨褌褔械褌邪2015袣胁1/Ext/Form/Module.bsl	袥懈褋褌.袨斜谢邪褋褌懈
Reports	袨褌褔械褌	袪械谐谢邪屑械薪褌懈褉芯胁邪薪薪褘泄袨褌褔械褌小褌邪褌懈褋褌懈泻邪肖芯褉屑邪袩5袦	Reports/袪械谐谢邪屑械薪褌懈褉芯胁邪薪薪褘泄袨褌褔械褌小褌邪褌懈褋褌懈泻邪肖芯褉屑邪袩5袦/Forms/肖芯褉屑邪袨褌褔械褌邪2015袣胁1/Ext/Form/Module.bsl	袦邪泻械褌小芯褋褌邪胁邪袩芯泻邪蟹邪褌械谢械泄.袨斜谢邪褋褌懈
Reports	袨褌褔械褌	袪械谐谢邪屑械薪褌懈褉芯胁邪薪薪褘泄袨褌褔械褌小褌邪褌懈褋褌懈泻邪肖芯褉屑邪袩5袦	Reports/袪械谐谢邪屑械薪褌懈褉芯胁邪薪薪褘泄袨褌褔械褌小褌邪褌懈褋褌懈泻邪肖芯褉屑邪袩5袦/Forms/肖芯褉屑邪袨褌褔械褌邪2015袣胁1/Ext/Form/Module.bsl	校蟹械谢.小褌褉芯泻懈
Reports	袨褌褔械褌	袪械谐谢邪屑械薪褌懈褉芯胁邪薪薪褘泄袨褌褔械褌小褌邪褌懈褋褌懈泻邪肖芯褉屑邪袩5袦	Reports/袪械谐谢邪屑械薪褌懈褉芯胁邪薪薪褘泄袨褌褔械褌小褌邪褌懈褋褌懈泻邪肖芯褉屑邪袩5袦/Forms/肖芯褉屑邪袨褌褔械褌邪2015袣胁1/Ext/Form/Module.bsl	肖芯褉屑邪.屑小褌褉褍泻褌褍褉邪袦薪芯谐芯褋褌褉芯褔薪褘褏袪邪蟹写械谢芯胁
Reports	袨褌褔械褌	袪械谐谢邪屑械薪褌懈褉芯胁邪薪薪褘泄袨褌褔械褌小褌邪褌懈褋褌懈泻邪肖芯褉屑邪袩5袦	Reports/袪械谐谢邪屑械薪褌懈褉芯胁邪薪薪褘泄袨褌褔械褌小褌邪褌懈褋褌懈泻邪肖芯褉屑邪袩5袦/Forms/肖芯褉屑邪袨褌褔械褌邪2015袣胁1/Ext/Form/Module.bsl	肖芯褉屑邪.屑孝邪斜谢懈褑邪小芯褋褌邪胁袩芯泻邪蟹邪褌械谢械泄
Reports	袨褌褔械褌	袪械谐谢邪屑械薪褌懈褉芯胁邪薪薪褘泄袨褌褔械褌小褌邪褌懈褋褌懈泻邪肖芯褉屑邪袩5袦	Reports/袪械谐谢邪屑械薪褌懈褉芯胁邪薪薪褘泄袨褌褔械褌小褌邪褌懈褋褌懈泻邪肖芯褉屑邪袩5袦/Forms/肖芯褉屑邪袨褌褔械褌邪2015袣胁1/Ext/Form/Module.bsl	协谢械屑械薪褌小褌褉褍泻褌褍褉褘.袟薪邪褔械薪懈械
Reports	袨褌褔械褌	袪械谐谢邪屑械薪褌懈褉芯胁邪薪薪褘泄袨褌褔械褌小褌邪褌懈褋褌懈泻邪肖芯褉屑邪袩5袦	Reports/袪械谐谢邪屑械薪褌懈褉芯胁邪薪薪褘泄袨褌褔械褌小褌邪褌懈褋褌懈泻邪肖芯褉屑邪袩5袦/Forms/肖芯褉屑邪袨褌褔械褌邪2016袣胁1/Ext/Form/Module.bsl	袥懈褋褌.袨斜谢邪褋褌懈
Reports	袨褌褔械褌	袪械谐谢邪屑械薪褌懈褉芯胁邪薪薪褘泄袨褌褔械褌小褌邪褌懈褋褌懈泻邪肖芯褉屑邪袩5袦	Reports/袪械谐谢邪屑械薪褌懈褉芯胁邪薪薪褘泄袨褌褔械褌小褌邪褌懈褋褌懈泻邪肖芯褉屑邪袩5袦/Forms/肖芯褉屑邪袨褌褔械褌邪2016袣胁1/Ext/Form/Module.bsl	袦邪泻械褌小芯褋褌邪胁邪袩芯泻邪蟹邪褌械谢械泄.袨斜谢邪褋褌懈
Reports	袨褌褔械褌	袪械谐谢邪屑械薪褌懈褉芯胁邪薪薪褘泄袨褌褔械褌小褌邪褌懈褋褌懈泻邪肖芯褉屑邪袩5袦	Reports/袪械谐谢邪屑械薪褌懈褉芯胁邪薪薪褘泄袨褌褔械褌小褌邪褌懈褋褌懈泻邪肖芯褉屑邪袩5袦/Forms/肖芯褉屑邪袨褌褔械褌邪2016袣胁1/Ext/Form/Module.bsl	校蟹械谢.小褌褉芯泻懈
Reports	袨褌褔械褌	袪械谐谢邪屑械薪褌懈褉芯胁邪薪薪褘泄袨褌褔械褌小褌邪褌懈褋褌懈泻邪肖芯褉屑邪袩5袦	Reports/袪械谐谢邪屑械薪褌懈褉芯胁邪薪薪褘泄袨褌褔械褌小褌邪褌懈褋褌懈泻邪肖芯褉屑邪袩5袦/Forms/肖芯褉屑邪袨褌褔械褌邪2016袣胁1/Ext/Form/Module.bsl	肖芯褉屑邪.屑小褌褉褍泻褌褍褉邪袦薪芯谐芯褋褌褉芯褔薪褘褏袪邪蟹写械谢芯胁
Reports	袨褌褔械褌	袪械谐谢邪屑械薪褌懈褉芯胁邪薪薪褘泄袨褌褔械褌小褌邪褌懈褋褌懈泻邪肖芯褉屑邪袩5袦	Reports/袪械谐谢邪屑械薪褌懈褉芯胁邪薪薪褘泄袨褌褔械褌小褌邪褌懈褋褌懈泻邪肖芯褉屑邪袩5袦/Forms/肖芯褉屑邪袨褌褔械褌邪2016袣胁1/Ext/Form/Module.bsl	肖芯褉屑邪.屑孝邪斜谢懈褑邪小芯褋褌邪胁袩芯泻邪蟹邪褌械谢械泄
Reports	袨褌褔械褌	袪械谐谢邪屑械薪褌懈褉芯胁邪薪薪褘泄袨褌褔械褌小褌邪褌懈褋褌懈泻邪肖芯褉屑邪袩5袦	Reports/袪械谐谢邪屑械薪褌懈褉芯胁邪薪薪褘泄袨褌褔械褌小褌邪褌懈褋褌懈泻邪肖芯褉屑邪袩5袦/Forms/肖芯褉屑邪袨褌褔械褌邪2016袣胁1/Ext/Form/Module.bsl	协谢械屑械薪褌小褌褉褍泻褌褍褉褘.袟薪邪褔械薪懈械
Reports	袨褌褔械褌	袪械谐谢邪屑械薪褌懈褉芯胁邪薪薪褘泄袨褌褔械褌小褌邪褌懈褋褌懈泻邪肖芯褉屑邪袩5袦	Reports/袪械谐谢邪屑械薪褌懈褉芯胁邪薪薪褘泄袨褌褔械褌小褌邪褌懈褋褌懈泻邪肖芯褉屑邪袩5袦/Forms/肖芯褉屑邪袨褌褔械褌邪2017袣胁1/Ext/Form/Module.bsl	袥懈褋褌.袨斜谢邪褋褌懈
Reports	袨褌褔械褌	袪械谐谢邪屑械薪褌懈褉芯胁邪薪薪褘泄袨褌褔械褌小褌邪褌懈褋褌懈泻邪肖芯褉屑邪袩5袦	Reports/袪械谐谢邪屑械薪褌懈褉芯胁邪薪薪褘泄袨褌褔械褌小褌邪褌懈褋褌懈泻邪肖芯褉屑邪袩5袦/Forms/肖芯褉屑邪袨褌褔械褌邪2017袣胁1/Ext/Form/Module.bsl	袦邪泻械褌小芯褋褌邪胁邪袩芯泻邪蟹邪褌械谢械泄.袨斜谢邪褋褌懈
Reports	袨褌褔械褌	袪械谐谢邪屑械薪褌懈褉芯胁邪薪薪褘泄袨褌褔械褌小褌邪褌懈褋褌懈泻邪肖芯褉屑邪袩5袦	Reports/袪械谐谢邪屑械薪褌懈褉芯胁邪薪薪褘泄袨褌褔械褌小褌邪褌懈褋褌懈泻邪肖芯褉屑邪袩5袦/Forms/肖芯褉屑邪袨褌褔械褌邪2017袣胁1/Ext/Form/Module.bsl	校蟹械谢.小褌褉芯泻懈
Reports	袨褌褔械褌	袪械谐谢邪屑械薪褌懈褉芯胁邪薪薪褘泄袨褌褔械褌小褌邪褌懈褋褌懈泻邪肖芯褉屑邪袩5袦	Reports/袪械谐谢邪屑械薪褌懈褉芯胁邪薪薪褘泄袨褌褔械褌小褌邪褌懈褋褌懈泻邪肖芯褉屑邪袩5袦/Forms/肖芯褉屑邪袨褌褔械褌邪2017袣胁1/Ext/Form/Module.bsl	肖芯褉屑邪.屑小褌褉褍泻褌褍褉邪袦薪芯谐芯褋褌褉芯褔薪褘褏袪邪蟹写械谢芯胁
Reports	袨褌褔械褌	袪械谐谢邪屑械薪褌懈褉芯胁邪薪薪褘泄袨褌褔械褌小褌邪褌懈褋褌懈泻邪肖芯褉屑邪袩5袦	Reports/袪械谐谢邪屑械薪褌懈褉芯胁邪薪薪褘泄袨褌褔械褌小褌邪褌懈褋褌懈泻邪肖芯褉屑邪袩5袦/Forms/肖芯褉屑邪袨褌褔械褌邪2017袣胁1/Ext/Form/Module.bsl	肖芯褉屑邪.屑孝邪斜谢懈褑邪小芯褋褌邪胁袩芯泻邪蟹邪褌械谢械泄
Reports	袨褌褔械褌	袪械谐谢邪屑械薪褌懈褉芯胁邪薪薪褘泄袨褌褔械褌小褌邪褌懈褋褌懈泻邪肖芯褉屑邪袩5袦	Reports/袪械谐谢邪屑械薪褌懈褉芯胁邪薪薪褘泄袨褌褔械褌小褌邪褌懈褋褌懈泻邪肖芯褉屑邪袩5袦/Forms/肖芯褉屑邪袨褌褔械褌邪2017袣胁1/Ext/Form/Module.bsl	协谢械屑械薪褌小褌褉褍泻褌褍褉褘.袟薪邪褔械薪懈械
Reports	袨褌褔械褌	袪械谐谢邪屑械薪褌懈褉芯胁邪薪薪褘泄袨褌褔械褌小褌邪褌懈褋褌懈泻邪肖芯褉屑邪袩5袦	Reports/袪械谐谢邪屑械薪褌懈褉芯胁邪薪薪褘泄袨褌褔械褌小褌邪褌懈褋褌懈泻邪肖芯褉屑邪袩5袦/Forms/肖芯褉屑邪袨褌褔械褌邪2018袣胁1/Ext/Form/Module.bsl	袥懈褋褌.袨斜谢邪褋褌懈
Reports	袨褌褔械褌	袪械谐谢邪屑械薪褌懈褉芯胁邪薪薪褘泄袨褌褔械褌小褌邪褌懈褋褌懈泻邪肖芯褉屑邪袩5袦	Reports/袪械谐谢邪屑械薪褌懈褉芯胁邪薪薪褘泄袨褌褔械褌小褌邪褌懈褋褌懈泻邪肖芯褉屑邪袩5袦/Forms/肖芯褉屑邪袨褌褔械褌邪2018袣胁1/Ext/Form/Module.bsl	袦邪泻械褌小芯褋褌邪胁邪袩芯泻邪蟹邪褌械谢械泄.袨斜谢邪褋褌懈
Reports	袨褌褔械褌	袪械谐谢邪屑械薪褌懈褉芯胁邪薪薪褘泄袨褌褔械褌小褌邪褌懈褋褌懈泻邪肖芯褉屑邪袩5袦	Reports/袪械谐谢邪屑械薪褌懈褉芯胁邪薪薪褘泄袨褌褔械褌小褌邪褌懈褋褌懈泻邪肖芯褉屑邪袩5袦/Forms/肖芯褉屑邪袨褌褔械褌邪2018袣胁1/Ext/Form/Module.bsl	校蟹械谢.小褌褉芯泻懈
Reports	袨褌褔械褌	袪械谐谢邪屑械薪褌懈褉芯胁邪薪薪褘泄袨褌褔械褌小褌邪褌懈褋褌懈泻邪肖芯褉屑邪袩5袦	Reports/袪械谐谢邪屑械薪褌懈褉芯胁邪薪薪褘泄袨褌褔械褌小褌邪褌懈褋褌懈泻邪肖芯褉屑邪袩5袦/Forms/肖芯褉屑邪袨褌褔械褌邪2018袣胁1/Ext/Form/Module.bsl	肖芯褉屑邪.屑小褌褉褍泻褌褍褉邪袦薪芯谐芯褋褌褉芯褔薪褘褏袪邪蟹写械谢芯胁
Reports	袨褌褔械褌	袪械谐谢邪屑械薪褌懈褉芯胁邪薪薪褘泄袨褌褔械褌小褌邪褌懈褋褌懈泻邪肖芯褉屑邪袩5袦	Reports/袪械谐谢邪屑械薪褌懈褉芯胁邪薪薪褘泄袨褌褔械褌小褌邪褌懈褋褌懈泻邪肖芯褉屑邪袩5袦/Forms/肖芯褉屑邪袨褌褔械褌邪2018袣胁1/Ext/Form/Module.bsl	肖芯褉屑邪.屑孝邪斜谢懈褑邪小芯褋褌邪胁袩芯泻邪蟹邪褌械谢械泄
Reports	袨褌褔械褌	袪械谐谢邪屑械薪褌懈褉芯胁邪薪薪褘泄袨褌褔械褌小褌邪褌懈褋褌懈泻邪肖芯褉屑邪袩5袦	Reports/袪械谐谢邪屑械薪褌懈褉芯胁邪薪薪褘泄袨褌褔械褌小褌邪褌懈褋褌懈泻邪肖芯褉屑邪袩5袦/Forms/肖芯褉屑邪袨褌褔械褌邪2018袣胁1/Ext/Form/Module.bsl	协谢械屑械薪褌小褌褉褍泻褌褍褉褘.袟薪邪褔械薪懈械
Reports	袨褌褔械褌	袪械谐谢邪屑械薪褌懈褉芯胁邪薪薪褘泄袨褌褔械褌小褌邪褌懈褋褌懈泻邪肖芯褉屑邪袩5袦	Reports/袪械谐谢邪屑械薪褌懈褉芯胁邪薪薪褘泄袨褌褔械褌小褌邪褌懈褋褌懈泻邪肖芯褉屑邪袩5袦/Forms/肖芯褉屑邪袨褌褔械褌邪2019袣胁1/Ext/Form/Module.bsl	袥懈褋褌.袨斜谢邪褋褌懈
Reports	袨褌褔械褌	袪械谐谢邪屑械薪褌懈褉芯胁邪薪薪褘泄袨褌褔械褌小褌邪褌懈褋褌懈泻邪肖芯褉屑邪袩5袦	Reports/袪械谐谢邪屑械薪褌懈褉芯胁邪薪薪褘泄袨褌褔械褌小褌邪褌懈褋褌懈泻邪肖芯褉屑邪袩5袦/Forms/肖芯褉屑邪袨褌褔械褌邪2019袣胁1/Ext/Form/Module.bsl	袦邪泻械褌小芯褋褌邪胁邪袩芯泻邪蟹邪褌械谢械泄.袨斜谢邪褋褌懈
Reports	袨褌褔械褌	袪械谐谢邪屑械薪褌懈褉芯胁邪薪薪褘泄袨褌褔械褌小褌邪褌懈褋褌懈泻邪肖芯褉屑邪袩5袦	Reports/袪械谐谢邪屑械薪褌懈褉芯胁邪薪薪褘泄袨褌褔械褌小褌邪褌懈褋褌懈泻邪肖芯褉屑邪袩5袦/Forms/肖芯褉屑邪袨褌褔械褌邪2019袣胁1/Ext/Form/Module.bsl	校蟹械谢.小褌褉芯泻懈
Reports	袨褌褔械褌	袪械谐谢邪屑械薪褌懈褉芯胁邪薪薪褘泄袨褌褔械褌小褌邪褌懈褋褌懈泻邪肖芯褉屑邪袩5袦	Reports/袪械谐谢邪屑械薪褌懈褉芯胁邪薪薪褘泄袨褌褔械褌小褌邪褌懈褋褌懈泻邪肖芯褉屑邪袩5袦/Forms/肖芯褉屑邪袨褌褔械褌邪2019袣胁1/Ext/Form/Module.bsl	肖芯褉屑邪.屑小褌褉褍泻褌褍褉邪袦薪芯谐芯褋褌褉芯褔薪褘褏袪邪蟹写械谢芯胁
Reports	袨褌褔械褌	袪械谐谢邪屑械薪褌懈褉芯胁邪薪薪褘泄袨褌褔械褌小褌邪褌懈褋褌懈泻邪肖芯褉屑邪袩5袦	Reports/袪械谐谢邪屑械薪褌懈褉芯胁邪薪薪褘泄袨褌褔械褌小褌邪褌懈褋褌懈泻邪肖芯褉屑邪袩5袦/Forms/肖芯褉屑邪袨褌褔械褌邪2019袣胁1/Ext/Form/Module.bsl	肖芯褉屑邪.屑孝邪斜谢懈褑邪小芯褋褌邪胁袩芯泻邪蟹邪褌械谢械泄
Reports	袨褌褔械褌	袪械谐谢邪屑械薪褌懈褉芯胁邪薪薪褘泄袨褌褔械褌小褌邪褌懈褋褌懈泻邪肖芯褉屑邪袩5袦	Reports/袪械谐谢邪屑械薪褌懈褉芯胁邪薪薪褘泄袨褌褔械褌小褌邪褌懈褋褌懈泻邪肖芯褉屑邪袩5袦/Forms/肖芯褉屑邪袨褌褔械褌邪2019袣胁1/Ext/Form/Module.bsl	协谢械屑械薪褌小褌褉褍泻褌褍褉褘.袟薪邪褔械薪懈械
Reports	袨褌褔械褌	袪械谐谢邪屑械薪褌懈褉芯胁邪薪薪褘泄袨褌褔械褌小褌邪褌懈褋褌懈泻邪肖芯褉屑邪袩5袦	Reports/袪械谐谢邪屑械薪褌懈褉芯胁邪薪薪褘泄袨褌褔械褌小褌邪褌懈褋褌懈泻邪肖芯褉屑邪袩5袦/Forms/肖芯褉屑邪袨褌褔械褌邪2020袣胁1/Ext/Form/Module.bsl	袥懈褋褌.袨斜谢邪褋褌懈
Reports	袨褌褔械褌	袪械谐谢邪屑械薪褌懈褉芯胁邪薪薪褘泄袨褌褔械褌小褌邪褌懈褋褌懈泻邪肖芯褉屑邪袩5袦	Reports/袪械谐谢邪屑械薪褌懈褉芯胁邪薪薪褘泄袨褌褔械褌小褌邪褌懈褋褌懈泻邪肖芯褉屑邪袩5袦/Forms/肖芯褉屑邪袨褌褔械褌邪2020袣胁1/Ext/Form/Module.bsl	袦邪泻械褌小芯褋褌邪胁邪袩芯泻邪蟹邪褌械谢械泄.袨斜谢邪褋褌懈
Reports	袨褌褔械褌	袪械谐谢邪屑械薪褌懈褉芯胁邪薪薪褘泄袨褌褔械褌小褌邪褌懈褋褌懈泻邪肖芯褉屑邪袩5袦	Reports/袪械谐谢邪屑械薪褌懈褉芯胁邪薪薪褘泄袨褌褔械褌小褌邪褌懈褋褌懈泻邪肖芯褉屑邪袩5袦/Forms/肖芯褉屑邪袨褌褔械褌邪2020袣胁1/Ext/Form/Module.bsl	校蟹械谢.小褌褉芯泻懈
Reports	袨褌褔械褌	袪械谐谢邪屑械薪褌懈褉芯胁邪薪薪褘泄袨褌褔械褌小褌邪褌懈褋褌懈泻邪肖芯褉屑邪袩5袦	Reports/袪械谐谢邪屑械薪褌懈褉芯胁邪薪薪褘泄袨褌褔械褌小褌邪褌懈褋褌懈泻邪肖芯褉屑邪袩5袦/Forms/肖芯褉屑邪袨褌褔械褌邪2020袣胁1/Ext/Form/Module.bsl	肖芯褉屑邪.屑小褌褉褍泻褌褍褉邪袦薪芯谐芯褋褌褉芯褔薪褘褏袪邪蟹写械谢芯胁
Reports	袨褌褔械褌	袪械谐谢邪屑械薪褌懈褉芯胁邪薪薪褘泄袨褌褔械褌小褌邪褌懈褋褌懈泻邪肖芯褉屑邪袩5袦	Reports/袪械谐谢邪屑械薪褌懈褉芯胁邪薪薪褘泄袨褌褔械褌小褌邪褌懈褋褌懈泻邪肖芯褉屑邪袩5袦/Forms/肖芯褉屑邪袨褌褔械褌邪2020袣胁1/Ext/Form/Module.bsl	肖芯褉屑邪.屑孝邪斜谢懈褑邪小芯褋褌邪胁袩芯泻邪蟹邪褌械谢械泄
Reports	袨褌褔械褌	袪械谐谢邪屑械薪褌懈褉芯胁邪薪薪褘泄袨褌褔械褌小褌邪褌懈褋褌懈泻邪肖芯褉屑邪袩5袦	Reports/袪械谐谢邪屑械薪褌懈褉芯胁邪薪薪褘泄袨褌褔械褌小褌邪褌懈褋褌懈泻邪肖芯褉屑邪袩5袦/Forms/肖芯褉屑邪袨褌褔械褌邪2020袣胁1/Ext/Form/Module.bsl	协谢械屑械薪褌小褌褉褍泻褌褍褉褘.袟薪邪褔械薪懈械
Reports	袨褌褔械褌	袪械谐谢邪屑械薪褌懈褉芯胁邪薪薪褘泄袨褌褔械褌小褌邪褌懈褋褌懈泻邪肖芯褉屑邪袩5袦	Reports/袪械谐谢邪屑械薪褌懈褉芯胁邪薪薪褘泄袨褌褔械褌小褌邪褌懈褋褌懈泻邪肖芯褉屑邪袩5袦/Forms/肖芯褉屑邪袨褌褔械褌邪2021袣胁1/Ext/Form/Module.bsl	袥懈褋褌.袨斜谢邪褋褌懈
Reports	袨褌褔械褌	袪械谐谢邪屑械薪褌懈褉芯胁邪薪薪褘泄袨褌褔械褌小褌邪褌懈褋褌懈泻邪肖芯褉屑邪袩5袦	Reports/袪械谐谢邪屑械薪褌懈褉芯胁邪薪薪褘泄袨褌褔械褌小褌邪褌懈褋褌懈泻邪肖芯褉屑邪袩5袦/Forms/肖芯褉屑邪袨褌褔械褌邪2021袣胁1/Ext/Form/Module.bsl	袦邪泻械褌小芯褋褌邪胁邪袩芯泻邪蟹邪褌械谢械泄.袨斜谢邪褋褌懈
Reports	袨褌褔械褌	袪械谐谢邪屑械薪褌懈褉芯胁邪薪薪褘泄袨褌褔械褌小褌邪褌懈褋褌懈泻邪肖芯褉屑邪袩5袦	Reports/袪械谐谢邪屑械薪褌懈褉芯胁邪薪薪褘泄袨褌褔械褌小褌邪褌懈褋褌懈泻邪肖芯褉屑邪袩5袦/Forms/肖芯褉屑邪袨褌褔械褌邪2021袣胁1/Ext/Form/Module.bsl	校蟹械谢.小褌褉芯泻懈
Reports	袨褌褔械褌	袪械谐谢邪屑械薪褌懈褉芯胁邪薪薪褘泄袨褌褔械褌小褌邪褌懈褋褌懈泻邪肖芯褉屑邪袩5袦	Reports/袪械谐谢邪屑械薪褌懈褉芯胁邪薪薪褘泄袨褌褔械褌小褌邪褌懈褋褌懈泻邪肖芯褉屑邪袩5袦/Forms/肖芯褉屑邪袨褌褔械褌邪2021袣胁1/Ext/Form/Module.bsl	肖芯褉屑邪.屑小褌褉褍泻褌褍褉邪袦薪芯谐芯褋褌褉芯褔薪褘褏袪邪蟹写械谢芯胁
Reports	袨褌褔械褌	袪械谐谢邪屑械薪褌懈褉芯胁邪薪薪褘泄袨褌褔械褌小褌邪褌懈褋褌懈泻邪肖芯褉屑邪袩5袦	Reports/袪械谐谢邪屑械薪褌懈褉芯胁邪薪薪褘泄袨褌褔械褌小褌邪褌懈褋褌懈泻邪肖芯褉屑邪袩5袦/Forms/肖芯褉屑邪袨褌褔械褌邪2021袣胁1/Ext/Form/Module.bsl	肖芯褉屑邪.屑孝邪斜谢懈褑邪小芯褋褌邪胁袩芯泻邪蟹邪褌械谢械泄
Reports	袨褌褔械褌	袪械谐谢邪屑械薪褌懈褉芯胁邪薪薪褘泄袨褌褔械褌小褌邪褌懈褋褌懈泻邪肖芯褉屑邪袩5袦	Reports/袪械谐谢邪屑械薪褌懈褉芯胁邪薪薪褘泄袨褌褔械褌小褌邪褌懈褋褌懈泻邪肖芯褉屑邪袩5袦/Forms/肖芯褉屑邪袨褌褔械褌邪2021袣胁1/Ext/Form/Module.bsl	协谢械屑械薪褌小褌褉褍泻褌褍褉褘.袟薪邪褔械薪懈械
Reports	袨褌褔械褌	袪械谐谢邪屑械薪褌懈褉芯胁邪薪薪褘泄袨褌褔械褌小褌邪褌懈褋褌懈泻邪肖芯褉屑邪袩5袦	Reports/袪械谐谢邪屑械薪褌懈褉芯胁邪薪薪褘泄袨褌褔械褌小褌邪褌懈褋褌懈泻邪肖芯褉屑邪袩5袦/Forms/肖芯褉屑邪袨褌褔械褌邪2022袣胁1/Ext/Form/Module.bsl	袥懈褋褌.袨斜谢邪褋褌懈
Reports	袨褌褔械褌	袪械谐谢邪屑械薪褌懈褉芯胁邪薪薪褘泄袨褌褔械褌小褌邪褌懈褋褌懈泻邪肖芯褉屑邪袩5袦	Reports/袪械谐谢邪屑械薪褌懈褉芯胁邪薪薪褘泄袨褌褔械褌小褌邪褌懈褋褌懈泻邪肖芯褉屑邪袩5袦/Forms/肖芯褉屑邪袨褌褔械褌邪2022袣胁1/Ext/Form/Module.bsl	袦邪泻械褌小芯褋褌邪胁邪袩芯泻邪蟹邪褌械谢械泄.袨斜谢邪褋褌懈
Reports	袨褌褔械褌	袪械谐谢邪屑械薪褌懈褉芯胁邪薪薪褘泄袨褌褔械褌小褌邪褌懈褋褌懈泻邪肖芯褉屑邪袩5袦	Reports/袪械谐谢邪屑械薪褌懈褉芯胁邪薪薪褘泄袨褌褔械褌小褌邪褌懈褋褌懈泻邪肖芯褉屑邪袩5袦/Forms/肖芯褉屑邪袨褌褔械褌邪2022袣胁1/Ext/Form/Module.bsl	校蟹械谢.小褌褉芯泻懈
Reports	袨褌褔械褌	袪械谐谢邪屑械薪褌懈褉芯胁邪薪薪褘泄袨褌褔械褌小褌邪褌懈褋褌懈泻邪肖芯褉屑邪袩5袦	Reports/袪械谐谢邪屑械薪褌懈褉芯胁邪薪薪褘泄袨褌褔械褌小褌邪褌懈褋褌懈泻邪肖芯褉屑邪袩5袦/Forms/肖芯褉屑邪袨褌褔械褌邪2022袣胁1/Ext/Form/Module.bsl	肖芯褉屑邪.屑小褌褉褍泻褌褍褉邪袦薪芯谐芯褋褌褉芯褔薪褘褏袪邪蟹写械谢芯胁
Reports	袨褌褔械褌	袪械谐谢邪屑械薪褌懈褉芯胁邪薪薪褘泄袨褌褔械褌小褌邪褌懈褋褌懈泻邪肖芯褉屑邪袩5袦	Reports/袪械谐谢邪屑械薪褌懈褉芯胁邪薪薪褘泄袨褌褔械褌小褌邪褌懈褋褌懈泻邪肖芯褉屑邪袩5袦/Forms/肖芯褉屑邪袨褌褔械褌邪2022袣胁1/Ext/Form/Module.bsl	肖芯褉屑邪.屑孝邪斜谢懈褑邪小芯褋褌邪胁袩芯泻邪蟹邪褌械谢械泄
Reports	袨褌褔械褌	袪械谐谢邪屑械薪褌懈褉芯胁邪薪薪褘泄袨褌褔械褌小褌邪褌懈褋褌懈泻邪肖芯褉屑邪袩5袦	Reports/袪械谐谢邪屑械薪褌懈褉芯胁邪薪薪褘泄袨褌褔械褌小褌邪褌懈褋褌懈泻邪肖芯褉屑邪袩5袦/Forms/肖芯褉屑邪袨褌褔械褌邪2022袣胁1/Ext/Form/Module.bsl	协谢械屑械薪褌小褌褉褍泻褌褍褉褘.袟薪邪褔械薪懈械
Reports	袨褌褔械褌	袪械谐谢邪屑械薪褌懈褉芯胁邪薪薪褘泄袨褌褔械褌小褌邪褌懈褋褌懈泻邪肖芯褉屑邪校褔械褌邪袩械褉械屑械褖械薪懈褟孝芯胁邪褉芯胁孝小	Reports/袪械谐谢邪屑械薪褌懈褉芯胁邪薪薪褘泄袨褌褔械褌小褌邪褌懈褋褌懈泻邪肖芯褉屑邪校褔械褌邪袩械褉械屑械褖械薪懈褟孝芯胁邪褉芯胁孝小/Forms/肖芯褉屑邪袨褌褔械褌邪2011袣胁1/Ext/Form/Module.bsl	袣褝褕.袨褉谐邪薪懈蟹邪褑懈褟.袣芯薪褌邪泻褌薪邪褟袠薪褎芯褉屑邪褑懈褟
Reports	袨褌褔械褌	袪械谐谢邪屑械薪褌懈褉芯胁邪薪薪褘泄袨褌褔械褌小褌邪褌懈褋褌懈泻邪肖芯褉屑邪校褔械褌邪袩械褉械屑械褖械薪懈褟孝芯胁邪褉芯胁孝小	Reports/袪械谐谢邪屑械薪褌懈褉芯胁邪薪薪褘泄袨褌褔械褌小褌邪褌懈褋褌懈泻邪肖芯褉屑邪校褔械褌邪袩械褉械屑械褖械薪懈褟孝芯胁邪褉芯胁孝小/Forms/肖芯褉屑邪袨褌褔械褌邪2011袣胁1/Ext/Form/Module.bsl	袨斜谢邪褋褌褜袛芯锌小褌褉芯泻懈.袨斜谢邪褋褌懈
Reports	袨褌褔械褌	袪械谐谢邪屑械薪褌懈褉芯胁邪薪薪褘泄袨褌褔械褌小褌邪褌懈褋褌懈泻邪肖芯褉屑邪校褔械褌邪袩械褉械屑械褖械薪懈褟孝芯胁邪褉芯胁孝小	Reports/袪械谐谢邪屑械薪褌懈褉芯胁邪薪薪褘泄袨褌褔械褌小褌邪褌懈褋褌懈泻邪肖芯褉屑邪校褔械褌邪袩械褉械屑械褖械薪懈褟孝芯胁邪褉芯胁孝小/Forms/肖芯褉屑邪袨褌褔械褌邪2011袣胁1/Ext/Form/Module.bsl	袩械褔邪褌薪邪褟肖芯褉屑邪.袨斜谢邪褋褌懈
Reports	袨褌褔械褌	袪械谐谢邪屑械薪褌懈褉芯胁邪薪薪褘泄袨褌褔械褌小褌邪褌懈褋褌懈泻邪肖芯褉屑邪校褔械褌邪袩械褉械屑械褖械薪懈褟孝芯胁邪褉芯胁孝小	Reports/袪械谐谢邪屑械薪褌懈褉芯胁邪薪薪褘泄袨褌褔械褌小褌邪褌懈褋褌懈泻邪肖芯褉屑邪校褔械褌邪袩械褉械屑械褖械薪懈褟孝芯胁邪褉芯胁孝小/Forms/肖芯褉屑邪袨褌褔械褌邪2011袣胁1/Ext/Form/Module.bsl	小褌褉褍泻褌褍褉邪袪械泻胁懈蟹懈褌芯胁肖芯褉屑褘.小锌懈褋芯泻袩械褔邪褌邪械屑褘褏袥懈褋褌芯胁
Reports	袨褌褔械褌	袪械谐谢邪屑械薪褌懈褉芯胁邪薪薪褘泄袨褌褔械褌小褌邪褌懈褋褌懈泻邪肖芯褉屑邪校褔械褌邪袩械褉械屑械褖械薪懈褟孝芯胁邪褉芯胁孝小	Reports/袪械谐谢邪屑械薪褌懈褉芯胁邪薪薪褘泄袨褌褔械褌小褌邪褌懈褋褌懈泻邪肖芯褉屑邪校褔械褌邪袩械褉械屑械褖械薪懈褟孝芯胁邪褉芯胁孝小/Forms/肖芯褉屑邪袨褌褔械褌邪2011袣胁1/Ext/Form/Module.bsl	孝邪斜袛芯泻.袨斜谢邪褋褌懈
Reports	袨褌褔械褌	袪械谐谢邪屑械薪褌懈褉芯胁邪薪薪褘泄袨褌褔械褌小褌邪褌懈褋褌懈泻邪肖芯褉屑邪校褔械褌邪袩械褉械屑械褖械薪懈褟孝芯胁邪褉芯胁孝小	Reports/袪械谐谢邪屑械薪褌懈褉芯胁邪薪薪褘泄袨褌褔械褌小褌邪褌懈褋褌懈泻邪肖芯褉屑邪校褔械褌邪袩械褉械屑械褖械薪懈褟孝芯胁邪褉芯胁孝小/Forms/肖芯褉屑邪袨褌褔械褌邪2011袣胁1/Ext/Form/Module.bsl	孝邪斜谢懈褑邪袪邪蟹写械谢邪.袣芯谢芯薪泻懈
Reports	袨褌褔械褌	袪械谐谢邪屑械薪褌懈褉芯胁邪薪薪褘泄袨褌褔械褌小褌邪褌懈褋褌懈泻邪肖芯褉屑邪校褔械褌邪袩械褉械屑械褖械薪懈褟孝芯胁邪褉芯胁孝小	Reports/袪械谐谢邪屑械薪褌懈褉芯胁邪薪薪褘泄袨褌褔械褌小褌邪褌懈褋褌懈泻邪肖芯褉屑邪校褔械褌邪袩械褉械屑械褖械薪懈褟孝芯胁邪褉芯胁孝小/Forms/肖芯褉屑邪袨褌褔械褌邪2011袣胁1/Ext/Form/Module.bsl	孝械泻孝邪斜谢懈褔薪芯械袩芯谢械.袨斜谢邪褋褌懈
Reports	袨褌褔械褌	袪械谐谢邪屑械薪褌懈褉芯胁邪薪薪褘泄袨褌褔械褌小褌邪褌懈褋褌懈泻邪肖芯褉屑邪校褔械褌邪袩械褉械屑械褖械薪懈褟孝芯胁邪褉芯胁孝小	Reports/袪械谐谢邪屑械薪褌懈褉芯胁邪薪薪褘泄袨褌褔械褌小褌邪褌懈褋褌懈泻邪肖芯褉屑邪校褔械褌邪袩械褉械屑械褖械薪懈褟孝芯胁邪褉芯胁孝小/Forms/肖芯褉屑邪袨褌褔械褌邪2011袣胁1/Ext/Form/Module.bsl	肖芯褉屑邪.屑小褌褉褍泻褌褍褉邪袦薪芯谐芯褋褌褉芯褔薪褘褏袪邪蟹写械谢芯胁
Reports	袨褌褔械褌	袪械谐谢邪屑械薪褌懈褉芯胁邪薪薪褘泄袨褌褔械褌小褌邪褌懈褋褌懈泻邪肖芯褉屑邪校褔械褌邪袩械褉械屑械褖械薪懈褟孝芯胁邪褉芯胁孝小	Reports/袪械谐谢邪屑械薪褌懈褉芯胁邪薪薪褘泄袨褌褔械褌小褌邪褌懈褋褌懈泻邪肖芯褉屑邪校褔械褌邪袩械褉械屑械褖械薪懈褟孝芯胁邪褉芯胁孝小/Forms/肖芯褉屑邪袨褌褔械褌邪2011袣胁1/Ext/Form/Module.bsl	协褌邪肖芯褉屑邪.小褌褉褍泻褌褍褉邪袛邪薪薪褘褏肖芯褉屑褘
Reports	袨褌褔械褌	袪械谐谢邪屑械薪褌懈褉芯胁邪薪薪褘泄袨褌褔械褌小褌邪褌懈褋褌懈泻邪肖芯褉屑邪校褔械褌邪袩械褉械屑械褖械薪懈褟孝芯胁邪褉芯胁孝小	Reports/袪械谐谢邪屑械薪褌懈褉芯胁邪薪薪褘泄袨褌褔械褌小褌邪褌懈褋褌懈泻邪肖芯褉屑邪校褔械褌邪袩械褉械屑械褖械薪懈褟孝芯胁邪褉芯胁孝小/Forms/肖芯褉屑邪袨褌褔械褌邪2015袣胁2/Ext/Form/Module.bsl	袣褝褕.袨褉谐邪薪懈蟹邪褑懈褟.袣芯薪褌邪泻褌薪邪褟袠薪褎芯褉屑邪褑懈褟
Reports	袨褌褔械褌	袪械谐谢邪屑械薪褌懈褉芯胁邪薪薪褘泄袨褌褔械褌小褌邪褌懈褋褌懈泻邪肖芯褉屑邪校褔械褌邪袩械褉械屑械褖械薪懈褟孝芯胁邪褉芯胁孝小	Reports/袪械谐谢邪屑械薪褌懈褉芯胁邪薪薪褘泄袨褌褔械褌小褌邪褌懈褋褌懈泻邪肖芯褉屑邪校褔械褌邪袩械褉械屑械褖械薪懈褟孝芯胁邪褉芯胁孝小/Forms/肖芯褉屑邪袨褌褔械褌邪2015袣胁2/Ext/Form/Module.bsl	袦邪泻械褌小芯褋褌邪胁邪袩芯泻邪蟹邪褌械谢械泄.袨斜谢邪褋褌懈
Reports	袨褌褔械褌	袪械谐谢邪屑械薪褌懈褉芯胁邪薪薪褘泄袨褌褔械褌小褌邪褌懈褋褌懈泻邪肖芯褉屑邪校褔械褌邪袩械褉械屑械褖械薪懈褟孝芯胁邪褉芯胁孝小	Reports/袪械谐谢邪屑械薪褌懈褉芯胁邪薪薪褘泄袨褌褔械褌小褌邪褌懈褋褌懈泻邪肖芯褉屑邪校褔械褌邪袩械褉械屑械褖械薪懈褟孝芯胁邪褉芯胁孝小/Forms/肖芯褉屑邪袨褌褔械褌邪2015袣胁2/Ext/Form/Module.bsl	袨斜谢邪褋褌褜袛芯锌小褌褉芯泻懈.袨斜谢邪褋褌懈
Reports	袨褌褔械褌	袪械谐谢邪屑械薪褌懈褉芯胁邪薪薪褘泄袨褌褔械褌小褌邪褌懈褋褌懈泻邪肖芯褉屑邪校褔械褌邪袩械褉械屑械褖械薪懈褟孝芯胁邪褉芯胁孝小	Reports/袪械谐谢邪屑械薪褌懈褉芯胁邪薪薪褘泄袨褌褔械褌小褌邪褌懈褋褌懈泻邪肖芯褉屑邪校褔械褌邪袩械褉械屑械褖械薪懈褟孝芯胁邪褉芯胁孝小/Forms/肖芯褉屑邪袨褌褔械褌邪2015袣胁2/Ext/Form/Module.bsl	袩械褔邪褌薪邪褟肖芯褉屑邪.袨斜谢邪褋褌懈
Reports	袨褌褔械褌	袪械谐谢邪屑械薪褌懈褉芯胁邪薪薪褘泄袨褌褔械褌小褌邪褌懈褋褌懈泻邪肖芯褉屑邪校褔械褌邪袩械褉械屑械褖械薪懈褟孝芯胁邪褉芯胁孝小	Reports/袪械谐谢邪屑械薪褌懈褉芯胁邪薪薪褘泄袨褌褔械褌小褌邪褌懈褋褌懈泻邪肖芯褉屑邪校褔械褌邪袩械褉械屑械褖械薪懈褟孝芯胁邪褉芯胁孝小/Forms/肖芯褉屑邪袨褌褔械褌邪2015袣胁2/Ext/Form/Module.bsl	小褌褉褍泻褌褍褉邪袪械泻胁懈蟹懈褌芯胁肖芯褉屑褘.小锌懈褋芯泻袩械褔邪褌邪械屑褘褏袥懈褋褌芯胁
Reports	袨褌褔械褌	袪械谐谢邪屑械薪褌懈褉芯胁邪薪薪褘泄袨褌褔械褌小褌邪褌懈褋褌懈泻邪肖芯褉屑邪校褔械褌邪袩械褉械屑械褖械薪懈褟孝芯胁邪褉芯胁孝小	Reports/袪械谐谢邪屑械薪褌懈褉芯胁邪薪薪褘泄袨褌褔械褌小褌邪褌懈褋褌懈泻邪肖芯褉屑邪校褔械褌邪袩械褉械屑械褖械薪懈褟孝芯胁邪褉芯胁孝小/Forms/肖芯褉屑邪袨褌褔械褌邪2015袣胁2/Ext/Form/Module.bsl	孝邪斜袛芯泻.袨斜谢邪褋褌懈
Reports	袨褌褔械褌	袪械谐谢邪屑械薪褌懈褉芯胁邪薪薪褘泄袨褌褔械褌小褌邪褌懈褋褌懈泻邪肖芯褉屑邪校褔械褌邪袩械褉械屑械褖械薪懈褟孝芯胁邪褉芯胁孝小	Reports/袪械谐谢邪屑械薪褌懈褉芯胁邪薪薪褘泄袨褌褔械褌小褌邪褌懈褋褌懈泻邪肖芯褉屑邪校褔械褌邪袩械褉械屑械褖械薪懈褟孝芯胁邪褉芯胁孝小/Forms/肖芯褉屑邪袨褌褔械褌邪2015袣胁2/Ext/Form/Module.bsl	孝邪斜谢懈褑邪袪邪蟹写械谢邪.袣芯谢芯薪泻懈
Reports	袨褌褔械褌	袪械谐谢邪屑械薪褌懈褉芯胁邪薪薪褘泄袨褌褔械褌小褌邪褌懈褋褌懈泻邪肖芯褉屑邪校褔械褌邪袩械褉械屑械褖械薪懈褟孝芯胁邪褉芯胁孝小	Reports/袪械谐谢邪屑械薪褌懈褉芯胁邪薪薪褘泄袨褌褔械褌小褌邪褌懈褋褌懈泻邪肖芯褉屑邪校褔械褌邪袩械褉械屑械褖械薪懈褟孝芯胁邪褉芯胁孝小/Forms/肖芯褉屑邪袨褌褔械褌邪2015袣胁2/Ext/Form/Module.bsl	孝械泻孝邪斜谢懈褔薪芯械袩芯谢械.袨斜谢邪褋褌懈
Reports	袨褌褔械褌	袪械谐谢邪屑械薪褌懈褉芯胁邪薪薪褘泄袨褌褔械褌小褌邪褌懈褋褌懈泻邪肖芯褉屑邪校褔械褌邪袩械褉械屑械褖械薪懈褟孝芯胁邪褉芯胁孝小	Reports/袪械谐谢邪屑械薪褌懈褉芯胁邪薪薪褘泄袨褌褔械褌小褌邪褌懈褋褌懈泻邪肖芯褉屑邪校褔械褌邪袩械褉械屑械褖械薪懈褟孝芯胁邪褉芯胁孝小/Forms/肖芯褉屑邪袨褌褔械褌邪2015袣胁2/Ext/Form/Module.bsl	校蟹械谢.小褌褉芯泻懈
Reports	袨褌褔械褌	袪械谐谢邪屑械薪褌懈褉芯胁邪薪薪褘泄袨褌褔械褌小褌邪褌懈褋褌懈泻邪肖芯褉屑邪校褔械褌邪袩械褉械屑械褖械薪懈褟孝芯胁邪褉芯胁孝小	Reports/袪械谐谢邪屑械薪褌懈褉芯胁邪薪薪褘泄袨褌褔械褌小褌邪褌懈褋褌懈泻邪肖芯褉屑邪校褔械褌邪袩械褉械屑械褖械薪懈褟孝芯胁邪褉芯胁孝小/Forms/肖芯褉屑邪袨褌褔械褌邪2015袣胁2/Ext/Form/Module.bsl	肖芯褉屑邪.屑小褌褉褍泻褌褍褉邪袦薪芯谐芯褋褌褉芯褔薪褘褏袪邪蟹写械谢芯胁
Reports	袨褌褔械褌	袪械谐谢邪屑械薪褌懈褉芯胁邪薪薪褘泄袨褌褔械褌小褌邪褌懈褋褌懈泻邪肖芯褉屑邪校褔械褌邪袩械褉械屑械褖械薪懈褟孝芯胁邪褉芯胁孝小	Reports/袪械谐谢邪屑械薪褌懈褉芯胁邪薪薪褘泄袨褌褔械褌小褌邪褌懈褋褌懈泻邪肖芯褉屑邪校褔械褌邪袩械褉械屑械褖械薪懈褟孝芯胁邪褉芯胁孝小/Forms/肖芯褉屑邪袨褌褔械褌邪2015袣胁2/Ext/Form/Module.bsl	协褌邪肖芯褉屑邪.小褌褉褍泻褌褍褉邪袛邪薪薪褘褏肖芯褉屑褘
Reports	袨褌褔械褌	袪械谐谢邪屑械薪褌懈褉芯胁邪薪薪褘泄袨褌褔械褌小褌邪褌懈褋褌懈泻邪肖芯褉屑邪校褔械褌邪袩械褉械屑械褖械薪懈褟孝芯胁邪褉芯胁孝小	Reports/袪械谐谢邪屑械薪褌懈褉芯胁邪薪薪褘泄袨褌褔械褌小褌邪褌懈褋褌懈泻邪肖芯褉屑邪校褔械褌邪袩械褉械屑械褖械薪懈褟孝芯胁邪褉芯胁孝小/Forms/肖芯褉屑邪袨褌褔械褌邪2016袣胁1/Ext/Form/Module.bsl	袦邪泻械褌小芯褋褌邪胁邪袩芯泻邪蟹邪褌械谢械泄.袨斜谢邪褋褌懈
Reports	袨褌褔械褌	袪械谐谢邪屑械薪褌懈褉芯胁邪薪薪褘泄袨褌褔械褌小褌邪褌懈褋褌懈泻邪肖芯褉屑邪校褔械褌邪袩械褉械屑械褖械薪懈褟孝芯胁邪褉芯胁孝小	Reports/袪械谐谢邪屑械薪褌懈褉芯胁邪薪薪褘泄袨褌褔械褌小褌邪褌懈褋褌懈泻邪肖芯褉屑邪校褔械褌邪袩械褉械屑械褖械薪懈褟孝芯胁邪褉芯胁孝小/Forms/肖芯褉屑邪袨褌褔械褌邪2016袣胁1/Ext/Form/Module.bsl	袨斜谢邪褋褌褜袛芯锌小褌褉芯泻懈.袨斜谢邪褋褌懈
Reports	袨褌褔械褌	袪械谐谢邪屑械薪褌懈褉芯胁邪薪薪褘泄袨褌褔械褌小褌邪褌懈褋褌懈泻邪肖芯褉屑邪校褔械褌邪袩械褉械屑械褖械薪懈褟孝芯胁邪褉芯胁孝小	Reports/袪械谐谢邪屑械薪褌懈褉芯胁邪薪薪褘泄袨褌褔械褌小褌邪褌懈褋褌懈泻邪肖芯褉屑邪校褔械褌邪袩械褉械屑械褖械薪懈褟孝芯胁邪褉芯胁孝小/Forms/肖芯褉屑邪袨褌褔械褌邪2016袣胁1/Ext/Form/Module.bsl	袩械褔邪褌薪邪褟肖芯褉屑邪.袨斜谢邪褋褌懈
Reports	袨褌褔械褌	袪械谐谢邪屑械薪褌懈褉芯胁邪薪薪褘泄袨褌褔械褌小褌邪褌懈褋褌懈泻邪肖芯褉屑邪校褔械褌邪袩械褉械屑械褖械薪懈褟孝芯胁邪褉芯胁孝小	Reports/袪械谐谢邪屑械薪褌懈褉芯胁邪薪薪褘泄袨褌褔械褌小褌邪褌懈褋褌懈泻邪肖芯褉屑邪校褔械褌邪袩械褉械屑械褖械薪懈褟孝芯胁邪褉芯胁孝小/Forms/肖芯褉屑邪袨褌褔械褌邪2016袣胁1/Ext/Form/Module.bsl	小褌褉褍泻褌褍褉邪袪械泻胁懈蟹懈褌芯胁肖芯褉屑褘.小锌懈褋芯泻袩械褔邪褌邪械屑褘褏袥懈褋褌芯胁
Reports	袨褌褔械褌	袪械谐谢邪屑械薪褌懈褉芯胁邪薪薪褘泄袨褌褔械褌小褌邪褌懈褋褌懈泻邪肖芯褉屑邪校褔械褌邪袩械褉械屑械褖械薪懈褟孝芯胁邪褉芯胁孝小	Reports/袪械谐谢邪屑械薪褌懈褉芯胁邪薪薪褘泄袨褌褔械褌小褌邪褌懈褋褌懈泻邪肖芯褉屑邪校褔械褌邪袩械褉械屑械褖械薪懈褟孝芯胁邪褉芯胁孝小/Forms/肖芯褉屑邪袨褌褔械褌邪2016袣胁1/Ext/Form/Module.bsl	孝邪斜袛芯泻.袨斜谢邪褋褌懈
Reports	袨褌褔械褌	袪械谐谢邪屑械薪褌懈褉芯胁邪薪薪褘泄袨褌褔械褌小褌邪褌懈褋褌懈泻邪肖芯褉屑邪校褔械褌邪袩械褉械屑械褖械薪懈褟孝芯胁邪褉芯胁孝小	Reports/袪械谐谢邪屑械薪褌懈褉芯胁邪薪薪褘泄袨褌褔械褌小褌邪褌懈褋褌懈泻邪肖芯褉屑邪校褔械褌邪袩械褉械屑械褖械薪懈褟孝芯胁邪褉芯胁孝小/Forms/肖芯褉屑邪袨褌褔械褌邪2016袣胁1/Ext/Form/Module.bsl	孝邪斜谢懈褑邪袪邪蟹写械谢邪.袣芯谢芯薪泻懈
Reports	袨褌褔械褌	袪械谐谢邪屑械薪褌懈褉芯胁邪薪薪褘泄袨褌褔械褌小褌邪褌懈褋褌懈泻邪肖芯褉屑邪校褔械褌邪袩械褉械屑械褖械薪懈褟孝芯胁邪褉芯胁孝小	Reports/袪械谐谢邪屑械薪褌懈褉芯胁邪薪薪褘泄袨褌褔械褌小褌邪褌懈褋褌懈泻邪肖芯褉屑邪校褔械褌邪袩械褉械屑械褖械薪懈褟孝芯胁邪褉芯胁孝小/Forms/肖芯褉屑邪袨褌褔械褌邪2016袣胁1/Ext/Form/Module.bsl	孝械泻孝邪斜谢懈褔薪芯械袩芯谢械.袨斜谢邪褋褌懈
Reports	袨褌褔械褌	袪械谐谢邪屑械薪褌懈褉芯胁邪薪薪褘泄袨褌褔械褌小褌邪褌懈褋褌懈泻邪肖芯褉屑邪校褔械褌邪袩械褉械屑械褖械薪懈褟孝芯胁邪褉芯胁孝小	Reports/袪械谐谢邪屑械薪褌懈褉芯胁邪薪薪褘泄袨褌褔械褌小褌邪褌懈褋褌懈泻邪肖芯褉屑邪校褔械褌邪袩械褉械屑械褖械薪懈褟孝芯胁邪褉芯胁孝小/Forms/肖芯褉屑邪袨褌褔械褌邪2016袣胁1/Ext/Form/Module.bsl	校蟹械谢.小褌褉芯泻懈
Reports	袨褌褔械褌	袪械谐谢邪屑械薪褌懈褉芯胁邪薪薪褘泄袨褌褔械褌小褌邪褌懈褋褌懈泻邪肖芯褉屑邪校褔械褌邪袩械褉械屑械褖械薪懈褟孝芯胁邪褉芯胁孝小	Reports/袪械谐谢邪屑械薪褌懈褉芯胁邪薪薪褘泄袨褌褔械褌小褌邪褌懈褋褌懈泻邪肖芯褉屑邪校褔械褌邪袩械褉械屑械褖械薪懈褟孝芯胁邪褉芯胁孝小/Forms/肖芯褉屑邪袨褌褔械褌邪2016袣胁1/Ext/Form/Module.bsl	肖芯褉屑邪.屑小褌褉褍泻褌褍褉邪袦薪芯谐芯褋褌褉芯褔薪褘褏袪邪蟹写械谢芯胁
Reports	袨褌褔械褌	袪械谐谢邪屑械薪褌懈褉芯胁邪薪薪褘泄袨褌褔械褌小褌邪褌懈褋褌懈泻邪肖芯褉屑邪校褔械褌邪袩械褉械屑械褖械薪懈褟孝芯胁邪褉芯胁孝小	Reports/袪械谐谢邪屑械薪褌懈褉芯胁邪薪薪褘泄袨褌褔械褌小褌邪褌懈褋褌懈泻邪肖芯褉屑邪校褔械褌邪袩械褉械屑械褖械薪懈褟孝芯胁邪褉芯胁孝小/Forms/肖芯褉屑邪袨褌褔械褌邪2016袣胁1/Ext/Form/Module.bsl	协褌邪肖芯褉屑邪.小褌褉褍泻褌褍褉邪袛邪薪薪褘褏肖芯褉屑褘
Reports	袨褌褔械褌	袪械谐谢邪屑械薪褌懈褉芯胁邪薪薪褘泄袨褌褔械褌小褌邪褌懈褋褌懈泻邪肖芯褉屑邪校褔械褌邪袩械褉械屑械褖械薪懈褟孝芯胁邪褉芯胁孝小	Reports/袪械谐谢邪屑械薪褌懈褉芯胁邪薪薪褘泄袨褌褔械褌小褌邪褌懈褋褌懈泻邪肖芯褉屑邪校褔械褌邪袩械褉械屑械褖械薪懈褟孝芯胁邪褉芯胁孝小/Forms/肖芯褉屑邪袨褌褔械褌邪2020袣胁1/Ext/Form/Module.bsl	袦邪泻械褌小芯褋褌邪胁邪袩芯泻邪蟹邪褌械谢械泄.袨斜谢邪褋褌懈
Reports	袨褌褔械褌	袪械谐谢邪屑械薪褌懈褉芯胁邪薪薪褘泄袨褌褔械褌小褌邪褌懈褋褌懈泻邪肖芯褉屑邪校褔械褌邪袩械褉械屑械褖械薪懈褟孝芯胁邪褉芯胁孝小	Reports/袪械谐谢邪屑械薪褌懈褉芯胁邪薪薪褘泄袨褌褔械褌小褌邪褌懈褋褌懈泻邪肖芯褉屑邪校褔械褌邪袩械褉械屑械褖械薪懈褟孝芯胁邪褉芯胁孝小/Forms/肖芯褉屑邪袨褌褔械褌邪2020袣胁1/Ext/Form/Module.bsl	袨斜谢邪褋褌褜袛芯锌小褌褉芯泻懈.袨斜谢邪褋褌懈
Reports	袨褌褔械褌	袪械谐谢邪屑械薪褌懈褉芯胁邪薪薪褘泄袨褌褔械褌小褌邪褌懈褋褌懈泻邪肖芯褉屑邪校褔械褌邪袩械褉械屑械褖械薪懈褟孝芯胁邪褉芯胁孝小	Reports/袪械谐谢邪屑械薪褌懈褉芯胁邪薪薪褘泄袨褌褔械褌小褌邪褌懈褋褌懈泻邪肖芯褉屑邪校褔械褌邪袩械褉械屑械褖械薪懈褟孝芯胁邪褉芯胁孝小/Forms/肖芯褉屑邪袨褌褔械褌邪2020袣胁1/Ext/Form/Module.bsl	袩械褔邪褌薪邪褟肖芯褉屑邪.袨斜谢邪褋褌懈
Reports	袨褌褔械褌	袪械谐谢邪屑械薪褌懈褉芯胁邪薪薪褘泄袨褌褔械褌小褌邪褌懈褋褌懈泻邪肖芯褉屑邪校褔械褌邪袩械褉械屑械褖械薪懈褟孝芯胁邪褉芯胁孝小	Reports/袪械谐谢邪屑械薪褌懈褉芯胁邪薪薪褘泄袨褌褔械褌小褌邪褌懈褋褌懈泻邪肖芯褉屑邪校褔械褌邪袩械褉械屑械褖械薪懈褟孝芯胁邪褉芯胁孝小/Forms/肖芯褉屑邪袨褌褔械褌邪2020袣胁1/Ext/Form/Module.bsl	小褌褉褍泻褌褍褉邪袪械泻胁懈蟹懈褌芯胁肖芯褉屑褘.小锌懈褋芯泻袩械褔邪褌邪械屑褘褏袥懈褋褌芯胁
Reports	袨褌褔械褌	袪械谐谢邪屑械薪褌懈褉芯胁邪薪薪褘泄袨褌褔械褌小褌邪褌懈褋褌懈泻邪肖芯褉屑邪校褔械褌邪袩械褉械屑械褖械薪懈褟孝芯胁邪褉芯胁孝小	Reports/袪械谐谢邪屑械薪褌懈褉芯胁邪薪薪褘泄袨褌褔械褌小褌邪褌懈褋褌懈泻邪肖芯褉屑邪校褔械褌邪袩械褉械屑械褖械薪懈褟孝芯胁邪褉芯胁孝小/Forms/肖芯褉屑邪袨褌褔械褌邪2020袣胁1/Ext/Form/Module.bsl	孝邪斜袛芯泻.袨斜谢邪褋褌懈
Reports	袨褌褔械褌	袪械谐谢邪屑械薪褌懈褉芯胁邪薪薪褘泄袨褌褔械褌小褌邪褌懈褋褌懈泻邪肖芯褉屑邪校褔械褌邪袩械褉械屑械褖械薪懈褟孝芯胁邪褉芯胁孝小	Reports/袪械谐谢邪屑械薪褌懈褉芯胁邪薪薪褘泄袨褌褔械褌小褌邪褌懈褋褌懈泻邪肖芯褉屑邪校褔械褌邪袩械褉械屑械褖械薪懈褟孝芯胁邪褉芯胁孝小/Forms/肖芯褉屑邪袨褌褔械褌邪2020袣胁1/Ext/Form/Module.bsl	孝邪斜谢懈褑邪袪邪蟹写械谢邪.袣芯谢芯薪泻懈
Reports	袨褌褔械褌	袪械谐谢邪屑械薪褌懈褉芯胁邪薪薪褘泄袨褌褔械褌小褌邪褌懈褋褌懈泻邪肖芯褉屑邪校褔械褌邪袩械褉械屑械褖械薪懈褟孝芯胁邪褉芯胁孝小	Reports/袪械谐谢邪屑械薪褌懈褉芯胁邪薪薪褘泄袨褌褔械褌小褌邪褌懈褋褌懈泻邪肖芯褉屑邪校褔械褌邪袩械褉械屑械褖械薪懈褟孝芯胁邪褉芯胁孝小/Forms/肖芯褉屑邪袨褌褔械褌邪2020袣胁1/Ext/Form/Module.bsl	孝械泻孝邪斜谢懈褔薪芯械袩芯谢械.袨斜谢邪褋褌懈
Reports	袨褌褔械褌	袪械谐谢邪屑械薪褌懈褉芯胁邪薪薪褘泄袨褌褔械褌小褌邪褌懈褋褌懈泻邪肖芯褉屑邪校褔械褌邪袩械褉械屑械褖械薪懈褟孝芯胁邪褉芯胁孝小	Reports/袪械谐谢邪屑械薪褌懈褉芯胁邪薪薪褘泄袨褌褔械褌小褌邪褌懈褋褌懈泻邪肖芯褉屑邪校褔械褌邪袩械褉械屑械褖械薪懈褟孝芯胁邪褉芯胁孝小/Forms/肖芯褉屑邪袨褌褔械褌邪2020袣胁1/Ext/Form/Module.bsl	校蟹械谢.小褌褉芯泻懈
Reports	袨褌褔械褌	袪械谐谢邪屑械薪褌懈褉芯胁邪薪薪褘泄袨褌褔械褌小褌邪褌懈褋褌懈泻邪肖芯褉屑邪校褔械褌邪袩械褉械屑械褖械薪懈褟孝芯胁邪褉芯胁孝小	Reports/袪械谐谢邪屑械薪褌懈褉芯胁邪薪薪褘泄袨褌褔械褌小褌邪褌懈褋褌懈泻邪肖芯褉屑邪校褔械褌邪袩械褉械屑械褖械薪懈褟孝芯胁邪褉芯胁孝小/Forms/肖芯褉屑邪袨褌褔械褌邪2020袣胁1/Ext/Form/Module.bsl	肖芯褉屑邪.屑小褌褉褍泻褌褍褉邪袦薪芯谐芯褋褌褉芯褔薪褘褏袪邪蟹写械谢芯胁
Reports	袨褌褔械褌	袪械谐谢邪屑械薪褌懈褉芯胁邪薪薪褘泄袨褌褔械褌小褌邪褌懈褋褌懈泻邪肖芯褉屑邪校褔械褌邪袩械褉械屑械褖械薪懈褟孝芯胁邪褉芯胁孝小	Reports/袪械谐谢邪屑械薪褌懈褉芯胁邪薪薪褘泄袨褌褔械褌小褌邪褌懈褋褌懈泻邪肖芯褉屑邪校褔械褌邪袩械褉械屑械褖械薪懈褟孝芯胁邪褉芯胁孝小/Forms/肖芯褉屑邪袨褌褔械褌邪2020袣胁1/Ext/Form/Module.bsl	协褌邪肖芯褉屑邪.小褌褉褍泻褌褍褉邪袛邪薪薪褘褏肖芯褉屑褘
Reports	袨褌褔械褌	袪械谐谢邪屑械薪褌懈褉芯胁邪薪薪褘泄袨褌褔械褌校褌懈谢懈蟹邪褑懈芯薪薪褘泄小斜芯褉	Reports/袪械谐谢邪屑械薪褌懈褉芯胁邪薪薪褘泄袨褌褔械褌校褌懈谢懈蟹邪褑懈芯薪薪褘泄小斜芯褉/Forms/肖芯褉屑邪袨褌褔械褌邪2022袣胁1/Ext/Form/Module.bsl	袙械褌泻邪.小褌褉芯泻懈
Reports	袨褌褔械褌	袪械谐谢邪屑械薪褌懈褉芯胁邪薪薪褘泄袨褌褔械褌校褌懈谢懈蟹邪褑懈芯薪薪褘泄小斜芯褉	Reports/袪械谐谢邪屑械薪褌懈褉芯胁邪薪薪褘泄袨褌褔械褌校褌懈谢懈蟹邪褑懈芯薪薪褘泄小斜芯褉/Forms/肖芯褉屑邪袨褌褔械褌邪2022袣胁1/Ext/Form/Module.bsl	袙械褌泻邪_2.小褌褉芯泻懈
Reports	袨褌褔械褌	袪械谐谢邪屑械薪褌懈褉芯胁邪薪薪褘泄袨褌褔械褌校褌懈谢懈蟹邪褑懈芯薪薪褘泄小斜芯褉	Reports/袪械谐谢邪屑械薪褌懈褉芯胁邪薪薪褘泄袨褌褔械褌校褌懈谢懈蟹邪褑懈芯薪薪褘泄小斜芯褉/Forms/肖芯褉屑邪袨褌褔械褌邪2022袣胁1/Ext/Form/Module.bsl	袙械褌泻邪袪2.小褌褉芯泻懈
Reports	袨褌褔械褌	袪械谐谢邪屑械薪褌懈褉芯胁邪薪薪褘泄袨褌褔械褌校褌懈谢懈蟹邪褑懈芯薪薪褘泄小斜芯褉	Reports/袪械谐谢邪屑械薪褌懈褉芯胁邪薪薪褘泄袨褌褔械褌校褌懈谢懈蟹邪褑懈芯薪薪褘泄小斜芯褉/Forms/肖芯褉屑邪袨褌褔械褌邪2022袣胁1/Ext/Form/Module.bsl	袙褉械屑孝邪斜谢懈褔薪褘泄袛芯泻褍屑械薪褌.袨斜谢邪褋褌懈
Reports	袨褌褔械褌	袪械谐谢邪屑械薪褌懈褉芯胁邪薪薪褘泄袨褌褔械褌校褌懈谢懈蟹邪褑懈芯薪薪褘泄小斜芯褉	Reports/袪械谐谢邪屑械薪褌懈褉芯胁邪薪薪褘泄袨褌褔械褌校褌懈谢懈蟹邪褑懈芯薪薪褘泄小斜芯褉/Forms/肖芯褉屑邪袨褌褔械褌邪2022袣胁1/Ext/Form/Module.bsl	袛邪薪薪褘械袣小.袪邪蟹写械谢2
Reports	袨褌褔械褌	袪械谐谢邪屑械薪褌懈褉芯胁邪薪薪褘泄袨褌褔械褌校褌懈谢懈蟹邪褑懈芯薪薪褘泄小斜芯褉	Reports/袪械谐谢邪屑械薪褌懈褉芯胁邪薪薪褘泄袨褌褔械褌校褌懈谢懈蟹邪褑懈芯薪薪褘泄小斜芯褉/Forms/肖芯褉屑邪袨褌褔械褌邪2022袣胁1/Ext/Form/Module.bsl	袛邪薪薪褘械袩芯写褔袦薪效.小褌褉芯泻懈
Reports	袨褌褔械褌	袪械谐谢邪屑械薪褌懈褉芯胁邪薪薪褘泄袨褌褔械褌校褌懈谢懈蟹邪褑懈芯薪薪褘泄小斜芯褉	Reports/袪械谐谢邪屑械薪褌懈褉芯胁邪薪薪褘泄袨褌褔械褌校褌懈谢懈蟹邪褑懈芯薪薪褘泄小斜芯褉/Forms/肖芯褉屑邪袨褌褔械褌邪2022袣胁1/Ext/Form/Module.bsl	袛械褉械胁芯袛邪薪薪褘褏.小褌褉芯泻懈
Reports	袨褌褔械褌	袪械谐谢邪屑械薪褌懈褉芯胁邪薪薪褘泄袨褌褔械褌校褌懈谢懈蟹邪褑懈芯薪薪褘泄小斜芯褉	Reports/袪械谐谢邪屑械薪褌懈褉芯胁邪薪薪褘泄袨褌褔械褌校褌懈谢懈蟹邪褑懈芯薪薪褘泄小斜芯褉/Forms/肖芯褉屑邪袨褌褔械褌邪2022袣胁1/Ext/Form/Module.bsl	袛械褉械胁芯袛邪薪薪褘褏袪邪蟹写械谢邪.小褌褉芯泻懈
Reports	袨褌褔械褌	袪械谐谢邪屑械薪褌懈褉芯胁邪薪薪褘泄袨褌褔械褌校褌懈谢懈蟹邪褑懈芯薪薪褘泄小斜芯褉	Reports/袪械谐谢邪屑械薪褌懈褉芯胁邪薪薪褘泄袨褌褔械褌校褌懈谢懈蟹邪褑懈芯薪薪褘泄小斜芯褉/Forms/肖芯褉屑邪袨褌褔械褌邪2022袣胁1/Ext/Form/Module.bsl	袛械褉械胁芯袦薪效.小褌褉芯泻懈
Reports	袨褌褔械褌	袪械谐谢邪屑械薪褌懈褉芯胁邪薪薪褘泄袨褌褔械褌校褌懈谢懈蟹邪褑懈芯薪薪褘泄小斜芯褉	Reports/袪械谐谢邪屑械薪褌懈褉芯胁邪薪薪褘泄袨褌褔械褌校褌懈谢懈蟹邪褑懈芯薪薪褘泄小斜芯褉/Forms/肖芯褉屑邪袨褌褔械褌邪2022袣胁1/Ext/Form/Module.bsl	袛械褉械胁芯袪邪蟹写械谢邪.小褌褉芯泻懈
Reports	袨褌褔械褌	袪械谐谢邪屑械薪褌懈褉芯胁邪薪薪褘泄袨褌褔械褌校褌懈谢懈蟹邪褑懈芯薪薪褘泄小斜芯褉	Reports/袪械谐谢邪屑械薪褌懈褉芯胁邪薪薪褘泄袨褌褔械褌校褌懈谢懈蟹邪褑懈芯薪薪褘泄小斜芯褉/Forms/肖芯褉屑邪袨褌褔械褌邪2022袣胁1/Ext/Form/Module.bsl	袠褋泻芯屑褘泄袪邪蟹写械谢.袩芯谢褍褔懈褌褜协谢械屑械薪褌褘
Reports	袨褌褔械褌	袪械谐谢邪屑械薪褌懈褉芯胁邪薪薪褘泄袨褌褔械褌校褌懈谢懈蟹邪褑懈芯薪薪褘泄小斜芯褉	Reports/袪械谐谢邪屑械薪褌懈褉芯胁邪薪薪褘泄袨褌褔械褌校褌懈谢懈蟹邪褑懈芯薪薪褘泄小斜芯褉/Forms/肖芯褉屑邪袨褌褔械褌邪2022袣胁1/Ext/Form/Module.bsl	袠褋褏芯写薪褘泄袦邪泻械褌.袨斜谢邪褋褌懈
Reports	袨褌褔械褌	袪械谐谢邪屑械薪褌懈褉芯胁邪薪薪褘泄袨褌褔械褌校褌懈谢懈蟹邪褑懈芯薪薪褘泄小斜芯褉	Reports/袪械谐谢邪屑械薪褌懈褉芯胁邪薪薪褘泄袨褌褔械褌校褌懈谢懈蟹邪褑懈芯薪薪褘泄小斜芯褉/Forms/肖芯褉屑邪袨褌褔械褌邪2022袣胁1/Ext/Form/Module.bsl	袦邪泻械褌袦效袘.袨斜谢邪褋褌懈
Reports	袨褌褔械褌	袪械谐谢邪屑械薪褌懈褉芯胁邪薪薪褘泄袨褌褔械褌校褌懈谢懈蟹邪褑懈芯薪薪褘泄小斜芯褉	Reports/袪械谐谢邪屑械薪褌懈褉芯胁邪薪薪褘泄袨褌褔械褌校褌懈谢懈蟹邪褑懈芯薪薪褘泄小斜芯褉/Forms/肖芯褉屑邪袨褌褔械褌邪2022袣胁1/Ext/Form/Module.bsl	袦邪泻械褌小芯褋褌邪胁邪袩芯泻邪蟹邪褌械谢械泄.袨斜谢邪褋褌懈
Reports	袨褌褔械褌	袪械谐谢邪屑械薪褌懈褉芯胁邪薪薪褘泄袨褌褔械褌校褌懈谢懈蟹邪褑懈芯薪薪褘泄小斜芯褉	Reports/袪械谐谢邪屑械薪褌懈褉芯胁邪薪薪褘泄袨褌褔械褌校褌懈谢懈蟹邪褑懈芯薪薪褘泄小斜芯褉/Forms/肖芯褉屑邪袨褌褔械褌邪2022袣胁1/Ext/Form/Module.bsl	袦薪效邪褋褌褜.袟薪邪褔械薪懈械.小褌褉芯泻懈
Reports	袨褌褔械褌	袪械谐谢邪屑械薪褌懈褉芯胁邪薪薪褘泄袨褌褔械褌校褌懈谢懈蟹邪褑懈芯薪薪褘泄小斜芯褉	Reports/袪械谐谢邪屑械薪褌懈褉芯胁邪薪薪褘泄袨褌褔械褌校褌懈谢懈蟹邪褑懈芯薪薪褘泄小斜芯褉/Forms/肖芯褉屑邪袨褌褔械褌邪2022袣胁1/Ext/Form/Module.bsl	袧邪泄写械薪薪褘泄袪邪蟹写械谢.袩芯谢褍褔懈褌褜协谢械屑械薪褌褘
Reports	袨褌褔械褌	袪械谐谢邪屑械薪褌懈褉芯胁邪薪薪褘泄袨褌褔械褌校褌懈谢懈蟹邪褑懈芯薪薪褘泄小斜芯褉	Reports/袪械谐谢邪屑械薪褌懈褉芯胁邪薪薪褘泄袨褌褔械褌校褌懈谢懈蟹邪褑懈芯薪薪褘泄小斜芯褉/Forms/肖芯褉屑邪袨褌褔械褌邪2022袣胁1/Ext/Form/Module.bsl	袨锌懈褋邪薪懈械袙孝.袠褋褌芯褔薪懈泻.袛芯褋褌褍锌薪褘械袩芯谢褟
Reports	袨褌褔械褌	袪械谐谢邪屑械薪褌懈褉芯胁邪薪薪褘泄袨褌褔械褌校褌懈谢懈蟹邪褑懈芯薪薪褘泄小斜芯褉	Reports/袪械谐谢邪屑械薪褌懈褉芯胁邪薪薪褘泄袨褌褔械褌校褌懈谢懈蟹邪褑懈芯薪薪褘泄小斜芯褉/Forms/肖芯褉屑邪袨褌褔械褌邪2022袣胁1/Ext/Form/Module.bsl	袩褉懈谢芯卸械薪懈械.小褌褉芯泻懈
Reports	袨褌褔械褌	袪械谐谢邪屑械薪褌懈褉芯胁邪薪薪褘泄袨褌褔械褌校褌懈谢懈蟹邪褑懈芯薪薪褘泄小斜芯褉	Reports/袪械谐谢邪屑械薪褌懈褉芯胁邪薪薪褘泄袨褌褔械褌校褌懈谢懈蟹邪褑懈芯薪薪褘泄小斜芯褉/Forms/肖芯褉屑邪袨褌褔械褌邪2022袣胁1/Ext/Form/Module.bsl	袪邪蟹写械谢.袟薪邪褔械薪懈械.小褌褉芯泻懈
Reports	袨褌褔械褌	袪械谐谢邪屑械薪褌懈褉芯胁邪薪薪褘泄袨褌褔械褌校褌懈谢懈蟹邪褑懈芯薪薪褘泄小斜芯褉	Reports/袪械谐谢邪屑械薪褌懈褉芯胁邪薪薪褘泄袨褌褔械褌校褌懈谢懈蟹邪褑懈芯薪薪褘泄小斜芯褉/Forms/肖芯褉屑邪袨褌褔械褌邪2022袣胁1/Ext/Form/Module.bsl	袪邪蟹写械谢褘袨褌褔械褌邪.袩芯谢褍褔懈褌褜协谢械屑械薪褌褘
Reports	袨褌褔械褌	袪械谐谢邪屑械薪褌懈褉芯胁邪薪薪褘泄袨褌褔械褌校褌懈谢懈蟹邪褑懈芯薪薪褘泄小斜芯褉	Reports/袪械谐谢邪屑械薪褌懈褉芯胁邪薪薪褘泄袨褌褔械褌校褌懈谢懈蟹邪褑懈芯薪薪褘泄小斜芯褉/Forms/肖芯褉屑邪袨褌褔械褌邪2022袣胁1/Ext/Form/Module.bsl	袪芯写懈褌械谢褜.小褌褉芯泻懈
Reports	袨褌褔械褌	袪械谐谢邪屑械薪褌懈褉芯胁邪薪薪褘泄袨褌褔械褌校褌懈谢懈蟹邪褑懈芯薪薪褘泄小斜芯褉	Reports/袪械谐谢邪屑械薪褌懈褉芯胁邪薪薪褘泄袨褌褔械褌校褌懈谢懈蟹邪褑懈芯薪薪褘泄小斜芯褉/Forms/肖芯褉屑邪袨褌褔械褌邪2022袣胁1/Ext/Form/Module.bsl	小褌褉邪薪懈褑邪袪邪蟹写械谢邪2.袪邪蟹写械谢21
Reports	袨褌褔械褌	袪械谐谢邪屑械薪褌懈褉芯胁邪薪薪褘泄袨褌褔械褌校褌懈谢懈蟹邪褑懈芯薪薪褘泄小斜芯褉	Reports/袪械谐谢邪屑械薪褌懈褉芯胁邪薪薪褘泄袨褌褔械褌校褌懈谢懈蟹邪褑懈芯薪薪褘泄小斜芯褉/Forms/肖芯褉屑邪袨褌褔械褌邪2022袣胁1/Ext/Form/Module.bsl	小褌褉芯泻邪袛械褉械胁邪.小褌褉芯泻懈
Reports	袨褌褔械褌	袪械谐谢邪屑械薪褌懈褉芯胁邪薪薪褘泄袨褌褔械褌校褌懈谢懈蟹邪褑懈芯薪薪褘泄小斜芯褉	Reports/袪械谐谢邪屑械薪褌懈褉芯胁邪薪薪褘泄袨褌褔械褌校褌懈谢懈蟹邪褑懈芯薪薪褘泄小斜芯褉/Forms/肖芯褉屑邪袨褌褔械褌邪2022袣胁1/Ext/Form/Module.bsl	小褌褉芯泻邪袦薪效.袛邪薪薪褘械
Reports	袨褌褔械褌	袪械谐谢邪屑械薪褌懈褉芯胁邪薪薪褘泄袨褌褔械褌校褌懈谢懈蟹邪褑懈芯薪薪褘泄小斜芯褉	Reports/袪械谐谢邪屑械薪褌懈褉芯胁邪薪薪褘泄袨褌褔械褌校褌懈谢懈蟹邪褑懈芯薪薪褘泄小斜芯褉/Forms/肖芯褉屑邪袨褌褔械褌邪2022袣胁1/Ext/Form/Module.bsl	小褌褉芯泻邪袦薪效邪褋褌懈.袛邪薪薪褘械
Reports	袨褌褔械褌	袪械谐谢邪屑械薪褌懈褉芯胁邪薪薪褘泄袨褌褔械褌校褌懈谢懈蟹邪褑懈芯薪薪褘泄小斜芯褉	Reports/袪械谐谢邪屑械薪褌懈褉芯胁邪薪薪褘泄袨褌褔械褌校褌懈谢懈蟹邪褑懈芯薪薪褘泄小斜芯褉/Forms/肖芯褉屑邪袨褌褔械褌邪2022袣胁1/Ext/Form/Module.bsl	小褌褉芯泻邪孝袟.孝邪斜谢懈褑邪袟薪邪褔械薪懈泄
Reports	袨褌褔械褌	袪械谐谢邪屑械薪褌懈褉芯胁邪薪薪褘泄袨褌褔械褌校褌懈谢懈蟹邪褑懈芯薪薪褘泄小斜芯褉	Reports/袪械谐谢邪屑械薪褌懈褉芯胁邪薪薪褘泄袨褌褔械褌校褌懈谢懈蟹邪褑懈芯薪薪褘泄小斜芯褉/Forms/肖芯褉屑邪袨褌褔械褌邪2022袣胁1/Ext/Form/Module.bsl	小褌褉褍泻褌褍褉邪袛邪薪薪褘褏.袛邪薪薪褘械袦薪芯谐芯褍褉芯胁薪械胁褘褏袪邪蟹写械谢芯胁
Reports	袨褌褔械褌	袪械谐谢邪屑械薪褌懈褉芯胁邪薪薪褘泄袨褌褔械褌校褌懈谢懈蟹邪褑懈芯薪薪褘泄小斜芯褉	Reports/袪械谐谢邪屑械薪褌懈褉芯胁邪薪薪褘泄袨褌褔械褌校褌懈谢懈蟹邪褑懈芯薪薪褘泄小斜芯褉/Forms/肖芯褉屑邪袨褌褔械褌邪2022袣胁1/Ext/Form/Module.bsl	小褌褉褍泻褌褍褉邪袠褋褌芯褔薪懈泻.袛邪薪薪褘械
Reports	袨褌褔械褌	袪械谐谢邪屑械薪褌懈褉芯胁邪薪薪褘泄袨褌褔械褌校褌懈谢懈蟹邪褑懈芯薪薪褘泄小斜芯褉	Reports/袪械谐谢邪屑械薪褌懈褉芯胁邪薪薪褘泄袨褌褔械褌校褌懈谢懈蟹邪褑懈芯薪薪褘泄小斜芯褉/Forms/肖芯褉屑邪袨褌褔械褌邪2022袣胁1/Ext/Form/Module.bsl	小褌褉褍泻褌褍褉邪袠褋褌芯褔薪懈泻.袛邪薪薪褘械袦薪芯谐芯褋褌褉芯褔薪褘褏效邪褋褌械泄
Reports	袨褌褔械褌	袪械谐谢邪屑械薪褌懈褉芯胁邪薪薪褘泄袨褌褔械褌校褌懈谢懈蟹邪褑懈芯薪薪褘泄小斜芯褉	Reports/袪械谐谢邪屑械薪褌懈褉芯胁邪薪薪褘泄袨褌褔械褌校褌懈谢懈蟹邪褑懈芯薪薪褘泄小斜芯褉/Forms/肖芯褉屑邪袨褌褔械褌邪2022袣胁1/Ext/Form/Module.bsl	小褌褉褍泻褌褍褉邪袠褋褌芯褔薪懈泻.小褌褉芯泻懈
Reports	袨褌褔械褌	袪械谐谢邪屑械薪褌懈褉芯胁邪薪薪褘泄袨褌褔械褌校褌懈谢懈蟹邪褑懈芯薪薪褘泄小斜芯褉	Reports/袪械谐谢邪屑械薪褌懈褉芯胁邪薪薪褘泄袨褌褔械褌校褌懈谢懈蟹邪褑懈芯薪薪褘泄小斜芯褉/Forms/肖芯褉屑邪袨褌褔械褌邪2022袣胁1/Ext/Form/Module.bsl	小褌褉褍泻褌褍褉邪袪械泻胁懈蟹懈褌芯胁肖芯褉屑褘.袧芯屑械褉邪小褌褉芯泻袦薪芯谐芯褍褉芯胁薪械谐芯袪邪蟹写械谢邪
Reports	袨褌褔械褌	袪械谐谢邪屑械薪褌懈褉芯胁邪薪薪褘泄袨褌褔械褌校褌懈谢懈蟹邪褑懈芯薪薪褘泄小斜芯褉	Reports/袪械谐谢邪屑械薪褌懈褉芯胁邪薪薪褘泄袨褌褔械褌校褌懈谢懈蟹邪褑懈芯薪薪褘泄小斜芯褉/Forms/肖芯褉屑邪袨褌褔械褌邪2022袣胁1/Ext/Form/Module.bsl	小褌褉褍泻褌褍褉邪袪械泻胁懈蟹懈褌芯胁肖芯褉屑褘.小褌褉褍泻褌褍褉邪袦薪芯谐芯褋褌褉芯褔薪褘褏效邪褋褌械泄
Reports	袨褌褔械褌	袪械谐谢邪屑械薪褌懈褉芯胁邪薪薪褘泄袨褌褔械褌校褌懈谢懈蟹邪褑懈芯薪薪褘泄小斜芯褉	Reports/袪械谐谢邪屑械薪褌懈褉芯胁邪薪薪褘泄袨褌褔械褌校褌懈谢懈蟹邪褑懈芯薪薪褘泄小斜芯褉/Forms/肖芯褉屑邪袨褌褔械褌邪2022袣胁1/Ext/Form/Module.bsl	孝邪斜谢懈褔薪褘泄袛芯泻褍屑械薪褌.袨斜谢邪褋褌懈
Reports	袨褌褔械褌	袪械谐谢邪屑械薪褌懈褉芯胁邪薪薪褘泄袨褌褔械褌校褌懈谢懈蟹邪褑懈芯薪薪褘泄小斜芯褉	Reports/袪械谐谢邪屑械薪褌懈褉芯胁邪薪薪褘泄袨褌褔械褌校褌懈谢懈蟹邪褑懈芯薪薪褘泄小斜芯褉/Forms/肖芯褉屑邪袨褌褔械褌邪2022袣胁1/Ext/Form/Module.bsl	孝械泻袙械褌泻邪.袛邪薪薪褘械
Reports	袨褌褔械褌	袪械谐谢邪屑械薪褌懈褉芯胁邪薪薪褘泄袨褌褔械褌校褌懈谢懈蟹邪褑懈芯薪薪褘泄小斜芯褉	Reports/袪械谐谢邪屑械薪褌懈褉芯胁邪薪薪褘泄袨褌褔械褌校褌懈谢懈蟹邪褑懈芯薪薪褘泄小斜芯褉/Forms/肖芯褉屑邪袨褌褔械褌邪2022袣胁1/Ext/Form/Module.bsl	孝械泻小褌褉邪薪懈褑邪.袩芯谢褍褔懈褌褜协谢械屑械薪褌褘
Reports	袨褌褔械褌	袪械谐谢邪屑械薪褌懈褉芯胁邪薪薪褘泄袨褌褔械褌校褌懈谢懈蟹邪褑懈芯薪薪褘泄小斜芯褉	Reports/袪械谐谢邪屑械薪褌懈褉芯胁邪薪薪褘泄袨褌褔械褌校褌懈谢懈蟹邪褑懈芯薪薪褘泄小斜芯褉/Forms/肖芯褉屑邪袨褌褔械褌邪2022袣胁1/Ext/Form/Module.bsl	孝械泻小褌褉邪薪懈褑邪袪邪蟹写械谢邪1.袩芯谢褍褔懈褌褜协谢械屑械薪褌褘
Reports	袨褌褔械褌	袪械谐谢邪屑械薪褌懈褉芯胁邪薪薪褘泄袨褌褔械褌校褌懈谢懈蟹邪褑懈芯薪薪褘泄小斜芯褉	Reports/袪械谐谢邪屑械薪褌懈褉芯胁邪薪薪褘泄袨褌褔械褌校褌懈谢懈蟹邪褑懈芯薪薪褘泄小斜芯褉/Forms/肖芯褉屑邪袨褌褔械褌邪2022袣胁1/Ext/Form/Module.bsl	校蟹械谢.小褌褉芯泻懈
Reports	袨褌褔械褌	袪械谐谢邪屑械薪褌懈褉芯胁邪薪薪褘泄袨褌褔械褌校褌懈谢懈蟹邪褑懈芯薪薪褘泄小斜芯褉	Reports/袪械谐谢邪屑械薪褌懈褉芯胁邪薪薪褘泄袨褌褔械褌校褌懈谢懈蟹邪褑懈芯薪薪褘泄小斜芯褉/Forms/肖芯褉屑邪袨褌褔械褌邪2022袣胁1/Ext/Form/Module.bsl	肖芯褉屑邪.小褌褉褍泻褌褍褉邪袟邪胁懈褋懈屑褘褏携褔械械泻袛谢褟袗胁褌芯褉邪褋褔械褌邪
Reports	袨褌褔械褌	袪械谐谢邪屑械薪褌懈褉芯胁邪薪薪褘泄袨褌褔械褌校褌懈谢懈蟹邪褑懈芯薪薪褘泄小斜芯褉	Reports/袪械谐谢邪屑械薪褌懈褉芯胁邪薪薪褘泄袨褌褔械褌校褌懈谢懈蟹邪褑懈芯薪薪褘泄小斜芯褉/Forms/肖芯褉屑邪袨褌褔械褌邪2022袣胁1/Ext/Form/Module.bsl	肖芯褉屑邪.小褌褉褍泻褌褍褉邪袪械泻胁懈蟹懈褌芯胁肖芯褉屑褘.小褌褉褍泻褌褍褉邪袦薪芯谐芯褋褌褉芯褔薪褘褏效邪褋褌械泄
Reports	袨褌褔械褌	袪械谐谢邪屑械薪褌懈褉芯胁邪薪薪褘泄袨褌褔械褌校褌懈谢懈蟹邪褑懈芯薪薪褘泄小斜芯褉	Reports/袪械谐谢邪屑械薪褌懈褉芯胁邪薪薪褘泄袨褌褔械褌校褌懈谢懈蟹邪褑懈芯薪薪褘泄小斜芯褉/Forms/肖芯褉屑邪袨褌褔械褌邪2022袣胁1/Ext/Form/Module.bsl	协泻蟹袪邪褋褔小斜芯褉.小褌褉芯泻懈
Reports	袨褌褔械褌	袪械谐谢邪屑械薪褌懈褉芯胁邪薪薪褘泄袨褌褔械褌校褌懈谢懈蟹邪褑懈芯薪薪褘泄小斜芯褉	Reports/袪械谐谢邪屑械薪褌懈褉芯胁邪薪薪褘泄袨褌褔械褌校褌懈谢懈蟹邪褑懈芯薪薪褘泄小斜芯褉/Forms/肖芯褉屑邪袨褌褔械褌邪2022袣胁1/Ext/Form/Module.bsl	屑袛械褉械胁芯袙褘斜褉邪薪薪褘褏小褌褉邪薪懈褑.袩芯谢褍褔懈褌褜协谢械屑械薪褌褘
Reports	袨褌褔械褌	袪械谐谢邪屑械薪褌懈褉芯胁邪薪薪褘泄袨褌褔械褌校褌懈谢懈蟹邪褑懈芯薪薪褘泄小斜芯褉	Reports/袪械谐谢邪屑械薪褌懈褉芯胁邪薪薪褘泄袨褌褔械褌校褌懈谢懈蟹邪褑懈芯薪薪褘泄小斜芯褉/Forms/肖芯褉屑邪袨褌褔械褌邪2022袣胁1/Ext/Form/Module.bsl	屑袛械褉械胁芯小褌褉邪薪懈褑袨褌褔械褌邪.袩芯谢褍褔懈褌褜协谢械屑械薪褌褘
Reports	袨褌褔械褌	袪械谐谢邪屑械薪褌懈褉芯胁邪薪薪褘泄袨褌褔械褌校褌懈谢懈蟹邪褑懈芯薪薪褘泄小斜芯褉	Reports/袪械谐谢邪屑械薪褌懈褉芯胁邪薪薪褘泄袨褌褔械褌校褌懈谢懈蟹邪褑懈芯薪薪褘泄小斜芯褉/Forms/肖芯褉屑邪袨褌褔械褌邪2022袣胁1/Ext/Form/Module.bsl	褋褌褉.170
Reports	袨褌褔械褌	袪械械褋褌褉袛芯泻褍屑械薪褌芯胁	Reports/袪械械褋褌褉袛芯泻褍屑械薪褌芯胁/Forms/肖芯褉屑邪袨褌褔械褌邪/Ext/Form/Module.bsl	袨褌褔械褌.袩芯泻邪蟹邪褌械谢懈
Reports	袨褌褔械褌	袪械械褋褌褉袛芯泻褍屑械薪褌芯胁	Reports/袪械械褋褌褉袛芯泻褍屑械薪褌芯胁/Forms/肖芯褉屑邪袨褌褔械褌邪/Ext/Form/Module.bsl	袩芯泻邪蟹邪褌械谢懈袩褉懈械屑薪懈泻.协谢械屑械薪褌褘
Reports	袨褌褔械褌	袪械械褋褌褉袛芯泻褍屑械薪褌芯胁	Reports/袪械械褋褌褉袛芯泻褍屑械薪褌芯胁/Forms/肖芯褉屑邪袨褌褔械褌邪/Ext/Form/Module.bsl	袩芯谢械袠褌芯谐邪协褌邪谢芯薪.袚褉褍锌锌懈褉芯胁泻懈
Reports	袨褌褔械褌	袪械械褋褌褉袛芯泻褍屑械薪褌芯胁	Reports/袪械械褋褌褉袛芯泻褍屑械薪褌芯胁/Forms/肖芯褉屑邪袨褌褔械褌邪/Ext/Form/Module.bsl	袩芯谢械协褌邪谢芯薪.袨褎芯褉屑谢械薪懈械.协谢械屑械薪褌褘
Reports	袨褌褔械褌	袪械械褋褌褉袛芯泻褍屑械薪褌芯胁	Reports/袪械械褋褌褉袛芯泻褍屑械薪褌芯胁/Forms/肖芯褉屑邪袨褌褔械褌邪/Ext/Form/Module.bsl	袪械谐懈褋褌褉小胁械写械薪懈泄.袛邪薪薪褘械袩械褉胁懈褔薪褘褏袛芯泻褍屑械薪褌芯胁
Reports	袨褌褔械褌	袪械械褋褌褉袛芯泻褍屑械薪褌芯胁	Reports/袪械械褋褌褉袛芯泻褍屑械薪褌芯胁/Forms/肖芯褉屑邪袨褌褔械褌邪/Ext/Form/Module.bsl	小褏械屑邪袣芯屑锌芯薪芯胁泻懈袛邪薪薪褘褏协褌邪谢芯薪.袧邪斜芯褉褘袛邪薪薪褘褏.袧邪斜芯褉袛邪薪薪褘褏协褌邪谢芯薪
Reports	袨褌褔械褌	袪械械褋褌褉袛芯泻褍屑械薪褌芯胁	Reports/袪械械褋褌褉袛芯泻褍屑械薪褌芯胁/Forms/肖芯褉屑邪袨褌褔械褌邪/Ext/Form/Module.bsl	小褏械屑邪袣芯屑锌芯薪芯胁泻懈袛邪薪薪褘褏协褌邪谢芯薪.袩邪褉邪屑械褌褉褘
Reports	袨褌褔械褌	袪械械褋褌褉袛芯泻褍屑械薪褌芯胁	Reports/袪械械褋褌褉袛芯泻褍屑械薪褌芯胁/Forms/肖芯褉屑邪袨褌褔械褌邪/Ext/Form/Module.bsl	小褏械屑邪袣芯屑锌芯薪芯胁泻懈袛邪薪薪褘褏协褌邪谢芯薪.袩芯谢褟袠褌芯谐邪
Reports	袨褌褔械褌	袪械械褋褌褉袨锌械褉邪褑懈泄小袘袩c2b	Reports/袪械械褋褌褉袨锌械褉邪褑懈泄小袘袩c2b/Ext/ObjectModule.bsl	袧邪褋褌褉芯泄泻懈.袩芯谢褜蟹芯胁邪褌械谢褜褋泻懈械袧邪褋褌褉芯泄泻懈.协谢械屑械薪褌褘
Reports	袨褌褔械褌	袪械械褋褌褉袨锌械褉邪褑懈泄小袘袩c2b	Reports/袪械械褋褌褉袨锌械褉邪褑懈泄小袘袩c2b/Ext/ObjectModule.bsl	袧邪褋褌褉芯泄泻懈.协谢械屑械薪褌褘
Reports	袨褌褔械褌	袪械械褋褌褉袨锌械褉邪褑懈泄小袘袩c2b	Reports/袪械械褋褌褉袨锌械褉邪褑懈泄小袘袩c2b/Ext/ObjectModule.bsl	袪械谐懈褋褌褉小胁械写械薪懈泄.袠写械薪褌懈褎懈泻邪褌芯褉褘袨锌械褉邪褑懈泄小袘袩c2b
Reports	袨褌褔械褌	袪械蟹褍谢褜褌邪褌褘袩褉芯胁械褉泻懈校褔械褌邪	Reports/袪械蟹褍谢褜褌邪褌褘袩褉芯胁械褉泻懈校褔械褌邪/Ext/ObjectModule.bsl	袧芯胁褘械袧邪褋褌褉芯泄泻懈袣袛.袨褌斜芯褉.协谢械屑械薪褌褘
Reports	袨褌褔械褌	袪械蟹褍谢褜褌邪褌褘袩褉芯胁械褉泻懈校褔械褌邪	Reports/袪械蟹褍谢褜褌邪褌褘袩褉芯胁械褉泻懈校褔械褌邪/Ext/ObjectModule.bsl	袧芯胁褘械袧邪褋褌褉芯泄泻懈袣袛.小褌褉褍泻褌褍褉邪
Reports	袨褌褔械褌	袪械蟹褍谢褜褌邪褌褘袩褉芯胁械褉泻懈校褔械褌邪	Reports/袪械蟹褍谢褜褌邪褌褘袩褉芯胁械褉泻懈校褔械褌邪/Ext/ObjectModule.bsl	校蟹械谢袣袛.小褌褉褍泻褌褍褉邪
Reports	袨褌褔械褌	小胁械写械薪懈褟袨袩芯谢褜蟹芯胁邪褌械谢褟褏	Reports/小胁械写械薪懈褟袨袩芯谢褜蟹芯胁邪褌械谢褟褏/Ext/ObjectModule.bsl	袧邪褋褌褉芯泄泻懈.袙褘斜芯褉.协谢械屑械薪褌褘
Reports	袨褌褔械褌	小胁械写械薪懈褟袨袩芯谢褜蟹芯胁邪褌械谢褟褏	Reports/小胁械写械薪懈褟袨袩芯谢褜蟹芯胁邪褌械谢褟褏/Ext/ObjectModule.bsl	袪械谐懈褋褌褉小胁械写械薪懈泄.小胁械写械薪懈褟袨袩芯谢褜蟹芯胁邪褌械谢褟褏
Reports	袨褌褔械褌	小胁械写械薪懈褟袨斜袨褌泻谢芯薪械薪懈褟褏袠小袦袩	Reports/小胁械写械薪懈褟袨斜袨褌泻谢芯薪械薪懈褟褏袠小袦袩/Ext/ManagerModule.bsl	袛芯泻褍屑械薪褌小褋褘谢泻邪.袨褌褔械褌袠小袦袩
Reports	袨褌褔械褌	小胁械写械薪懈褟袨斜袨褌泻谢芯薪械薪懈褟褏袠小袦袩	Reports/小胁械写械薪懈褟袨斜袨褌泻谢芯薪械薪懈褟褏袠小袦袩/Ext/ManagerModule.bsl	袪械蟹褍谢褜褌邪褌效褌械薪懈褟肖邪泄谢邪.袛邪薪薪褘械袙褘谐褉褍蟹泻懈
Reports	袨褌褔械褌	小胁械褉泻邪袛械泻谢邪褉邪褑懈泄袩褉懈斜褘谢褜袧袛小	Reports/小胁械褉泻邪袛械泻谢邪褉邪褑懈泄袩褉懈斜褘谢褜袧袛小/Ext/ManagerModule.bsl	袨斜褖械谐芯袧邪蟹薪邪褔械薪懈褟袣谢懈械薪褌小械褉胁械褉.小胁械褉薪褍褌褜袦邪褋褋懈胁
Reports	袨褌褔械褌	小胁械褉泻邪袛械泻谢邪褉邪褑懈泄袩褉懈斜褘谢褜袧袛小	Reports/小胁械褉泻邪袛械泻谢邪褉邪褑懈泄袩褉懈斜褘谢褜袧袛小/Ext/ManagerModule.bsl	协谢械屑械薪褌袪邪褋褕懈褎褉芯胁泻懈.袩芯谢褍褔懈褌褜袪芯写懈褌械谢械泄
Reports	袨褌褔械褌	小胁芯写薪褘泄袨褌褔械褌袝袚袗袠小	Reports/小胁芯写薪褘泄袨褌褔械褌袝袚袗袠小/Commands/小褎芯褉屑懈褉芯胁邪褌褜小胁芯写薪褘泄袨褌褔械褌/Ext/CommandModule.bsl	袪械谐懈褋褌褉小胁械写械薪懈泄.小褌邪褌褍褋褘袛芯泻褍屑械薪褌芯胁袝袚袗袠小
Reports	袨褌褔械褌	小胁芯写薪褘泄袨褌褔械褌袝袚袗袠小	Reports/小胁芯写薪褘泄袨褌褔械褌袝袚袗袠小/Ext/ObjectModule.bsl	袧邪褋褌褉芯泄泻懈小胁芯写薪芯谐芯袨褌褔械褌邪.小褌褉褍泻褌褍褉邪
Reports	袨褌褔械褌	小械褉褌懈褎懈泻邪褌褘协谢械泻褌褉芯薪薪芯泄袩芯写锌懈褋懈	Reports/小械褉褌懈褎懈泻邪褌褘协谢械泻褌褉芯薪薪芯泄袩芯写锌懈褋懈/Ext/ObjectModule.bsl	袧邪褋褌褉芯泄泻懈袣芯屑锌芯薪芯胁泻懈.袙褘斜芯褉.协谢械屑械薪褌褘
Reports	袨褌褔械褌	小械褉褌懈褎懈泻邪褌褘协谢械泻褌褉芯薪薪芯泄袩芯写锌懈褋懈	Reports/小械褉褌懈褎懈泻邪褌褘协谢械泻褌褉芯薪薪芯泄袩芯写锌懈褋懈/Ext/ObjectModule.bsl	袧邪褋褌褉芯泄泻懈袣芯屑锌芯薪芯胁泻懈.袨褌斜芯褉.协谢械屑械薪褌褘
Reports	袨褌褔械褌	小芯褋褌芯褟薪懈械校褔械褌薪芯泄袟邪锌懈褋懈DSS	Reports/小芯褋褌芯褟薪懈械校褔械褌薪芯泄袟邪锌懈褋懈DSS/Ext/ManagerModule.bsl	小锌褉邪胁芯褔薪懈泻.协泻蟹械屑锌谢褟褉褘小械褉胁械褉邪DSS
Reports	袨褌褔械褌	小锌懈褋芯泻袣袠袧邪袘邪谢邪薪褋械袠小袦袩	Reports/小锌懈褋芯泻袣袠袧邪袘邪谢邪薪褋械袠小袦袩/Ext/ManagerModule.bsl	袛芯泻褍屑械薪褌小褋褘谢泻邪.袨褌褔械褌袠小袦袩
Reports	袨褌褔械褌	小锌懈褋芯泻袣袠袧邪袘邪谢邪薪褋械袠小袦袩	Reports/小锌懈褋芯泻袣袠袧邪袘邪谢邪薪褋械袠小袦袩/Ext/ManagerModule.bsl	袪械蟹褍谢褜褌邪褌效褌械薪懈褟肖邪泄谢邪.袛邪薪薪褘械袙褘谐褉褍蟹泻懈
Reports	袨褌褔械褌	小锌褉邪胁泻邪袪邪褋褔械褌袗屑芯褉褌懈蟹邪褑懈懈	Reports/小锌褉邪胁泻邪袪邪褋褔械褌袗屑芯褉褌懈蟹邪褑懈懈/Ext/ManagerModule.bsl	小锌褉邪胁芯褔薪懈泻.袣芯屑锌芯薪械薪褌褘袗屑芯褉褌懈蟹邪褑懈懈袨小
Reports	袨褌褔械褌	小锌褉邪胁泻邪袪邪褋褔械褌袗屑芯褉褌懈蟹邪褑懈懈	Reports/小锌褉邪胁泻邪袪邪褋褔械褌袗屑芯褉褌懈蟹邪褑懈懈/Ext/ManagerModule.bsl	孝邪斜谢懈褑褘袪邪褋褔械褌邪袗屑芯褉褌懈蟹邪褑懈懈袧袦袗.小锌褉邪胁泻邪袪邪褋褔械褌
Reports	袨褌褔械褌	小锌褉邪胁泻邪袪邪褋褔械褌袗屑芯褉褌懈蟹邪褑懈懈	Reports/小锌褉邪胁泻邪袪邪褋褔械褌袗屑芯褉褌懈蟹邪褑懈懈/Ext/ManagerModule.bsl	孝邪斜谢懈褑褘袪邪褋褔械褌邪袗屑芯褉褌懈蟹邪褑懈懈袨小.小锌褉邪胁泻邪袪邪褋褔械褌
Reports	袨褌褔械褌	小锌褉邪胁泻邪袪邪褋褔械褌袝写懈薪芯谐芯袧邪谢芯谐邪袧邪袙屑械薪械薪薪褘泄袛芯褏芯写	Reports/小锌褉邪胁泻邪袪邪褋褔械褌袝写懈薪芯谐芯袧邪谢芯谐邪袧邪袙屑械薪械薪薪褘泄袛芯褏芯写/Ext/ManagerModule.bsl	袚褉褍锌锌懈褉芯胁泻邪.孝械谢芯
Reports	袨褌褔械褌	小锌褉邪胁泻邪袪邪褋褔械褌袝写懈薪芯谐芯袧邪谢芯谐邪袧邪袙屑械薪械薪薪褘泄袛芯褏芯写	Reports/小锌褉邪胁泻邪袪邪褋褔械褌袝写懈薪芯谐芯袧邪谢芯谐邪袧邪袙屑械薪械薪薪褘泄袛芯褏芯写/Ext/ManagerModule.bsl	袦邪泻械褌袣芯屑锌芯薪芯胁泻懈.孝械谢芯
Reports	袨褌褔械褌	小锌褉邪胁泻邪袪邪褋褔械褌袝写懈薪芯谐芯袧邪谢芯谐邪袧邪袙屑械薪械薪薪褘泄袛芯褏芯写	Reports/小锌褉邪胁泻邪袪邪褋褔械褌袝写懈薪芯谐芯袧邪谢芯谐邪袧邪袙屑械薪械薪薪褘泄袛芯褏芯写/Ext/ManagerModule.bsl	袩邪褉邪屑械褌褉褘袨褌褔械褌邪.袧邪褋褌褉芯泄泻懈袣芯屑锌芯薪芯胁泻懈袛邪薪薪褘褏.袨褌斜芯褉
Reports	袨褌褔械褌	小锌褉邪胁泻邪袪邪褋褔械褌袝写懈薪芯谐芯袧邪谢芯谐邪袧邪袙屑械薪械薪薪褘泄袛芯褏芯写	Reports/小锌褉邪胁泻邪袪邪褋褔械褌袝写懈薪芯谐芯袧邪谢芯谐邪袧邪袙屑械薪械薪薪褘泄袛芯褏芯写/Ext/ManagerModule.bsl	孝邪斜谢懈褑邪.小褌褉芯泻懈
Reports	袨褌褔械褌	小锌褉邪胁泻邪袪邪褋褔械褌袝写懈薪芯谐芯袧邪谢芯谐邪袧邪袙屑械薪械薪薪褘泄袛芯褏芯写	Reports/小锌褉邪胁泻邪袪邪褋褔械褌袝写懈薪芯谐芯袧邪谢芯谐邪袧邪袙屑械薪械薪薪褘泄袛芯褏芯写/Ext/ManagerModule.bsl	孝邪斜谢懈褑邪.孝械谢芯
Reports	袨褌褔械褌	小锌褉邪胁泻邪袪邪褋褔械褌袝写懈薪芯谐芯袧邪谢芯谐邪袧邪袙屑械薪械薪薪褘泄袛芯褏芯写	Reports/小锌褉邪胁泻邪袪邪褋褔械褌袝写懈薪芯谐芯袧邪谢芯谐邪袧邪袙屑械薪械薪薪褘泄袛芯褏芯写/Ext/ManagerModule.bsl	协谢械屑械薪褌袨褌斜芯褉邪.袩褉邪胁芯械袟薪邪褔械薪懈械
Reports	袨褌褔械褌	小锌褉邪胁泻邪袪邪褋褔械褌袣邪谢褜泻褍谢褟褑懈褟小械斜械褋褌芯懈屑芯褋褌懈	Reports/小锌褉邪胁泻邪袪邪褋褔械褌袣邪谢褜泻褍谢褟褑懈褟小械斜械褋褌芯懈屑芯褋褌懈/Ext/ManagerModule.bsl	袦械褌邪写邪薪薪褘械.袪械谐懈褋褌褉褘小胁械写械薪懈泄.袪邪褋褔械褌袣邪谢褜泻褍谢褟褑懈懈小械斜械褋褌芯懈屑芯褋褌懈
Reports	袨褌褔械褌	小锌褉邪胁泻邪袪邪褋褔械褌袣邪谢褜泻褍谢褟褑懈褟小械斜械褋褌芯懈屑芯褋褌懈	Reports/小锌褉邪胁泻邪袪邪褋褔械褌袣邪谢褜泻褍谢褟褑懈褟小械斜械褋褌芯懈屑芯褋褌懈/Ext/ManagerModule.bsl	袩邪褉邪屑械褌褉褘袟邪锌芯谢薪械薪懈褟.袧邪褋褌褉芯泄泻懈袚褉褍锌锌懈褉芯胁芯泻
Reports	袨褌褔械褌	小锌褉邪胁泻邪袪邪褋褔械褌袧邪谢芯谐邪袧邪袩褉懈斜褘谢褜	Reports/小锌褉邪胁泻邪袪邪褋褔械褌袧邪谢芯谐邪袧邪袩褉懈斜褘谢褜/Ext/ManagerModule.bsl	袟邪锌褉芯褋袪邪褋褔械褌袧邪谢芯谐邪袧邪袩褉懈斜褘谢褜.袙褘谐褉褍蟹懈褌褜
Reports	袨褌褔械褌	小锌褉邪胁泻邪袪邪褋褔械褌袧邪谢芯谐邪袧邪袩褉懈斜褘谢褜	Reports/小锌褉邪胁泻邪袪邪褋褔械褌袧邪谢芯谐邪袧邪袩褉懈斜褘谢褜/Ext/ManagerModule.bsl	袩邪褉邪屑械褌褉褘袨褌褔械褌邪.小芯褋褌邪胁袧邪斜芯褉邪袩芯泻邪蟹邪褌械谢械泄
Reports	袨褌褔械褌	小锌褉邪胁泻邪袪邪褋褔械褌袨褌谢芯卸械薪薪芯谐芯袧邪谢芯谐邪	Reports/小锌褉邪胁泻邪袪邪褋褔械褌袨褌谢芯卸械薪薪芯谐芯袧邪谢芯谐邪/Ext/ManagerModule.bsl	袚褉褍锌锌邪小褔械褌芯胁.袟薪邪褔械薪懈械
Reports	袨褌褔械褌	小锌褉邪胁泻邪袪邪褋褔械褌孝芯褉谐芯胁芯泄袧邪褑械薪泻懈	Reports/小锌褉邪胁泻邪袪邪褋褔械褌孝芯褉谐芯胁芯泄袧邪褑械薪泻懈/Ext/ManagerModule.bsl	小褏械屑邪.袙邪褉懈邪薪褌褘袧邪褋褌褉芯械泻
Reports	袨褌褔械褌	孝芯胁邪褉薪褘泄袨褌褔械褌孝袨袪袚29	Reports/孝芯胁邪褉薪褘泄袨褌褔械褌孝袨袪袚29/Ext/ManagerModule.bsl	袪械谐懈褋褌褉小胁械写械薪懈泄.袛邪薪薪褘械袩械褉胁懈褔薪褘褏袛芯泻褍屑械薪褌芯胁
Reports	袨褌褔械褌	校薪懈胁械褉褋邪谢褜薪褘泄袨褌褔械褌	Reports/校薪懈胁械褉褋邪谢褜薪褘泄袨褌褔械褌/Ext/ManagerModule.bsl	袚褉褍锌锌懈褉芯胁泻邪.小褌褉褍泻褌褍褉邪
Reports	袨褌褔械褌	校薪懈胁械褉褋邪谢褜薪褘泄袨褌褔械褌	Reports/校薪懈胁械褉褋邪谢褜薪褘泄袨褌褔械褌/Ext/ManagerModule.bsl	袧邪褋褌褉芯泄泻懈.小褌褉褍泻褌褍褉邪
Reports	袨褌褔械褌	校薪懈胁械褉褋邪谢褜薪褘泄袨褌褔械褌	Reports/校薪懈胁械褉褋邪谢褜薪褘泄袨褌褔械褌/Ext/ManagerModule.bsl	袨斜褗械泻褌袦械褌邪写邪薪薪褘褏.袠蟹屑械褉械薪懈褟
Reports	袨褌褔械褌	校薪懈胁械褉褋邪谢褜薪褘泄袨褌褔械褌	Reports/校薪懈胁械褉褋邪谢褜薪褘泄袨褌褔械褌/Ext/ManagerModule.bsl	袨斜褗械泻褌袦械褌邪写邪薪薪褘褏.袪械泻胁懈蟹懈褌褘
Reports	袨褌褔械褌	校薪懈胁械褉褋邪谢褜薪褘泄袨褌褔械褌	Reports/校薪懈胁械褉褋邪谢褜薪褘泄袨褌褔械褌/Ext/ManagerModule.bsl	袨斜褗械泻褌袦械褌邪写邪薪薪褘褏.袪械褋褍褉褋褘
Reports	袨褌褔械褌	校薪懈胁械褉褋邪谢褜薪褘泄袨褌褔械褌	Reports/校薪懈胁械褉褋邪谢褜薪褘泄袨褌褔械褌/Ext/ManagerModule.bsl	袨斜褗械泻褌袦械褌邪写邪薪薪褘褏.小褌邪薪写邪褉褌薪褘械袪械泻胁懈蟹懈褌褘
Reports	袨褌褔械褌	校薪懈胁械褉褋邪谢褜薪褘泄袨褌褔械褌	Reports/校薪懈胁械褉褋邪谢褜薪褘泄袨褌褔械褌/Ext/ManagerModule.bsl	袨斜褗械泻褌袦械褌邪写邪薪薪褘褏.孝邪斜谢懈褔薪褘械效邪褋褌懈
Reports	袨褌褔械褌	校薪懈胁械褉褋邪谢褜薪褘泄袨褌褔械褌	Reports/校薪懈胁械褉褋邪谢褜薪褘泄袨褌褔械褌/Ext/ManagerModule.bsl	孝邪斜谢懈褑邪.袣芯谢芯薪泻懈
Reports	袨褌褔械褌	校褔邪褋褌薪懈泻懈袚褉褍锌锌袛芯褋褌褍锌邪	Reports/校褔邪褋褌薪懈泻懈袚褉褍锌锌袛芯褋褌褍锌邪/Ext/ObjectModule.bsl	袙褘斜褉邪薪薪褘械袩芯谢褟.协谢械屑械薪褌褘
Reports	袨褌褔械褌	协泻褋锌褉械褋褋袩褉芯胁械褉泻邪袙械写械薪懈褟校褔械褌邪	Reports/协泻褋锌褉械褋褋袩褉芯胁械褉泻邪袙械写械薪懈褟校褔械褌邪/Ext/ManagerModule.bsl	袛邪薪薪褘械校胁械写芯屑谢械薪懈褟袝袧小.小芯蟹写邪薪薪褘械校胁械写芯屑谢械薪懈褟
Reports	袨褌褔械褌	协泻褋锌褉械褋褋袩褉芯胁械褉泻邪袙械写械薪懈褟校褔械褌邪	Reports/协泻褋锌褉械褋褋袩褉芯胁械褉泻邪袙械写械薪懈褟校褔械褌邪/Ext/ManagerModule.bsl	袛芯泻褍屑械薪褌.袙芯蟹胁褉邪褌孝芯胁邪褉芯胁袩芯褋褌邪胁褖懈泻褍
Reports	袨褌褔械褌	协泻褋锌褉械褋褋袩褉芯胁械褉泻邪袙械写械薪懈褟校褔械褌邪	Reports/协泻褋锌褉械褋褋袩褉芯胁械褉泻邪袙械写械薪懈褟校褔械褌邪/Ext/ManagerModule.bsl	袛芯泻褍屑械薪褌.袣芯褉褉械泻褌懈褉芯胁泻邪袪械邪谢懈蟹邪褑懈懈
Reports	袨褌褔械褌	协泻褋锌褉械褋褋袩褉芯胁械褉泻邪袙械写械薪懈褟校褔械褌邪	Reports/协泻褋锌褉械褋褋袩褉芯胁械褉泻邪袙械写械薪懈褟校褔械褌邪/Ext/ManagerModule.bsl	袛芯泻褍屑械薪褌.袪械邪谢懈蟹邪褑懈褟袨褌谐褉褍卸械薪薪褘褏孝芯胁邪褉芯胁
Reports	袨褌褔械褌	协泻褋锌褉械褋褋袩褉芯胁械褉泻邪袙械写械薪懈褟校褔械褌邪	Reports/协泻褋锌褉械褋褋袩褉芯胁械褉泻邪袙械写械薪懈褟校褔械褌邪/Ext/ManagerModule.bsl	袛芯泻褍屑械薪褌.小褔械褌肖邪泻褌褍褉邪袙褘写邪薪薪褘泄
Reports	袨褌褔械褌	协泻褋锌褉械褋褋袩褉芯胁械褉泻邪袙械写械薪懈褟校褔械褌邪	Reports/协泻褋锌褉械褋褋袩褉芯胁械褉泻邪袙械写械薪懈褟校褔械褌邪/Ext/ManagerModule.bsl	袛芯泻褍屑械薪褌.小褔械褌肖邪泻褌褍褉邪袙褘写邪薪薪褘泄.袛芯泻褍屑械薪褌褘袨褋薪芯胁邪薪懈褟
Reports	袨褌褔械褌	协泻褋锌褉械褋褋袩褉芯胁械褉泻邪袙械写械薪懈褟校褔械褌邪	Reports/协泻褋锌褉械褋褋袩褉芯胁械褉泻邪袙械写械薪懈褟校褔械褌邪/Ext/ManagerModule.bsl	袛芯泻褍屑械薪褌.小褔械褌肖邪泻褌褍褉邪袩芯谢褍褔械薪薪褘泄
Reports	袨褌褔械褌	协泻褋锌褉械褋褋袩褉芯胁械褉泻邪袙械写械薪懈褟校褔械褌邪	Reports/协泻褋锌褉械褋褋袩褉芯胁械褉泻邪袙械写械薪懈褟校褔械褌邪/Ext/ManagerModule.bsl	袛芯泻褍屑械薪褌.小褔械褌肖邪泻褌褍褉邪袩芯谢褍褔械薪薪褘泄.袛芯泻褍屑械薪褌褘袨褋薪芯胁邪薪懈褟
Reports	袨褌褔械褌	协泻褋锌褉械褋褋袩褉芯胁械褉泻邪袙械写械薪懈褟校褔械褌邪	Reports/协泻褋锌褉械褋褋袩褉芯胁械褉泻邪袙械写械薪懈褟校褔械褌邪/Ext/ManagerModule.bsl	袛芯泻褍屑械薪褌.校胁械写芯屑谢械薪懈械袨斜袠褋褔懈褋谢械薪薪褘褏小褍屑屑邪褏袧邪谢芯谐芯胁.袧邪谢芯谐懈
Reports	袨褌褔械褌	协泻褋锌褉械褋褋袩褉芯胁械褉泻邪袙械写械薪懈褟校褔械褌邪	Reports/协泻褋锌褉械褋褋袩褉芯胁械褉泻邪袙械写械薪懈褟校褔械褌邪/Ext/ManagerModule.bsl	袩谢邪薪小褔械褌芯胁.啸芯蟹褉邪褋褔械褌薪褘泄
Reports	袨褌褔械褌	协泻褋锌褉械褋褋袩褉芯胁械褉泻邪袙械写械薪懈褟校褔械褌邪	Reports/协泻褋锌褉械褋褋袩褉芯胁械褉泻邪袙械写械薪懈褟校褔械褌邪/Ext/ManagerModule.bsl	袩谢邪薪小褔械褌芯胁.啸芯蟹褉邪褋褔械褌薪褘泄.袙懈写褘小褍斜泻芯薪褌芯
Reports	袨褌褔械褌	协泻褋锌褉械褋褋袩褉芯胁械褉泻邪袙械写械薪懈褟校褔械褌邪	Reports/协泻褋锌褉械褋褋袩褉芯胁械褉泻邪袙械写械薪懈褟校褔械褌邪/Ext/ManagerModule.bsl	袪邪褋褔械褌袧邪谢芯谐邪.孝邪斜谢懈褑邪袪邪褋褔械褌邪
Reports	袨褌褔械褌	协泻褋锌褉械褋褋袩褉芯胁械褉泻邪袙械写械薪懈褟校褔械褌邪	Reports/协泻褋锌褉械褋褋袩褉芯胁械褉泻邪袙械写械薪懈褟校褔械褌邪/Ext/ManagerModule.bsl	袪械谐懈褋褌褉小胁械写械薪懈泄.袗薪邪谢懈褌懈泻邪校褔械褌邪袟邪褌褉邪褌
Reports	袨褌褔械褌	协泻褋锌褉械褋褋袩褉芯胁械褉泻邪袙械写械薪懈褟校褔械褌邪	Reports/协泻褋锌褉械褋褋袩褉芯胁械褉泻邪袙械写械薪懈褟校褔械褌邪/Ext/ManagerModule.bsl	袪械谐懈褋褌褉小胁械写械薪懈泄.袛邪薪薪褘械袩械褉胁懈褔薪褘褏袛芯泻褍屑械薪褌芯胁
Reports	袨褌褔械褌	协泻褋锌褉械褋褋袩褉芯胁械褉泻邪袙械写械薪懈褟校褔械褌邪	Reports/协泻褋锌褉械褋褋袩褉芯胁械褉泻邪袙械写械薪懈褟校褔械褌邪/Ext/ManagerModule.bsl	袪械谐懈褋褌褉小胁械写械薪懈泄.袣褍褉褋褘袙邪谢褞褌
Reports	袨褌褔械褌	协泻褋锌褉械褋褋袩褉芯胁械褉泻邪袙械写械薪懈褟校褔械褌邪	Reports/协泻褋锌褉械褋褋袩褉芯胁械褉泻邪袙械写械薪懈褟校褔械褌邪/Ext/ManagerModule.bsl	袪械谐懈褋褌褉小胁械写械薪懈泄.袧邪褋褌褉芯泄泻懈校褔械褌邪袧袛小
Reports	袨褌褔械褌	协泻褋锌褉械褋褋袩褉芯胁械褉泻邪袙械写械薪懈褟校褔械褌邪	Reports/协泻褋锌褉械褋褋袩褉芯胁械褉泻邪袙械写械薪懈褟校褔械褌邪/Ext/ManagerModule.bsl	袪械谐懈褋褌褉小胁械写械薪懈泄.小褌邪褌褍褋褘袛芯泻褍屑械薪褌芯胁
Reports	袨褌褔械褌	协泻褋锌褉械褋褋袩褉芯胁械褉泻邪袙械写械薪懈褟校褔械褌邪	Reports/协泻褋锌褉械褋褋袩褉芯胁械褉泻邪袙械写械薪懈褟校褔械褌邪/Ext/ManagerModule.bsl	袪械谐懈褋褌褉小胁械写械薪懈泄.小褌邪褌褍褋褘小邪屑芯蟹邪薪褟褌褘褏
Reports	袨褌褔械褌	协泻褋锌褉械褋褋袩褉芯胁械褉泻邪袙械写械薪懈褟校褔械褌邪	Reports/协泻褋锌褉械褋褋袩褉芯胁械褉泻邪袙械写械薪懈褟校褔械褌邪/Ext/ManagerModule.bsl	小锌褉邪胁芯褔薪懈泻.袙懈写褘袧邪谢芯谐芯胁袠袩谢邪褌械卸械泄袙袘褞写卸械褌
Reports	袨褌褔械褌	协泻褋锌褉械褋褋袩褉芯胁械褉泻邪袙械写械薪懈褟校褔械褌邪	Reports/协泻褋锌褉械褋褋袩褉芯胁械褉泻邪袙械写械薪懈褟校褔械褌邪/Ext/ManagerModule.bsl	小锌褉邪胁芯褔薪懈泻.袛芯谐芯胁芯褉褘袣芯薪褌褉邪谐械薪褌芯胁
Reports	袨褌褔械褌	协泻褋锌褉械褋褋袩褉芯胁械褉泻邪袙械写械薪懈褟校褔械褌邪	Reports/协泻褋锌褉械褋褋袩褉芯胁械褉泻邪袙械写械薪懈褟校褔械褌邪/Ext/ManagerModule.bsl	小锌褉邪胁芯褔薪懈泻.袟邪写邪褔懈袘褍褏谐邪谢褌械褉邪
Reports	袨褌褔械褌	协泻褋锌褉械褋褋袩褉芯胁械褉泻邪袙械写械薪懈褟校褔械褌邪	Reports/协泻褋锌褉械褋褋袩褉芯胁械褉泻邪袙械写械薪懈褟校褔械褌邪/Ext/ManagerModule.bsl	小锌褉邪胁芯褔薪懈泻.袩褉邪胁懈谢邪袩褉械写褋褌邪胁谢械薪懈褟袨褌褔械褌芯胁校锌谢邪褌褘袧邪谢芯谐芯胁
Reports	袨褌褔械褌	协泻褋锌褉械褋褋袩褉芯胁械褉泻邪袙械写械薪懈褟校褔械褌邪	Reports/协泻褋锌褉械褋褋袩褉芯胁械褉泻邪袙械写械薪懈褟校褔械褌邪/Ext/ManagerModule.bsl	小褌褉芯泻邪袩褉芯胁械褉泻懈.孝邪斜谢懈褑邪袨褕懈斜芯泻
SettingsStorages	啸褉邪薪懈谢懈褖械袧邪褋褌褉芯械泻	袧邪褋褌褉芯泄泻懈袧芯胁芯褋褌械泄	SettingsStorages/袧邪褋褌褉芯泄泻懈袧芯胁芯褋褌械泄/Ext/ManagerModule.bsl	袪械蟹褍谢褜褌邪褌.小锌懈褋芯泻袪邪褋泻褉褘褌褘褏袩邪锌芯泻
SettingsStorages	啸褉邪薪懈谢懈褖械袧邪褋褌褉芯械泻	袧邪褋褌褉芯泄泻懈袧芯胁芯褋褌械泄	SettingsStorages/袧邪褋褌褉芯泄泻懈袧芯胁芯褋褌械泄/Forms/肖芯褉屑邪袧邪褋褌褉芯泄泻懈袩芯泻邪蟹邪袧芯胁芯褋褌械泄/Ext/Form/Module.bsl	孝械泻褍褖懈泄袨褌斜芯褉.小锌懈褋芯泻袟薪邪褔械薪懈泄袨褌斜芯褉芯胁
SettingsStorages	啸褉邪薪懈谢懈褖械袧邪褋褌褉芯械泻	袧邪褋褌褉芯泄泻懈袧芯胁芯褋褌械泄	SettingsStorages/袧邪褋褌褉芯泄泻懈袧芯胁芯褋褌械泄/Forms/肖芯褉屑邪袧邪褋褌褉芯泄泻懈袩芯泻邪蟹邪袧芯胁芯褋褌械泄/Ext/Form/Module.bsl	协褌芯褌袨斜褗械泻褌.袥械薪褌褘袧芯胁芯褋褌械泄
SettingsStorages	啸褉邪薪懈谢懈褖械袧邪褋褌褉芯械泻	袧邪褋褌褉芯泄泻懈袧芯胁芯褋褌械泄	SettingsStorages/袧邪褋褌褉芯泄泻懈袧芯胁芯褋褌械泄/Forms/肖芯褉屑邪袧邪褋褌褉芯泄泻懈袩芯泻邪蟹邪袧芯胁芯褋褌械泄/Ext/Form/Module.bsl	协褌芯褌袨斜褗械泻褌.袨褌斜芯褉褘袩芯袥械薪褌邪屑袧芯胁芯褋褌械泄袚谢芯斜邪谢褜薪褘械
SettingsStorages	啸褉邪薪懈谢懈褖械袧邪褋褌褉芯械泻	袧邪褋褌褉芯泄泻懈袧芯胁芯褋褌械泄	SettingsStorages/袧邪褋褌褉芯泄泻懈袧芯胁芯褋褌械泄/Forms/肖芯褉屑邪袧邪褋褌褉芯泄泻懈袩芯泻邪蟹邪袧芯胁芯褋褌械泄/Ext/Form/Module.bsl	协褌芯褌袨斜褗械泻褌.袨褌斜芯褉褘袩芯袥械薪褌邪屑袧芯胁芯褋褌械泄袩芯谢褜蟹芯胁邪褌械谢褜褋泻懈械
SettingsStorages	啸褉邪薪懈谢懈褖械袧邪褋褌褉芯械泻	啸褉邪薪懈谢懈褖械袙邪褉懈邪薪褌芯胁袨褌褔械褌芯胁	SettingsStorages/啸褉邪薪懈谢懈褖械袙邪褉懈邪薪褌芯胁袨褌褔械褌芯胁/Ext/ManagerModule.bsl	袨褌褔械褌袨斜褗械泻褌.小褏械屑邪袣芯屑锌芯薪芯胁泻懈袛邪薪薪褘褏.袙邪褉懈邪薪褌褘袧邪褋褌褉芯械泻
SettingsStorages	啸褉邪薪懈谢懈褖械袧邪褋褌褉芯械泻	啸褉邪薪懈谢懈褖械袙邪褉懈邪薪褌芯胁袨褌褔械褌芯胁	SettingsStorages/啸褉邪薪懈谢懈褖械袙邪褉懈邪薪褌芯胁袨褌褔械褌芯胁/Forms/小芯褏褉邪薪械薪懈械袙邪褉懈邪薪褌邪袨褌褔械褌邪/Ext/Form/Module.bsl	袨斜褗械泻褌.袩褉械写褋褌邪胁谢械薪懈褟
SettingsStorages	啸褉邪薪懈谢懈褖械袧邪褋褌褉芯械泻	啸褉邪薪懈谢懈褖械袙邪褉懈邪薪褌芯胁袨褌褔械褌芯胁	SettingsStorages/啸褉邪薪懈谢懈褖械袙邪褉懈邪薪褌芯胁袨褌褔械褌芯胁/Forms/小芯褏褉邪薪械薪懈械袙邪褉懈邪薪褌邪袨褌褔械褌邪/Ext/Form/Module.bsl	小锌褉邪胁芯褔薪懈泻.袩褉械写芯锌褉械写械谢械薪薪褘械袙邪褉懈邪薪褌褘袨褌褔械褌芯胁
SettingsStorages	啸褉邪薪懈谢懈褖械袧邪褋褌褉芯械泻	啸褉邪薪懈谢懈褖械袙邪褉懈邪薪褌芯胁袨褌褔械褌芯胁	SettingsStorages/啸褉邪薪懈谢懈褖械袙邪褉懈邪薪褌芯胁袨褌褔械褌芯胁/Forms/小芯褏褉邪薪械薪懈械袙邪褉懈邪薪褌邪袨褌褔械褌邪/Ext/Form/Module.bsl	小锌褉邪胁芯褔薪懈泻.袩褉械写芯锌褉械写械谢械薪薪褘械袙邪褉懈邪薪褌褘袨褌褔械褌芯胁袪邪褋褕懈褉械薪懈泄
Tasks	袟邪写邪褔邪	袟邪写邪褔邪袠褋锌芯谢薪懈褌械谢褟	Tasks/袟邪写邪褔邪袠褋锌芯谢薪懈褌械谢褟/Ext/ManagerModule.bsl	袪械谐懈褋褌褉小胁械写械薪懈泄.袠褋锌芯谢薪懈褌械谢懈袟邪写邪褔
Tasks	袟邪写邪褔邪	袟邪写邪褔邪袠褋锌芯谢薪懈褌械谢褟	Tasks/袟邪写邪褔邪袠褋锌芯谢薪懈褌械谢褟/Forms/袟邪写邪褔懈袩芯袘懈蟹薪械褋袩褉芯褑械褋褋褍/Ext/Form/Module.bsl	袛械褉械胁芯袟邪写邪褔.袩芯谢褍褔懈褌褜协谢械屑械薪褌褘
Tasks	袟邪写邪褔邪	袟邪写邪褔邪袠褋锌芯谢薪懈褌械谢褟	Tasks/袟邪写邪褔邪袠褋锌芯谢薪懈褌械谢褟/Forms/袟邪写邪褔懈袩芯袘懈蟹薪械褋袩褉芯褑械褋褋褍/Ext/Form/Module.bsl	袦械褌邪写邪薪薪褘械.袘懈蟹薪械褋袩褉芯褑械褋褋褘
Tasks	袟邪写邪褔邪	袟邪写邪褔邪袠褋锌芯谢薪懈褌械谢褟	Tasks/袟邪写邪褔邪袠褋锌芯谢薪懈褌械谢褟/Forms/袟邪写邪褔懈袩芯袩褉械写屑械褌褍/Ext/Form/Module.bsl	袛械褉械胁芯袟邪写邪褔.袩芯谢褍褔懈褌褜协谢械屑械薪褌褘
Tasks	袟邪写邪褔邪	袟邪写邪褔邪袠褋锌芯谢薪懈褌械谢褟	Tasks/袟邪写邪褔邪袠褋锌芯谢薪懈褌械谢褟/Forms/袟邪写邪褔懈袩芯袩褉械写屑械褌褍/Ext/Form/Module.bsl	袦械褌邪写邪薪薪褘械.袘懈蟹薪械褋袩褉芯褑械褋褋褘
