source_top_folder	source_type	source_name	source_path	ref_kind	ref_name
Reports	袨褌褔械褌	校薪懈胁械褉褋邪谢褜薪褘泄袨褌褔械褌	Reports/校薪懈胁械褉褋邪谢褜薪褘泄袨褌褔械褌/Ext/ObjectModule.bsl	袨褌褔械褌褘	校薪懈胁械褉褋邪谢褜薪褘泄袨褌褔械褌
Reports	袨褌褔械褌	校薪懈胁械褉褋邪谢褜薪褘泄袨褌褔械褌	Reports/校薪懈胁械褉褋邪谢褜薪褘泄袨褌褔械褌/Ext/ObjectModule.bsl	小锌褉邪胁芯褔薪懈泻懈	袙邪褉懈邪薪褌褘袨褌褔械褌芯胁
Reports	袨褌褔械褌	校薪懈褎懈褑懈褉芯胁邪薪薪邪褟肖芯褉屑邪孝2	Reports/校薪懈褎懈褑懈褉芯胁邪薪薪邪褟肖芯褉屑邪孝2/Ext/ObjectModule.bsl	小锌褉邪胁芯褔薪懈泻懈	袙懈写褘袛芯泻褍屑械薪褌芯胁肖懈蟹懈褔械褋泻懈褏袥懈褑
Reports	袨褌褔械褌	校薪懈褎懈褑懈褉芯胁邪薪薪邪褟肖芯褉屑邪孝2	Reports/校薪懈褎懈褑懈褉芯胁邪薪薪邪褟肖芯褉屑邪孝2/Ext/ObjectModule.bsl	小锌褉邪胁芯褔薪懈泻懈	小褌褉邪薪褘袦懈褉邪
Reports	袨褌褔械褌	校褔邪褋褌薪懈泻懈袚褉褍锌锌袛芯褋褌褍锌邪	Reports/校褔邪褋褌薪懈泻懈袚褉褍锌锌袛芯褋褌褍锌邪/Ext/ManagerModule.bsl	袨褌褔械褌褘	校褔邪褋褌薪懈泻懈袚褉褍锌锌袛芯褋褌褍锌邪
Reports	袨褌褔械褌	校褔邪褋褌薪懈泻懈袚褉褍锌锌袛芯褋褌褍锌邪	Reports/校褔邪褋褌薪懈泻懈袚褉褍锌锌袛芯褋褌褍锌邪/Ext/ObjectModule.bsl	袪械谐懈褋褌褉褘小胁械写械薪懈泄	小芯褋褌邪胁褘袚褉褍锌锌袩芯谢褜蟹芯胁邪褌械谢械泄
Reports	袨褌褔械褌	校褔邪褋褌薪懈泻懈袚褉褍锌锌袛芯褋褌褍锌邪	Reports/校褔邪褋褌薪懈泻懈袚褉褍锌锌袛芯褋褌褍锌邪/Ext/ObjectModule.bsl	小锌褉邪胁芯褔薪懈泻懈	袙薪械褕薪懈械袩芯谢褜蟹芯胁邪褌械谢懈
Reports	袨褌褔械褌	校褔邪褋褌薪懈泻懈袚褉褍锌锌袛芯褋褌褍锌邪	Reports/校褔邪褋褌薪懈泻懈袚褉褍锌锌袛芯褋褌褍锌邪/Ext/ObjectModule.bsl	小锌褉邪胁芯褔薪懈泻懈	袚褉褍锌锌褘袙薪械褕薪懈褏袩芯谢褜蟹芯胁邪褌械谢械泄
Reports	袨褌褔械褌	校褔邪褋褌薪懈泻懈袚褉褍锌锌袛芯褋褌褍锌邪	Reports/校褔邪褋褌薪懈泻懈袚褉褍锌锌袛芯褋褌褍锌邪/Ext/ObjectModule.bsl	小锌褉邪胁芯褔薪懈泻懈	袚褉褍锌锌褘袛芯褋褌褍锌邪
Reports	袨褌褔械褌	校褔邪褋褌薪懈泻懈袚褉褍锌锌袛芯褋褌褍锌邪	Reports/校褔邪褋褌薪懈泻懈袚褉褍锌锌袛芯褋褌褍锌邪/Ext/ObjectModule.bsl	小锌褉邪胁芯褔薪懈泻懈	袚褉褍锌锌褘袩芯谢褜蟹芯胁邪褌械谢械泄
Reports	袨褌褔械褌	校褔邪褋褌薪懈泻懈袚褉褍锌锌袛芯褋褌褍锌邪	Reports/校褔邪褋褌薪懈泻懈袚褉褍锌锌袛芯褋褌褍锌邪/Ext/ObjectModule.bsl	小锌褉邪胁芯褔薪懈泻懈	袩芯谢褜蟹芯胁邪褌械谢懈
Reports	袨褌褔械褌	校褔邪褋褌薪懈泻懈袚褉褍锌锌袛芯褋褌褍锌邪	Reports/校褔邪褋褌薪懈泻懈袚褉褍锌锌袛芯褋褌褍锌邪/Ext/ObjectModule.bsl	小锌褉邪胁芯褔薪懈泻懈	袩褉芯褎懈谢懈袚褉褍锌锌袛芯褋褌褍锌邪
Reports	袨褌褔械褌	校褔邪褋褌薪懈泻懈袚褉褍锌锌袩芯谢褜蟹芯胁邪褌械谢械泄	Reports/校褔邪褋褌薪懈泻懈袚褉褍锌锌袩芯谢褜蟹芯胁邪褌械谢械泄/Ext/ManagerModule.bsl	袨褌褔械褌褘	校褔邪褋褌薪懈泻懈袚褉褍锌锌袩芯谢褜蟹芯胁邪褌械谢械泄
Reports	袨褌褔械褌	校褔邪褋褌薪懈泻懈袚褉褍锌锌袩芯谢褜蟹芯胁邪褌械谢械泄	Reports/校褔邪褋褌薪懈泻懈袚褉褍锌锌袩芯谢褜蟹芯胁邪褌械谢械泄/Ext/ObjectModule.bsl	袪械谐懈褋褌褉褘小胁械写械薪懈泄	小芯褋褌邪胁褘袚褉褍锌锌袩芯谢褜蟹芯胁邪褌械谢械泄
Reports	袨褌褔械褌	校褔邪褋褌薪懈泻懈袚褉褍锌锌袩芯谢褜蟹芯胁邪褌械谢械泄	Reports/校褔邪褋褌薪懈泻懈袚褉褍锌锌袩芯谢褜蟹芯胁邪褌械谢械泄/Ext/ObjectModule.bsl	小锌褉邪胁芯褔薪懈泻懈	袚褉褍锌锌褘袩芯谢褜蟹芯胁邪褌械谢械泄
Reports	袨褌褔械褌	校褔邪褋褌薪懈泻懈袚褉褍锌锌袩芯谢褜蟹芯胁邪褌械谢械泄	Reports/校褔邪褋褌薪懈泻懈袚褉褍锌锌袩芯谢褜蟹芯胁邪褌械谢械泄/Ext/ObjectModule.bsl	小锌褉邪胁芯褔薪懈泻懈	袩芯谢褜蟹芯胁邪褌械谢懈
Reports	袨褌褔械褌	肖懈薪邪薪褋芯胁褘泄袗薪邪谢懈蟹	Reports/肖懈薪邪薪褋芯胁褘泄袗薪邪谢懈蟹/Ext/ManagerModule.bsl	袨斜褉邪斜芯褌泻懈	袟邪泻褉褘褌懈械袦械褋褟褑邪
Reports	袨褌褔械褌	肖懈薪邪薪褋芯胁褘泄袗薪邪谢懈蟹	Reports/肖懈薪邪薪褋芯胁褘泄袗薪邪谢懈蟹/Ext/ManagerModule.bsl	袨褌褔械褌褘	肖懈薪邪薪褋芯胁褘泄袗薪邪谢懈蟹
Reports	袨褌褔械褌	肖懈薪邪薪褋芯胁褘泄袗薪邪谢懈蟹	Reports/肖懈薪邪薪褋芯胁褘泄袗薪邪谢懈蟹/Forms/肖芯褉屑邪袨褌褔械褌邪/Ext/Form/Module.bsl	袨褌褔械褌褘	袗薪邪谢懈蟹肖懈薪邪薪褋芯胁褘褏袪械蟹褍谢褜褌邪褌芯胁
Reports	袨褌褔械褌	肖懈薪邪薪褋芯胁褘泄袗薪邪谢懈蟹	Reports/肖懈薪邪薪褋芯胁褘泄袗薪邪谢懈蟹/Forms/肖芯褉屑邪袨褌褔械褌邪/Ext/Form/Module.bsl	袨褌褔械褌褘	肖懈薪邪薪褋芯胁褘泄袗薪邪谢懈蟹
Reports	袨褌褔械褌	肖懈薪邪薪褋芯胁褘泄袗薪邪谢懈蟹	Reports/肖懈薪邪薪褋芯胁褘泄袗薪邪谢懈蟹/Forms/肖芯褉屑邪袨褌褔械褌邪/Ext/Form/Module.bsl	小锌褉邪胁芯褔薪懈泻懈	袨褉谐邪薪懈蟹邪褑懈懈
Reports	袨褌褔械褌	楔邪褏屑邪褌薪邪褟袙械写芯屑芯褋褌褜	Reports/楔邪褏屑邪褌薪邪褟袙械写芯屑芯褋褌褜/Forms/肖芯褉屑邪袨褌褔械褌邪/Ext/Form/Module.bsl	袩械褉械褔懈褋谢械薪懈褟	袨褌胁械褌褋褌胁械薪薪褘械袥懈褑邪袨褉谐邪薪懈蟹邪褑懈泄
Reports	袨褌褔械褌	协泻褋锌褉械褋褋袩褉芯胁械褉泻邪袙械写械薪懈褟校褔械褌邪	Reports/协泻褋锌褉械褋褋袩褉芯胁械褉泻邪袙械写械薪懈褟校褔械褌邪/Ext/ManagerModule.bsl	袛芯泻褍屑械薪褌褘	袙芯蟹胁褉邪褌孝芯胁邪褉芯胁袨褌袩芯泻褍锌邪褌械谢褟
Reports	袨褌褔械褌	协泻褋锌褉械褋褋袩褉芯胁械褉泻邪袙械写械薪懈褟校褔械褌邪	Reports/协泻褋锌褉械褋褋袩褉芯胁械褉泻邪袙械写械薪懈褟校褔械褌邪/Ext/ManagerModule.bsl	袛芯泻褍屑械薪褌褘	袩褉懈褏芯写薪褘泄袣邪褋褋芯胁褘泄袨褉写械褉
Reports	袨褌褔械褌	协泻褋锌褉械褋褋袩褉芯胁械褉泻邪袙械写械薪懈褟校褔械褌邪	Reports/协泻褋锌褉械褋褋袩褉芯胁械褉泻邪袙械写械薪懈褟校褔械褌邪/Ext/ManagerModule.bsl	袛芯泻褍屑械薪褌褘	袪邪褋褏芯写薪褘泄袣邪褋褋芯胁褘泄袨褉写械褉
Reports	袨褌褔械褌	协泻褋锌褉械褋褋袩褉芯胁械褉泻邪袙械写械薪懈褟校褔械褌邪	Reports/协泻褋锌褉械褋褋袩褉芯胁械褉泻邪袙械写械薪懈褟校褔械褌邪/Ext/ManagerModule.bsl	袛芯泻褍屑械薪褌褘	小褔械褌肖邪泻褌褍褉邪袙褘写邪薪薪褘泄
Reports	袨褌褔械褌	协泻褋锌褉械褋褋袩褉芯胁械褉泻邪袙械写械薪懈褟校褔械褌邪	Reports/协泻褋锌褉械褋褋袩褉芯胁械褉泻邪袙械写械薪懈褟校褔械褌邪/Ext/ManagerModule.bsl	袛芯泻褍屑械薪褌褘	校胁械写芯屑谢械薪懈械袨斜袠褋褔懈褋谢械薪薪褘褏小褍屑屑邪褏袧邪谢芯谐芯胁
Reports	袨褌褔械褌	协泻褋锌褉械褋褋袩褉芯胁械褉泻邪袙械写械薪懈褟校褔械褌邪	Reports/协泻褋锌褉械褋褋袩褉芯胁械褉泻邪袙械写械薪懈褟校褔械褌邪/Ext/ManagerModule.bsl	袛芯泻褍屑械薪褌褘	肖芯褉屑懈褉芯胁邪薪懈械袟邪锌懈褋械泄袣薪懈谐懈袩芯泻褍锌芯泻
Reports	袨褌褔械褌	协泻褋锌褉械褋褋袩褉芯胁械褉泻邪袙械写械薪懈褟校褔械褌邪	Reports/协泻褋锌褉械褋褋袩褉芯胁械褉泻邪袙械写械薪懈褟校褔械褌邪/Ext/ManagerModule.bsl	袣芯薪褋褌邪薪褌褘	袨褌写械谢褜薪邪褟袧褍屑械褉邪褑懈褟小褔械褌芯胁肖邪泻褌褍褉袧邪袗胁邪薪褋
Reports	袨褌褔械褌	协泻褋锌褉械褋褋袩褉芯胁械褉泻邪袙械写械薪懈褟校褔械褌邪	Reports/协泻褋锌褉械褋褋袩褉芯胁械褉泻邪袙械写械薪懈褟校褔械褌邪/Ext/ManagerModule.bsl	袨斜褉邪斜芯褌泻懈	袩芯屑芯褖薪懈泻校锌谢邪褌褘袧邪谢芯谐邪
Reports	袨褌褔械褌	协泻褋锌褉械褋褋袩褉芯胁械褉泻邪袙械写械薪懈褟校褔械褌邪	Reports/协泻褋锌褉械褋褋袩褉芯胁械褉泻邪袙械写械薪懈褟校褔械褌邪/Ext/ManagerModule.bsl	袨斜褉邪斜芯褌泻懈	袪械谐懈褋褌褉邪褑懈褟小褔械褌芯胁肖邪泻褌褍褉袧邪袗胁邪薪褋
Reports	袨褌褔械褌	协泻褋锌褉械褋褋袩褉芯胁械褉泻邪袙械写械薪懈褟校褔械褌邪	Reports/协泻褋锌褉械褋褋袩褉芯胁械褉泻邪袙械写械薪懈褟校褔械褌邪/Ext/ManagerModule.bsl	袨褌褔械褌褘	协泻褋锌褉械褋褋袩褉芯胁械褉泻邪袙械写械薪懈褟校褔械褌邪
Reports	袨褌褔械褌	协泻褋锌褉械褋褋袩褉芯胁械褉泻邪袙械写械薪懈褟校褔械褌邪	Reports/协泻褋锌褉械褋褋袩褉芯胁械褉泻邪袙械写械薪懈褟校褔械褌邪/Ext/ManagerModule.bsl	袩械褉械褔懈褋谢械薪懈褟	袙邪褉懈邪薪褌褘袪邪褋褕懈褉械薪薪芯谐芯袩械褉胁芯谐芯袧邪谢芯谐芯胁芯谐芯袩械褉懈芯写邪
Reports	袨褌褔械褌	协泻褋锌褉械褋褋袩褉芯胁械褉泻邪袙械写械薪懈褟校褔械褌邪	Reports/协泻褋锌褉械褋褋袩褉芯胁械褉泻邪袙械写械薪懈褟校褔械褌邪/Ext/ManagerModule.bsl	袩械褉械褔懈褋谢械薪懈褟	袙邪褉懈邪薪褌褘校褔械褌邪袨褌谢芯卸械薪薪芯谐芯袧邪谢芯谐邪
Reports	袨褌褔械褌	协泻褋锌褉械褋褋袩褉芯胁械褉泻邪袙械写械薪懈褟校褔械褌邪	Reports/协泻褋锌褉械褋褋袩褉芯胁械褉泻邪袙械写械薪懈褟校褔械褌邪/Ext/ManagerModule.bsl	袩械褉械褔懈褋谢械薪懈褟	袙懈写小褔械褌邪肖邪泻褌褍褉褘袙褘褋褌邪胁谢械薪薪芯谐芯
Reports	袨褌褔械褌	协泻褋锌褉械褋褋袩褉芯胁械褉泻邪袙械写械薪懈褟校褔械褌邪	Reports/协泻褋锌褉械褋褋袩褉芯胁械褉泻邪袙械写械薪懈褟校褔械褌邪/Ext/ManagerModule.bsl	袩械褉械褔懈褋谢械薪懈褟	袙懈写褘袗谐械薪褌褋泻懈褏袛芯谐芯胁芯褉芯胁
Reports	袨褌褔械褌	协泻褋锌褉械褋褋袩褉芯胁械褉泻邪袙械写械薪懈褟校褔械褌邪	Reports/协泻褋锌褉械褋褋袩褉芯胁械褉泻邪袙械写械薪懈褟校褔械褌邪/Ext/ManagerModule.bsl	袩械褉械褔懈褋谢械薪懈褟	袙懈写褘袛械泄褋褌胁懈泄袣邪谢械薪写邪褉褟袘褍褏谐邪谢褌械褉邪
Reports	袨褌褔械褌	协泻褋锌褉械褋褋袩褉芯胁械褉泻邪袙械写械薪懈褟校褔械褌邪	Reports/协泻褋锌褉械褋褋袩褉芯胁械褉泻邪袙械写械薪懈褟校褔械褌邪/Ext/ManagerModule.bsl	袩械褉械褔懈褋谢械薪懈褟	袙懈写褘袛械褟褌械谢褜薪芯褋褌懈袛谢褟袧邪谢芯谐芯胁芯谐芯校褔械褌邪袟邪褌褉邪褌
Reports	袨褌褔械褌	协泻褋锌褉械褋褋袩褉芯胁械褉泻邪袙械写械薪懈褟校褔械褌邪	Reports/协泻褋锌褉械褋褋袩褉芯胁械褉泻邪袙械写械薪懈褟校褔械褌邪/Ext/ManagerModule.bsl	袩械褉械褔懈褋谢械薪懈褟	袙懈写褘袟邪薪褟褌芯褋褌懈
Reports	袨褌褔械褌	协泻褋锌褉械褋褋袩褉芯胁械褉泻邪袙械写械薪懈褟校褔械褌邪	Reports/协泻褋锌褉械褋褋袩褉芯胁械褉泻邪袙械写械薪懈褟校褔械褌邪/Ext/ManagerModule.bsl	袩械褉械褔懈褋谢械薪懈褟	袙懈写褘袩褉芯褔懈褏袛芯褏芯写芯胁袠袪邪褋褏芯写芯胁
Reports	袨褌褔械褌	协泻褋锌褉械褋褋袩褉芯胁械褉泻邪袙械写械薪懈褟校褔械褌邪	Reports/协泻褋锌褉械褋褋袩褉芯胁械褉泻邪袙械写械薪懈褟校褔械褌邪/Ext/ManagerModule.bsl	袩械褉械褔懈褋谢械薪懈褟	袙懈写褘笑械薪薪芯褋褌械泄
Reports	袨褌褔械褌	协泻褋锌褉械褋褋袩褉芯胁械褉泻邪袙械写械薪懈褟校褔械褌邪	Reports/协泻褋锌褉械褋褋袩褉芯胁械褉泻邪袙械写械薪懈褟校褔械褌邪/Ext/ManagerModule.bsl	袩械褉械褔懈褋谢械薪懈褟	袨褌胁械褌褋褌胁械薪薪褘械袥懈褑邪袨褉谐邪薪懈蟹邪褑懈泄
Reports	袨褌褔械褌	协泻褋锌褉械褋褋袩褉芯胁械褉泻邪袙械写械薪懈褟校褔械褌邪	Reports/协泻褋锌褉械褋褋袩褉芯胁械褉泻邪袙械写械薪懈褟校褔械褌邪/Ext/ManagerModule.bsl	袩械褉械褔懈褋谢械薪懈褟	袩械褉懈芯写懈褔薪芯褋褌褜
Reports	袨褌褔械褌	协泻褋锌褉械褋褋袩褉芯胁械褉泻邪袙械写械薪懈褟校褔械褌邪	Reports/协泻褋锌褉械褋褋袩褉芯胁械褉泻邪袙械写械薪懈褟校褔械褌邪/Ext/ManagerModule.bsl	袩械褉械褔懈褋谢械薪懈褟	袪械谐谢邪屑械薪褌薪褘械袨锌械褉邪褑懈懈
Reports	袨褌褔械褌	协泻褋锌褉械褋褋袩褉芯胁械褉泻邪袙械写械薪懈褟校褔械褌邪	Reports/协泻褋锌褉械褋褋袩褉芯胁械褉泻邪袙械写械薪懈褟校褔械褌邪/Ext/ManagerModule.bsl	袩械褉械褔懈褋谢械薪懈褟	小懈褋褌械屑褘袧邪谢芯谐芯芯斜谢芯卸械薪懈褟
Reports	袨褌褔械褌	协泻褋锌褉械褋褋袩褉芯胁械褉泻邪袙械写械薪懈褟校褔械褌邪	Reports/协泻褋锌褉械褋褋袩褉芯胁械褉泻邪袙械写械薪懈褟校褔械褌邪/Ext/ManagerModule.bsl	袩械褉械褔懈褋谢械薪懈褟	小锌芯褋芯斜褘袨褑械薪泻懈孝芯胁邪褉芯胁袙袪芯蟹薪懈褑械
Reports	袨褌褔械褌	协泻褋锌褉械褋褋袩褉芯胁械褉泻邪袙械写械薪懈褟校褔械褌邪	Reports/协泻褋锌褉械褋褋袩褉芯胁械褉泻邪袙械写械薪懈褟校褔械褌邪/Ext/ManagerModule.bsl	袩械褉械褔懈褋谢械薪懈褟	小锌芯褋芯斜褘校褔械褌邪袧袛小
Reports	袨褌褔械褌	协泻褋锌褉械褋褋袩褉芯胁械褉泻邪袙械写械薪懈褟校褔械褌邪	Reports/协泻褋锌褉械褋褋袩褉芯胁械褉泻邪袙械写械薪懈褟校褔械褌邪/Ext/ManagerModule.bsl	袩械褉械褔懈褋谢械薪懈褟	小褌邪胁泻懈袧袛小
Reports	袨褌褔械褌	协泻褋锌褉械褋褋袩褉芯胁械褉泻邪袙械写械薪懈褟校褔械褌邪	Reports/协泻褋锌褉械褋褋袩褉芯胁械褉泻邪袙械写械薪懈褟校褔械褌邪/Ext/ManagerModule.bsl	袩械褉械褔懈褋谢械薪懈褟	挟褉懈写懈褔械褋泻芯械肖懈蟹懈褔械褋泻芯械袥懈褑芯
Reports	袨褌褔械褌	协泻褋锌褉械褋褋袩褉芯胁械褉泻邪袙械写械薪懈褟校褔械褌邪	Reports/协泻褋锌褉械褋褋袩褉芯胁械褉泻邪袙械写械薪懈褟校褔械褌邪/Ext/ManagerModule.bsl	袩谢邪薪褘袙懈写芯胁啸邪褉邪泻褌械褉懈褋褌懈泻	袙懈写褘小褍斜泻芯薪褌芯啸芯蟹褉邪褋褔械褌薪褘械
Reports	袨褌褔械褌	协泻褋锌褉械褋褋袩褉芯胁械褉泻邪袙械写械薪懈褟校褔械褌邪	Reports/协泻褋锌褉械褋褋袩褉芯胁械褉泻邪袙械写械薪懈褟校褔械褌邪/Ext/ManagerModule.bsl	袩谢邪薪褘小褔械褌芯胁	啸芯蟹褉邪褋褔械褌薪褘泄
Reports	袨褌褔械褌	协泻褋锌褉械褋褋袩褉芯胁械褉泻邪袙械写械薪懈褟校褔械褌邪	Reports/协泻褋锌褉械褋褋袩褉芯胁械褉泻邪袙械写械薪懈褟校褔械褌邪/Ext/ManagerModule.bsl	袪械谐懈褋褌褉褘小胁械写械薪懈泄	袙褘锌芯谢薪械薪懈械袪械谐谢邪屑械薪褌薪褘褏袨锌械褉邪褑懈泄袧袛小
Reports	袨褌褔械褌	协泻褋锌褉械褋褋袩褉芯胁械褉泻邪袙械写械薪懈褟校褔械褌邪	Reports/协泻褋锌褉械褋褋袩褉芯胁械褉泻邪袙械写械薪懈褟校褔械褌邪/Ext/ManagerModule.bsl	袪械谐懈褋褌褉褘小胁械写械薪懈泄	袞褍褉薪邪谢袨褌锌褉邪胁芯泻袙袣芯薪褌褉芯谢懈褉褍褞褖懈械袨褉谐邪薪褘
Reports	袨褌褔械褌	协泻褋锌褉械褋褋袩褉芯胁械褉泻邪袙械写械薪懈褟校褔械褌邪	Reports/协泻褋锌褉械褋褋袩褉芯胁械褉泻邪袙械写械薪懈褟校褔械褌邪/Ext/ManagerModule.bsl	袪械谐懈褋褌褉褘小胁械写械薪懈泄	袟邪写邪褔懈袘褍褏谐邪谢褌械褉邪
Reports	袨褌褔械褌	协泻褋锌褉械褋褋袩褉芯胁械褉泻邪袙械写械薪懈褟校褔械褌邪	Reports/协泻褋锌褉械褋褋袩褉芯胁械褉泻邪袙械写械薪懈褟校褔械褌邪/Ext/ManagerModule.bsl	袪械谐懈褋褌褉褘小胁械写械薪懈泄	袧邪褋褌褉芯泄泻懈校褔械褌邪袧袛小
Reports	袨褌褔械褌	协泻褋锌褉械褋褋袩褉芯胁械褉泻邪袙械写械薪懈褟校褔械褌邪	Reports/协泻褋锌褉械褋褋袩褉芯胁械褉泻邪袙械写械薪懈褟校褔械褌邪/Ext/ManagerModule.bsl	小锌褉邪胁芯褔薪懈泻懈	袧邪褋褌褉芯泄泻懈校褔械褌邪袟邪褌褉邪褌
Reports	袨褌褔械褌	协泻褋锌褉械褋褋袩褉芯胁械褉泻邪袙械写械薪懈褟校褔械褌邪	Reports/协泻褋锌褉械褋褋袩褉芯胁械褉泻邪袙械写械薪懈褟校褔械褌邪/Ext/ManagerModule.bsl	小锌褉邪胁芯褔薪懈泻懈	袨褉谐邪薪懈蟹邪褑懈懈
Reports	袨褌褔械褌	协泻褋锌褉械褋褋袩褉芯胁械褉泻邪袙械写械薪懈褟校褔械褌邪	Reports/协泻褋锌褉械褋褋袩褉芯胁械褉泻邪袙械写械薪懈褟校褔械褌邪/Ext/ManagerModule.bsl	小锌褉邪胁芯褔薪懈泻懈	袩褉邪胁懈谢邪袩褉械写褋褌邪胁谢械薪懈褟袨褌褔械褌芯胁校锌谢邪褌褘袧邪谢芯谐芯胁
Reports	袨褌褔械褌	协泻褋锌褉械褋褋袩褉芯胁械褉泻邪袙械写械薪懈褟校褔械褌邪	Reports/协泻褋锌褉械褋褋袩褉芯胁械褉泻邪袙械写械薪懈褟校褔械褌邪/Forms/肖芯褉屑邪袨褌褔械褌邪/Ext/Form/Module.bsl	袨褌褔械褌褘	协泻褋锌褉械褋褋袩褉芯胁械褉泻邪袙械写械薪懈褟校褔械褌邪
Reports	袨褌褔械褌	协泻褋锌褉械褋褋袩褉芯胁械褉泻邪袙械写械薪懈褟校褔械褌邪	Reports/协泻褋锌褉械褋褋袩褉芯胁械褉泻邪袙械写械薪懈褟校褔械褌邪/Forms/肖芯褉屑邪袨褌褔械褌邪/Ext/Form/Module.bsl	袪械谐懈褋褌褉褘小胁械写械薪懈泄	袧邪褋褌褉芯泄泻懈小懈褋褌械屑褘袧邪谢芯谐芯芯斜谢芯卸械薪懈褟
Reports	袨褌褔械褌	协泻褋锌褉械褋褋袩褉芯胁械褉泻邪袙械写械薪懈褟校褔械褌邪	Reports/协泻褋锌褉械褋褋袩褉芯胁械褉泻邪袙械写械薪懈褟校褔械褌邪/Forms/肖芯褉屑邪袨褌褔械褌邪/Ext/Form/Module.bsl	袪械谐懈褋褌褉褘小胁械写械薪懈泄	校褔械褌薪邪褟袩芯谢懈褌懈泻邪
Reports	袨褌褔械褌	协泻褋锌褉械褋褋袩褉芯胁械褉泻邪袙械写械薪懈褟校褔械褌邪	Reports/协泻褋锌褉械褋褋袩褉芯胁械褉泻邪袙械写械薪懈褟校褔械褌邪/Forms/肖芯褉屑邪袨褌褔械褌邪/Ext/Form/Module.bsl	小锌褉邪胁芯褔薪懈泻懈	袨褉谐邪薪懈蟹邪褑懈懈
Sequences	袩芯褋谢械写芯胁邪褌械谢褜薪芯褋褌褜	袛芯泻褍屑械薪褌褘袨褉谐邪薪懈蟹邪褑懈泄	Sequences/袛芯泻褍屑械薪褌褘袨褉谐邪薪懈蟹邪褑懈泄/Ext/RecordSetModule.bsl	袩械褉械褔懈褋谢械薪懈褟	小芯褋褌芯褟薪懈褟袩褉芯胁械写械薪懈褟袙袩芯褋谢械写芯胁邪褌械谢褜薪芯褋褌懈
SettingsStorages	啸褉邪薪懈谢懈褖械袧邪褋褌褉芯械泻	袘褍褎械褉褘袨斜屑械薪邪袧芯胁芯褋褌械泄	SettingsStorages/袘褍褎械褉褘袨斜屑械薪邪袧芯胁芯褋褌械泄/Ext/ManagerModule.bsl	袛芯泻褍屑械薪褌褘	袧芯胁芯褋褌懈
SettingsStorages	啸褉邪薪懈谢懈褖械袧邪褋褌褉芯械泻	袘褍褎械褉褘袨斜屑械薪邪袧芯胁芯褋褌械泄	SettingsStorages/袘褍褎械褉褘袨斜屑械薪邪袧芯胁芯褋褌械泄/Ext/ManagerModule.bsl	袩谢邪薪褘袙懈写芯胁啸邪褉邪泻褌械褉懈褋褌懈泻	袣邪褌械谐芯褉懈懈袧芯胁芯褋褌械泄
SettingsStorages	啸褉邪薪懈谢懈褖械袧邪褋褌褉芯械泻	袘褍褎械褉褘袨斜屑械薪邪袧芯胁芯褋褌械泄	SettingsStorages/袘褍褎械褉褘袨斜屑械薪邪袧芯胁芯褋褌械泄/Ext/ManagerModule.bsl	小锌褉邪胁芯褔薪懈泻懈	袟薪邪褔械薪懈褟袣邪褌械谐芯褉懈泄袧芯胁芯褋褌械泄
SettingsStorages	啸褉邪薪懈谢懈褖械袧邪褋褌褉芯械泻	袘褍褎械褉褘袨斜屑械薪邪袧芯胁芯褋褌械泄	SettingsStorages/袘褍褎械褉褘袨斜屑械薪邪袧芯胁芯褋褌械泄/Ext/ManagerModule.bsl	小锌褉邪胁芯褔薪懈泻懈	袧邪泄褌懈
SettingsStorages	啸褉邪薪懈谢懈褖械袧邪褋褌褉芯械泻	袘褍褎械褉褘袨斜屑械薪邪袧芯胁芯褋褌械泄	SettingsStorages/袘褍褎械褉褘袨斜屑械薪邪袧芯胁芯褋褌械泄/Ext/ManagerModule.bsl	小锌褉邪胁芯褔薪懈泻懈	袩芯谢褜蟹芯胁邪褌械谢懈
SettingsStorages	啸褉邪薪懈谢懈褖械袧邪褋褌褉芯械泻	袘褍褎械褉褘袨斜屑械薪邪袧芯胁芯褋褌械泄	SettingsStorages/袘褍褎械褉褘袨斜屑械薪邪袧芯胁芯褋褌械泄/Ext/ManagerModule.bsl	小锌褉邪胁芯褔薪懈泻懈	袩褉芯写褍泻褌褘
SettingsStorages	啸褉邪薪懈谢懈褖械袧邪褋褌褉芯械泻	袘褍褎械褉褘袨斜屑械薪邪袧芯胁芯褋褌械泄	SettingsStorages/袘褍褎械褉褘袨斜屑械薪邪袧芯胁芯褋褌械泄/Ext/ManagerModule.bsl	小锌褉邪胁芯褔薪懈泻懈	孝懈锌袙褋械小褋褘谢泻懈
SettingsStorages	啸褉邪薪懈谢懈褖械袧邪褋褌褉芯械泻	袘褍褎械褉褘袨斜屑械薪邪袧芯胁芯褋褌械泄	SettingsStorages/袘褍褎械褉褘袨斜屑械薪邪袧芯胁芯褋褌械泄/Forms/肖芯褉屑邪校锌褉邪胁谢械薪懈褟袘褍褎械褉邪屑懈袨斜屑械薪邪/Ext/Form/Module.bsl	袛芯泻褍屑械薪褌褘	袧芯胁芯褋褌懈
SettingsStorages	啸褉邪薪懈谢懈褖械袧邪褋褌褉芯械泻	袘褍褎械褉褘袨斜屑械薪邪袧芯胁芯褋褌械泄	SettingsStorages/袘褍褎械褉褘袨斜屑械薪邪袧芯胁芯褋褌械泄/Forms/肖芯褉屑邪校锌褉邪胁谢械薪懈褟袘褍褎械褉邪屑懈袨斜屑械薪邪/Ext/Form/Module.bsl	小锌褉邪胁芯褔薪懈泻懈	袩芯谢褜蟹芯胁邪褌械谢懈
SettingsStorages	啸褉邪薪懈谢懈褖械袧邪褋褌褉芯械泻	袘褍褎械褉褘袨斜屑械薪邪袧芯胁芯褋褌械泄	SettingsStorages/袘褍褎械褉褘袨斜屑械薪邪袧芯胁芯褋褌械泄/Forms/肖芯褉屑邪校锌褉邪胁谢械薪懈褟袘褍褎械褉邪屑懈袨斜屑械薪邪/Ext/Form/Module.bsl	小锌褉邪胁芯褔薪懈泻懈	袩褉芯写褍泻褌褘
SettingsStorages	啸褉邪薪懈谢懈褖械袧邪褋褌褉芯械泻	袧邪褋褌褉芯泄泻懈袧芯胁芯褋褌械泄	SettingsStorages/袧邪褋褌褉芯泄泻懈袧芯胁芯褋褌械泄/Ext/ManagerModule.bsl	袣芯薪褋褌邪薪褌褘	袧邪褋褌褉芯泄泻懈袧芯胁芯褋褌械泄
SettingsStorages	啸褉邪薪懈谢懈褖械袧邪褋褌褉芯械泻	袧邪褋褌褉芯泄泻懈袧芯胁芯褋褌械泄	SettingsStorages/袧邪褋褌褉芯泄泻懈袧芯胁芯褋褌械泄/Ext/ManagerModule.bsl	袩械褉械褔懈褋谢械薪懈褟	小锌芯褋芯斜褘袨锌芯胁械褖械薪懈褟袩芯谢褜蟹芯胁邪褌械谢褟袨袧芯胁芯褋褌褟褏
SettingsStorages	啸褉邪薪懈谢懈褖械袧邪褋褌褉芯械泻	袧邪褋褌褉芯泄泻懈袧芯胁芯褋褌械泄	SettingsStorages/袧邪褋褌褉芯泄泻懈袧芯胁芯褋褌械泄/Ext/ManagerModule.bsl	袪械谐懈褋褌褉褘小胁械写械薪懈泄	袧邪褋褌褉芯泄泻懈袧芯胁芯褋褌械泄袨斜谢邪褋褌懈袛邪薪薪褘褏
SettingsStorages	啸褉邪薪懈谢懈褖械袧邪褋褌褉芯械泻	袧邪褋褌褉芯泄泻懈袧芯胁芯褋褌械泄	SettingsStorages/袧邪褋褌褉芯泄泻懈袧芯胁芯褋褌械泄/Ext/ManagerModule.bsl	袪械谐懈褋褌褉褘小胁械写械薪懈泄	袧邪褋褌褉芯泄泻懈袩芯谢褜蟹芯胁邪褌械谢械泄袘袠袩
SettingsStorages	啸褉邪薪懈谢懈褖械袧邪褋褌褉芯械泻	袧邪褋褌褉芯泄泻懈袧芯胁芯褋褌械泄	SettingsStorages/袧邪褋褌褉芯泄泻懈袧芯胁芯褋褌械泄/Ext/ManagerModule.bsl	袪械谐懈褋褌褉褘小胁械写械薪懈泄	袨褌斜芯褉褘袩芯袥械薪褌邪屑袧芯胁芯褋褌械泄袛谢褟袨斜谢邪褋褌懈袛邪薪薪褘褏
SettingsStorages	啸褉邪薪懈谢懈褖械袧邪褋褌褉芯械泻	袧邪褋褌褉芯泄泻懈袧芯胁芯褋褌械泄	SettingsStorages/袧邪褋褌褉芯泄泻懈袧芯胁芯褋褌械泄/Ext/ManagerModule.bsl	袪械谐懈褋褌褉褘小胁械写械薪懈泄	袨褌斜芯褉褘袩芯袥械薪褌邪屑袧芯胁芯褋褌械泄袨斜褖懈械
SettingsStorages	啸褉邪薪懈谢懈褖械袧邪褋褌褉芯械泻	袧邪褋褌褉芯泄泻懈袧芯胁芯褋褌械泄	SettingsStorages/袧邪褋褌褉芯泄泻懈袧芯胁芯褋褌械泄/Ext/ManagerModule.bsl	袪械谐懈褋褌褉褘小胁械写械薪懈泄	袨褌斜芯褉褘袩芯袥械薪褌邪屑袧芯胁芯褋褌械泄袩芯谢褜蟹芯胁邪褌械谢褜褋泻懈械
SettingsStorages	啸褉邪薪懈谢懈褖械袧邪褋褌褉芯械泻	袧邪褋褌褉芯泄泻懈袧芯胁芯褋褌械泄	SettingsStorages/袧邪褋褌褉芯泄泻懈袧芯胁芯褋褌械泄/Ext/ManagerModule.bsl	袪械谐懈褋褌褉褘小胁械写械薪懈泄	袨褌泻谢褞褔械薪薪褘械袥械薪褌褘袧芯胁芯褋褌械泄
SettingsStorages	啸褉邪薪懈谢懈褖械袧邪褋褌褉芯械泻	袧邪褋褌褉芯泄泻懈袧芯胁芯褋褌械泄	SettingsStorages/袧邪褋褌褉芯泄泻懈袧芯胁芯褋褌械泄/Ext/ManagerModule.bsl	袪械谐懈褋褌褉褘小胁械写械薪懈泄	袨褌泻谢褞褔械薪薪褘械袩邪薪械谢懈袣芯薪褌械泻褋褌薪褘褏袧芯胁芯褋褌械泄
SettingsStorages	啸褉邪薪懈谢懈褖械袧邪褋褌褉芯械泻	袧邪褋褌褉芯泄泻懈袧芯胁芯褋褌械泄	SettingsStorages/袧邪褋褌褉芯泄泻懈袧芯胁芯褋褌械泄/Ext/ManagerModule.bsl	小锌褉邪胁芯褔薪懈泻懈	袥械薪褌褘袧芯胁芯褋褌械泄
SettingsStorages	啸褉邪薪懈谢懈褖械袧邪褋褌褉芯械泻	袧邪褋褌褉芯泄泻懈袧芯胁芯褋褌械泄	SettingsStorages/袧邪褋褌褉芯泄泻懈袧芯胁芯褋褌械泄/Forms/肖芯褉屑邪袧邪褋褌褉芯泄泻懈袨褌斜芯褉芯胁袩芯袣邪褌械谐芯褉懈懈/Ext/Form/Module.bsl	袩谢邪薪褘袙懈写芯胁啸邪褉邪泻褌械褉懈褋褌懈泻	袣邪褌械谐芯褉懈懈袧芯胁芯褋褌械泄
SettingsStorages	啸褉邪薪懈谢懈褖械袧邪褋褌褉芯械泻	袧邪褋褌褉芯泄泻懈袧芯胁芯褋褌械泄	SettingsStorages/袧邪褋褌褉芯泄泻懈袧芯胁芯褋褌械泄/Forms/肖芯褉屑邪袧邪褋褌褉芯泄泻懈袨褌斜芯褉芯胁袩芯袣邪褌械谐芯褉懈懈/Ext/Form/Module.bsl	小锌褉邪胁芯褔薪懈泻懈	袟薪邪褔械薪懈褟袣邪褌械谐芯褉懈泄袧芯胁芯褋褌械泄
SettingsStorages	啸褉邪薪懈谢懈褖械袧邪褋褌褉芯械泻	袧邪褋褌褉芯泄泻懈袧芯胁芯褋褌械泄	SettingsStorages/袧邪褋褌褉芯泄泻懈袧芯胁芯褋褌械泄/Forms/肖芯褉屑邪袧邪褋褌褉芯泄泻懈袩芯泻邪蟹邪袧芯胁芯褋褌械泄/Ext/Form/Module.bsl	袩械褉械褔懈褋谢械薪懈褟	小锌芯褋芯斜褘袨锌芯胁械褖械薪懈褟袩芯谢褜蟹芯胁邪褌械谢褟袨袧芯胁芯褋褌褟褏
SettingsStorages	啸褉邪薪懈谢懈褖械袧邪褋褌褉芯械泻	袧邪褋褌褉芯泄泻懈袧芯胁芯褋褌械泄	SettingsStorages/袧邪褋褌褉芯泄泻懈袧芯胁芯褋褌械泄/Forms/肖芯褉屑邪袧邪褋褌褉芯泄泻懈袩芯泻邪蟹邪袧芯胁芯褋褌械泄/Ext/Form/Module.bsl	袪械谐懈褋褌褉褘小胁械写械薪懈泄	袧邪褋褌褉芯泄泻懈袩芯谢褜蟹芯胁邪褌械谢械泄袘袠袩
SettingsStorages	啸褉邪薪懈谢懈褖械袧邪褋褌褉芯械泻	袧邪褋褌褉芯泄泻懈袧芯胁芯褋褌械泄	SettingsStorages/袧邪褋褌褉芯泄泻懈袧芯胁芯褋褌械泄/Forms/肖芯褉屑邪协泻褋锌芯褉褌邪小锌懈褋泻邪袥械薪褌袧芯胁芯褋褌械泄袙OPML/Ext/Form/Module.bsl	小锌褉邪胁芯褔薪懈泻懈	袥械薪褌褘袧芯胁芯褋褌械泄
SettingsStorages	啸褉邪薪懈谢懈褖械袧邪褋褌褉芯械泻	啸褉邪薪懈谢懈褖械袙邪褉懈邪薪褌芯胁袨褌褔械褌芯胁	SettingsStorages/啸褉邪薪懈谢懈褖械袙邪褉懈邪薪褌芯胁袨褌褔械褌芯胁/Ext/ManagerModule.bsl	小锌褉邪胁芯褔薪懈泻懈	袙邪褉懈邪薪褌褘袨褌褔械褌芯胁
SettingsStorages	啸褉邪薪懈谢懈褖械袧邪褋褌褉芯械泻	啸褉邪薪懈谢懈褖械袙邪褉懈邪薪褌芯胁袨褌褔械褌芯胁	SettingsStorages/啸褉邪薪懈谢懈褖械袙邪褉懈邪薪褌芯胁袨褌褔械褌芯胁/Forms/袙褘斜芯褉袙邪褉懈邪薪褌邪袨褌褔械褌邪/Ext/Form/Module.bsl	袩械褉械褔懈褋谢械薪懈褟	袧邪蟹薪邪褔械薪懈褟袙邪褉懈邪薪褌芯胁袨褌褔械褌芯胁
SettingsStorages	啸褉邪薪懈谢懈褖械袧邪褋褌褉芯械泻	啸褉邪薪懈谢懈褖械袙邪褉懈邪薪褌芯胁袨褌褔械褌芯胁	SettingsStorages/啸褉邪薪懈谢懈褖械袙邪褉懈邪薪褌芯胁袨褌褔械褌芯胁/Forms/袙褘斜芯褉袙邪褉懈邪薪褌邪袨褌褔械褌邪/Ext/Form/Module.bsl	袩械褉械褔懈褋谢械薪懈褟	孝懈锌褘袨褌褔械褌芯胁
SettingsStorages	啸褉邪薪懈谢懈褖械袧邪褋褌褉芯械泻	啸褉邪薪懈谢懈褖械袙邪褉懈邪薪褌芯胁袨褌褔械褌芯胁	SettingsStorages/啸褉邪薪懈谢懈褖械袙邪褉懈邪薪褌芯胁袨褌褔械褌芯胁/Forms/袙褘斜芯褉肖懈薪邪薪褋芯胁芯谐芯袩械褉懈芯写邪/Ext/Form/Module.bsl	袩械褉械褔懈褋谢械薪懈褟	袛芯褋褌褍锌薪褘械袩械褉懈芯写褘袨褌褔械褌邪
SettingsStorages	啸褉邪薪懈谢懈褖械袧邪褋褌褉芯械泻	啸褉邪薪懈谢懈褖械袙邪褉懈邪薪褌芯胁袨褌褔械褌芯胁	SettingsStorages/啸褉邪薪懈谢懈褖械袙邪褉懈邪薪褌芯胁袨褌褔械褌芯胁/Forms/袩邪薪械谢褜袛褉褍谐懈褏袨褌褔械褌芯胁/Ext/Form/Module.bsl	袩械褉械褔懈褋谢械薪懈褟	孝懈锌褘袨褌褔械褌芯胁
SettingsStorages	啸褉邪薪懈谢懈褖械袧邪褋褌褉芯械泻	啸褉邪薪懈谢懈褖械袙邪褉懈邪薪褌芯胁袨褌褔械褌芯胁	SettingsStorages/啸褉邪薪懈谢懈褖械袙邪褉懈邪薪褌芯胁袨褌褔械褌芯胁/Forms/小芯褏褉邪薪械薪懈械袙邪褉懈邪薪褌邪袨褌褔械褌邪/Ext/Form/Module.bsl	袩械褉械褔懈褋谢械薪懈褟	孝懈锌褘袨褌褔械褌芯胁
SettingsStorages	啸褉邪薪懈谢懈褖械袧邪褋褌褉芯械泻	啸褉邪薪懈谢懈褖械袙邪褉懈邪薪褌芯胁袨褌褔械褌芯胁	SettingsStorages/啸褉邪薪懈谢懈褖械袙邪褉懈邪薪褌芯胁袨褌褔械褌芯胁/Forms/小芯褏褉邪薪械薪懈械袙邪褉懈邪薪褌邪袨褌褔械褌邪/Ext/Form/Module.bsl	袪械谐懈褋褌褉褘小胁械写械薪懈泄	袧邪褋褌褉芯泄泻懈袙邪褉懈邪薪褌芯胁袨褌褔械褌芯胁
SettingsStorages	啸褉邪薪懈谢懈褖械袧邪褋褌褉芯械泻	啸褉邪薪懈谢懈褖械袙邪褉懈邪薪褌芯胁袨褌褔械褌芯胁	SettingsStorages/啸褉邪薪懈谢懈褖械袙邪褉懈邪薪褌芯胁袨褌褔械褌芯胁/Forms/小芯褏褉邪薪械薪懈械袙邪褉懈邪薪褌邪袨褌褔械褌邪/Ext/Form/Module.bsl	小锌褉邪胁芯褔薪懈泻懈	袙邪褉懈邪薪褌褘袨褌褔械褌芯胁
SettingsStorages	啸褉邪薪懈谢懈褖械袧邪褋褌褉芯械泻	啸褉邪薪懈谢懈褖械袙邪褉懈邪薪褌芯胁袨褌褔械褌芯胁	SettingsStorages/啸褉邪薪懈谢懈褖械袙邪褉懈邪薪褌芯胁袨褌褔械褌芯胁/Forms/小芯褏褉邪薪械薪懈械袙邪褉懈邪薪褌邪袨褌褔械褌邪袙肖邪泄谢/Ext/Form/Module.bsl	袩械褉械褔懈褋谢械薪懈褟	孝懈锌褘袨褌褔械褌芯胁
Tasks	袟邪写邪褔邪	袟邪写邪褔邪袠褋锌芯谢薪懈褌械谢褟	Tasks/袟邪写邪褔邪袠褋锌芯谢薪懈褌械谢褟/Ext/ManagerModule.bsl	袘懈蟹薪械褋袩褉芯褑械褋褋褘	袟邪写邪薪懈械
Tasks	袟邪写邪褔邪	袟邪写邪褔邪袠褋锌芯谢薪懈褌械谢褟	Tasks/袟邪写邪褔邪袠褋锌芯谢薪懈褌械谢褟/Ext/ManagerModule.bsl	袟邪写邪褔懈	袟邪写邪褔邪袠褋锌芯谢薪懈褌械谢褟
Tasks	袟邪写邪褔邪	袟邪写邪褔邪袠褋锌芯谢薪懈褌械谢褟	Tasks/袟邪写邪褔邪袠褋锌芯谢薪懈褌械谢褟/Ext/ManagerModule.bsl	袩械褉械褔懈褋谢械薪懈褟	小褌邪褌褍褋袟邪写邪褔懈
Tasks	袟邪写邪褔邪	袟邪写邪褔邪袠褋锌芯谢薪懈褌械谢褟	Tasks/袟邪写邪褔邪袠褋锌芯谢薪懈褌械谢褟/Ext/ObjectModule.bsl	袩械褉械褔懈褋谢械薪懈褟	袙邪褉懈邪薪褌褘袙邪卸薪芯褋褌懈袟邪写邪褔懈
Tasks	袟邪写邪褔邪	袟邪写邪褔邪袠褋锌芯谢薪懈褌械谢褟	Tasks/袟邪写邪褔邪袠褋锌芯谢薪懈褌械谢褟/Ext/ObjectModule.bsl	袩械褉械褔懈褋谢械薪懈褟	小芯褋褌芯褟薪懈褟袘懈蟹薪械褋袩褉芯褑械褋褋芯胁
Tasks	袟邪写邪褔邪	袟邪写邪褔邪袠褋锌芯谢薪懈褌械谢褟	Tasks/袟邪写邪褔邪袠褋锌芯谢薪懈褌械谢褟/Ext/ObjectModule.bsl	袩械褉械褔懈褋谢械薪懈褟	小褌邪褌褍褋袟邪写邪褔懈
Tasks	袟邪写邪褔邪	袟邪写邪褔邪袠褋锌芯谢薪懈褌械谢褟	Tasks/袟邪写邪褔邪袠褋锌芯谢薪懈褌械谢褟/Forms/袟邪写邪褔懈袩芯袘懈蟹薪械褋袩褉芯褑械褋褋褍/Ext/Form/Module.bsl	袘懈蟹薪械褋袩褉芯褑械褋褋褘	袙邪卸薪芯褋褌褜
Tasks	袟邪写邪褔邪	袟邪写邪褔邪袠褋锌芯谢薪懈褌械谢褟	Tasks/袟邪写邪褔邪袠褋锌芯谢薪懈褌械谢褟/Forms/袟邪写邪褔懈袩芯袘懈蟹薪械褋袩褉芯褑械褋褋褍/Ext/Form/Module.bsl	袘懈蟹薪械褋袩褉芯褑械褋褋褘	袚谢邪胁薪邪褟袟邪写邪褔邪
Tasks	袟邪写邪褔邪	袟邪写邪褔邪袠褋锌芯谢薪懈褌械谢褟	Tasks/袟邪写邪褔邪袠褋锌芯谢薪懈褌械谢褟/Forms/袟邪写邪褔懈袩芯袘懈蟹薪械褋袩褉芯褑械褋褋褍/Ext/Form/Module.bsl	袘懈蟹薪械褋袩褉芯褑械褋褋褘	袟邪胁械褉褕械薪
Tasks	袟邪写邪褔邪	袟邪写邪褔邪袠褋锌芯谢薪懈褌械谢褟	Tasks/袟邪写邪褔邪袠褋锌芯谢薪懈褌械谢褟/Forms/袟邪写邪褔懈袩芯袘懈蟹薪械褋袩褉芯褑械褋褋褍/Ext/Form/Module.bsl	袘懈蟹薪械褋袩褉芯褑械褋褋褘	袧邪懈屑械薪芯胁邪薪懈械
Tasks	袟邪写邪褔邪	袟邪写邪褔邪袠褋锌芯谢薪懈褌械谢褟	Tasks/袟邪写邪褔邪袠褋锌芯谢薪懈褌械谢褟/Forms/袟邪写邪褔懈袩芯袘懈蟹薪械褋袩褉芯褑械褋褋褍/Ext/Form/Module.bsl	袘懈蟹薪械褋袩褉芯褑械褋褋褘	袩芯屑械褌泻邪校写邪谢械薪懈褟
Tasks	袟邪写邪褔邪	袟邪写邪褔邪袠褋锌芯谢薪懈褌械谢褟	Tasks/袟邪写邪褔邪袠褋锌芯谢薪懈褌械谢褟/Forms/袟邪写邪褔懈袩芯袘懈蟹薪械褋袩褉芯褑械褋褋褍/Ext/Form/Module.bsl	袘懈蟹薪械褋袩褉芯褑械褋褋褘	小芯褋褌芯褟薪懈械
Tasks	袟邪写邪褔邪	袟邪写邪褔邪袠褋锌芯谢薪懈褌械谢褟	Tasks/袟邪写邪褔邪袠褋锌芯谢薪懈褌械谢褟/Forms/袟邪写邪褔懈袩芯袘懈蟹薪械褋袩褉芯褑械褋褋褍/Ext/Form/Module.bsl	袘懈蟹薪械褋袩褉芯褑械褋褋褘	小褋褘谢泻邪
Tasks	袟邪写邪褔邪	袟邪写邪褔邪袠褋锌芯谢薪懈褌械谢褟	Tasks/袟邪写邪褔邪袠褋锌芯谢薪懈褌械谢褟/Forms/袟邪写邪褔懈袩芯袩褉械写屑械褌褍/Ext/Form/Module.bsl	袘懈蟹薪械褋袩褉芯褑械褋褋褘	袙邪卸薪芯褋褌褜
Tasks	袟邪写邪褔邪	袟邪写邪褔邪袠褋锌芯谢薪懈褌械谢褟	Tasks/袟邪写邪褔邪袠褋锌芯谢薪懈褌械谢褟/Forms/袟邪写邪褔懈袩芯袩褉械写屑械褌褍/Ext/Form/Module.bsl	袘懈蟹薪械褋袩褉芯褑械褋褋褘	袚谢邪胁薪邪褟袟邪写邪褔邪
Tasks	袟邪写邪褔邪	袟邪写邪褔邪袠褋锌芯谢薪懈褌械谢褟	Tasks/袟邪写邪褔邪袠褋锌芯谢薪懈褌械谢褟/Forms/袟邪写邪褔懈袩芯袩褉械写屑械褌褍/Ext/Form/Module.bsl	袘懈蟹薪械褋袩褉芯褑械褋褋褘	袟邪胁械褉褕械薪
Tasks	袟邪写邪褔邪	袟邪写邪褔邪袠褋锌芯谢薪懈褌械谢褟	Tasks/袟邪写邪褔邪袠褋锌芯谢薪懈褌械谢褟/Forms/袟邪写邪褔懈袩芯袩褉械写屑械褌褍/Ext/Form/Module.bsl	袘懈蟹薪械褋袩褉芯褑械褋褋褘	袧邪懈屑械薪芯胁邪薪懈械
Tasks	袟邪写邪褔邪	袟邪写邪褔邪袠褋锌芯谢薪懈褌械谢褟	Tasks/袟邪写邪褔邪袠褋锌芯谢薪懈褌械谢褟/Forms/袟邪写邪褔懈袩芯袩褉械写屑械褌褍/Ext/Form/Module.bsl	袘懈蟹薪械褋袩褉芯褑械褋褋褘	袩芯屑械褌泻邪校写邪谢械薪懈褟
Tasks	袟邪写邪褔邪	袟邪写邪褔邪袠褋锌芯谢薪懈褌械谢褟	Tasks/袟邪写邪褔邪袠褋锌芯谢薪懈褌械谢褟/Forms/袟邪写邪褔懈袩芯袩褉械写屑械褌褍/Ext/Form/Module.bsl	袘懈蟹薪械褋袩褉芯褑械褋褋褘	小芯褋褌芯褟薪懈械
Tasks	袟邪写邪褔邪	袟邪写邪褔邪袠褋锌芯谢薪懈褌械谢褟	Tasks/袟邪写邪褔邪袠褋锌芯谢薪懈褌械谢褟/Forms/袟邪写邪褔懈袩芯袩褉械写屑械褌褍/Ext/Form/Module.bsl	袘懈蟹薪械褋袩褉芯褑械褋褋褘	小褋褘谢泻邪
Tasks	袟邪写邪褔邪	袟邪写邪褔邪袠褋锌芯谢薪懈褌械谢褟	Tasks/袟邪写邪褔邪袠褋锌芯谢薪懈褌械谢褟/Forms/袟邪写邪褔懈袩芯袩褉械写屑械褌褍袘袩/Ext/Form/Module.bsl	袛芯泻褍屑械薪褌褘	袩褉芯褔械械袙蟹邪懈屑芯写械泄褋褌胁懈械
Tasks	袟邪写邪褔邪	袟邪写邪褔邪袠褋锌芯谢薪懈褌械谢褟	Tasks/袟邪写邪褔邪袠褋锌芯谢薪懈褌械谢褟/Forms/袟邪写邪褔懈袩芯袩褉械写屑械褌褍袘袩/Ext/Form/Module.bsl	袩械褉械褔懈褋谢械薪懈褟	小褌邪褌褍褋袟邪写邪褔懈
Tasks	袟邪写邪褔邪	袟邪写邪褔邪袠褋锌芯谢薪懈褌械谢褟	Tasks/袟邪写邪褔邪袠褋锌芯谢薪懈褌械谢褟/Forms/袦芯懈袟邪写邪褔懈袘袩/Ext/Form/Module.bsl	袛芯泻褍屑械薪褌褘	袩褉芯褔械械袙蟹邪懈屑芯写械泄褋褌胁懈械
Tasks	袟邪写邪褔邪	袟邪写邪褔邪袠褋锌芯谢薪懈褌械谢褟	Tasks/袟邪写邪褔邪袠褋锌芯谢薪懈褌械谢褟/Forms/袦芯懈袟邪写邪褔懈袘袩/Ext/Form/Module.bsl	袩械褉械褔懈褋谢械薪懈褟	小褌邪褌褍褋袟邪写邪褔懈
Tasks	袟邪写邪褔邪	袟邪写邪褔邪袠褋锌芯谢薪懈褌械谢褟	Tasks/袟邪写邪褔邪袠褋锌芯谢薪懈褌械谢褟/Forms/肖芯褉屑邪袟邪写邪褔懈/Ext/Form/Module.bsl	袟邪写邪褔懈	袟邪写邪褔邪袠褋锌芯谢薪懈褌械谢褟
Tasks	袟邪写邪褔邪	袟邪写邪褔邪袠褋锌芯谢薪懈褌械谢褟	Tasks/袟邪写邪褔邪袠褋锌芯谢薪懈褌械谢褟/Forms/肖芯褉屑邪袟邪写邪褔懈/Ext/Form/Module.bsl	袩械褉械褔懈褋谢械薪懈褟	袙邪褉懈邪薪褌褘袙邪卸薪芯褋褌懈袟邪写邪褔懈
Tasks	袟邪写邪褔邪	袟邪写邪褔邪袠褋锌芯谢薪懈褌械谢褟	Tasks/袟邪写邪褔邪袠褋锌芯谢薪懈褌械谢褟/Forms/肖芯褉屑邪袟邪写邪褔懈袘袩/Ext/Form/Module.bsl	袛芯泻褍屑械薪褌褘	袩褉芯褔械械袙蟹邪懈屑芯写械泄褋褌胁懈械
Tasks	袟邪写邪褔邪	袟邪写邪褔邪袠褋锌芯谢薪懈褌械谢褟	Tasks/袟邪写邪褔邪袠褋锌芯谢薪懈褌械谢褟/Forms/肖芯褉屑邪袟邪写邪褔懈袘袩/Ext/Form/Module.bsl	袩械褉械褔懈褋谢械薪懈褟	袙邪褉懈邪薪褌褘袙邪卸薪芯褋褌懈袟邪写邪褔懈
Tasks	袟邪写邪褔邪	袟邪写邪褔邪袠褋锌芯谢薪懈褌械谢褟	Tasks/袟邪写邪褔邪袠褋锌芯谢薪懈褌械谢褟/Forms/肖芯褉屑邪袟邪写邪褔懈袘袩/Ext/Form/Module.bsl	袩械褉械褔懈褋谢械薪懈褟	小锌芯褋芯斜褘校褋褌邪薪芯胁泻懈袙褉械屑械薪懈袧邪锌芯屑懈薪邪薪懈褟
Tasks	袟邪写邪褔邪	袟邪写邪褔邪袠褋锌芯谢薪懈褌械谢褟	Tasks/袟邪写邪褔邪袠褋锌芯谢薪懈褌械谢褟/Forms/肖芯褉屑邪袟邪写邪褔懈袘袩/Ext/Form/Module.bsl	袩械褉械褔懈褋谢械薪懈褟	小褌邪褌褍褋袟邪写邪褔懈
Tasks	袟邪写邪褔邪	袟邪写邪褔邪袠褋锌芯谢薪懈褌械谢褟	Tasks/袟邪写邪褔邪袠褋锌芯谢薪懈褌械谢褟/Forms/肖芯褉屑邪袟邪写邪褔懈袘袩/Ext/Form/Module.bsl	袪械谐懈褋褌褉褘小胁械写械薪懈泄	袧邪褋褌褉芯泄泻懈袨锌芯胁械褖械薪懈泄袩芯袟邪写邪褔邪屑
Tasks	袟邪写邪褔邪	袟邪写邪褔邪袠褋锌芯谢薪懈褌械谢褟	Tasks/袟邪写邪褔邪袠褋锌芯谢薪懈褌械谢褟/Forms/肖芯褉屑邪袟邪写邪褔懈袘袩/Ext/Form/Module.bsl	小锌褉邪胁芯褔薪懈泻懈	袩芯谢褜蟹芯胁邪褌械谢懈
Tasks	袟邪写邪褔邪	袟邪写邪褔邪袠褋锌芯谢薪懈褌械谢褟	Tasks/袟邪写邪褔邪袠褋锌芯谢薪懈褌械谢褟/Forms/肖芯褉屑邪小锌懈褋泻邪/Ext/Form/Module.bsl	袟邪写邪褔懈	袟邪写邪褔邪袠褋锌芯谢薪懈褌械谢褟
WebServices	Web小械褉胁懈褋	Exchange	WebServices/Exchange/Ext/Module.bsl	袩械褉械褔懈褋谢械薪懈褟	袙懈写褘孝褉邪薪褋锌芯褉褌邪小芯芯斜褖械薪懈泄袨斜屑械薪邪
WebServices	Web小械褉胁懈褋	Exchange_2_0_1_6	WebServices/Exchange_2_0_1_6/Ext/Module.bsl	袩械褉械褔懈褋谢械薪懈褟	袙懈写褘孝褉邪薪褋锌芯褉褌邪小芯芯斜褖械薪懈泄袨斜屑械薪邪
WebServices	Web小械褉胁懈褋	MobileAccounting	WebServices/MobileAccounting/Ext/Module.bsl	袪械谐懈褋褌褉褘小胁械写械薪懈泄	袟邪写邪褔懈袘褍褏谐邪谢褌械褉邪袧邪谢芯谐芯胁褘械袩谢邪褌械卸懈
WebServices	Web小械褉胁懈褋	MobileAccounting	WebServices/MobileAccounting/Ext/Module.bsl	袪械谐懈褋褌褉褘小胁械写械薪懈泄	袟邪写邪褔懈袘褍褏谐邪谢褌械褉邪校胁械写芯屑谢械薪懈褟
WebServices	Web小械褉胁懈褋	MobileAccounting	WebServices/MobileAccounting/Ext/Module.bsl	小锌褉邪胁芯褔薪懈泻懈	袩褉邪胁懈谢邪袩褉械写褋褌邪胁谢械薪懈褟袨褌褔械褌芯胁校锌谢邪褌褘袧邪谢芯谐芯胁
WebServices	Web小械褉胁懈褋	MobileEntrepreneur_1_0_2_1	WebServices/MobileEntrepreneur_1_0_2_1/Ext/Module.bsl	袛芯泻褍屑械薪褌褘	袗泻褌小胁械褉泻懈袙蟹邪懈屑芯褉邪褋褔械褌芯胁
WebServices	Web小械褉胁懈褋	MobileEntrepreneur_1_0_2_1	WebServices/MobileEntrepreneur_1_0_2_1/Ext/Module.bsl	袨褌褔械褌褘	袛芯褋褜械袣芯薪褌褉邪谐械薪褌邪
WebServices	Web小械褉胁懈褋	MobileEntrepreneur_1_0_2_1	WebServices/MobileEntrepreneur_1_0_2_1/Ext/Module.bsl	小锌褉邪胁芯褔薪懈泻懈	袣芯薪褌褉邪谐械薪褌褘
WebServices	Web小械褉胁懈褋	RemoteAdministrationOfExchange	WebServices/RemoteAdministrationOfExchange/Ext/Module.bsl	袩械褉械褔懈褋谢械薪懈褟	袙懈写褘孝褉邪薪褋锌芯褉褌邪小芯芯斜褖械薪懈泄袨斜屑械薪邪
WebServices	Web小械褉胁懈褋	RemoteAdministrationOfExchange_2_0_1_6	WebServices/RemoteAdministrationOfExchange_2_0_1_6/Ext/Module.bsl	袩械褉械褔懈褋谢械薪懈褟	袙懈写褘孝褉邪薪褋锌芯褉褌邪小芯芯斜褖械薪懈泄袨斜屑械薪邪
WebServices	Web小械褉胁懈褋	RemoteAdministrationOfExchange_2_1_6_1	WebServices/RemoteAdministrationOfExchange_2_1_6_1/Ext/Module.bsl	袩械褉械褔懈褋谢械薪懈褟	袙懈写褘孝褉邪薪褋锌芯褉褌邪小芯芯斜褖械薪懈泄袨斜屑械薪邪
WebServices	Web小械褉胁懈褋	RemoteAdministrationOfExchange_2_4_5_1	WebServices/RemoteAdministrationOfExchange_2_4_5_1/Ext/Module.bsl	袩械褉械褔懈褋谢械薪懈褟	袙懈写褘孝褉邪薪褋锌芯褉褌邪小芯芯斜褖械薪懈泄袨斜屑械薪邪
